Workbook

Sheet Targets Daily 2025
A1: Total PCS Generation (GWh) | B1: Total Meter Generation (GWh)
A2: =SUM(D:D)/1000 -> #REF! | B2: =SUM(E:E)/1000 -> #REF!
A3: Contractual Target (Lower) (GWh) | B3: Contractual Target (GWh)
A4: =B4/100*90 -> 68.5152 | B4: 76.128
A5: Lower Bound Pct Completion | B5: Contractual Target Pct Completion
A6: =B2/A4 -> #REF! | B6: =B2/B4 -> #REF!
A7: Shortfall to Contractual Lower (GWh) | B7: Shortfall to Contractual Target (GWh)
A8: =$A$4-$B$2 -> #REF! | B8: =$B$4-$B$2 -> #REF!
A9: Current Year | B9: Remaining Days in Year
A10: 2025 | B10: =DATEVALUE(_xlfn.CONCAT("31-Dec-",A10))-MAX(C:C) -> -981
A11: % on track Lower | B11: % on track Upper
A12: =(($B$2/(366-$B$10)) / ($A$8/$B$10))-1 -> #REF!
A13: Average Daily MWh to LowerBound | B13: Average Daily MWh to Contractual Target
A14: =A8*1000/B10 -> #REF! | B14: =B8*1000/B10 -> #REF!
C17: Date | D17: PCS Generation (MWh) | E17: Meter Generation (MWh)
C18: ='Summary (PV)'!A1290 -> 46914 | D18: =#REF!/1000 -> #REF! | E18: ='Summary (PV)'!#REF!/1000 -> #REF!
C19: ='Summary (PV)'!A1291 -> 46915 | D19: =#REF!/1000 -> #REF! | E19: ='Summary (PV)'!#REF!/1000 -> #REF!
C20: ='Summary (PV)'!A1292 -> 46916 | D20: =#REF!/1000 -> #REF! | E20: ='Summary (PV)'!#REF!/1000 -> #REF!
C21: ='Summary (PV)'!A1293 -> 46917 | D21: =#REF!/1000 -> #REF! | E21: ='Summary (PV)'!#REF!/1000 -> #REF!
C22: ='Summary (PV)'!A1294 -> 46918 | D22: =#REF!/1000 -> #REF! | E22: ='Summary (PV)'!#REF!/1000 -> #REF!
C23: ='Summary (PV)'!A1295 -> 46919 | D23: =#REF!/1000 -> #REF! | E23: ='Summary (PV)'!#REF!/1000 -> #REF!
C24: ='Summary (PV)'!A1296 -> 46920 | D24: =#REF!/1000 -> #REF! | E24: ='Summary (PV)'!#REF!/1000 -> #REF!
C25: ='Summary (PV)'!A1297 -> 46921 | D25: =#REF!/1000 -> #REF! | E25: ='Summary (PV)'!#REF!/1000 -> #REF!
C26: ='Summary (PV)'!A1298 -> 46922 | D26: =#REF!/1000 -> #REF! | E26: ='Summary (PV)'!#REF!/1000 -> #REF!
C27: ='Summary (PV)'!A1299 -> 46923 | D27: =#REF!/1000 -> #REF! | E27: ='Summary (PV)'!#REF!/1000 -> #REF!
C28: ='Summary (PV)'!A1300 -> 46924 | D28: =#REF!/1000 -> #REF! | E28: ='Summary (PV)'!#REF!/1000 -> #REF!
C29: ='Summary (PV)'!A1301 -> 46925 | D29: =#REF!/1000 -> #REF! | E29: ='Summary (PV)'!#REF!/1000 -> #REF!
... C107: ='Summary (PV)'!A1379 -> 47003 | D107: =#REF!/1000 -> #REF! | E107: ='Summary (PV)'!#REF!/1000 -> #REF!

Sheet Detail1
A1: Details for Sum of Average GHI - Months (Date): Jun, Years (Date): 2025
A3: Date | B3: Energy (kWh) | C3: GHI | D3: SY | E3: PR | F3: Availability | G3: OG1 | H3: OG2 | I3: OG3 | J3: OG4 | K3: OG5 | L3: Total Meter Generation (kWh) | M3: PAE Energy (kWh) | N3: Curtailed Energy (kWh) | O3: Corrected Meter Generation (kWh) | P3: STS1 | Q3: STS2 | R3: STS3 | S3: STS4 | T3: STS5 | U3: STS6 | V3: STS7 | W3: STS8 | X3: STS9 | Y3: STS10 | Z3: Total STS Generation (kWh) | AA3: Corrected STS Generation (kWh) | AB3: STS12 | AC3: STS22 | AD3: STS32 | AE3: STS42 | AF3: STS52 | AG3: STS62 | AH3: STS72 | AI3: STS82 | AJ3: STS92 | AK3: STS102 | AL3: MTR-STS Ratio (Mtr/Inv) | AM3: Daily Specific Yield | AN3: WS01 | AO3: WS02 | AP3: WS03 | AQ3: WS04 | AR3: WS05 | AS3: Average GHI | AT3: Plant Performance Ratio (PR) | AU3: Corrected Plant PR | AV3: System Availability (%) | AW3: PV Capacity (kWp) | AX3: AC Capacity | AY3: Special remarks (any event happened causing low Performance?)
A4: 45838 | B4: 236808 | C4: 4.14 | D4: 3.393558 | E4: 0.8197 | F4: 0.99 | G4: 42671 | H4: 42681 | I4: 0 | J4: 46974 | K4: 42738 | L4: 175064 | M4: 158399.33 | N4: 0 | O4: 175064 | P4: 13140 | Q4: 13110 | R4: 11550 | S4: 14230 | T4: 14880 | U4: 15380 | V4: 12910 | W4: 13040 | X4: 14760 | Y4: 13390 | Z4: 136390 | AA4: 136390 | AB4: 0.9782 | AC4: 0.9762 | AD4: 0.9674 | AE4: 0.9385 | AF4: 0.9815 | AG4: 1.0016 | AH4: 0.9702 | AI4: 0.9803 | AJ4: 0.961 | AK4: 1 | AL4: 0.77908651 | AM4: 2.4484476 | AN4: 1.92 | AO4: 1.99 | AP4: 2.03 | AQ4: 1.99 | AS4: 1.9825 | AT4: 0.9761 | AU4: 1.2350303 | AV4: 1 | AW4: 71500 | AX4: 56992 | AY4: - The measurement at Weather Station 5 (STS-2) is not normal. - Power limitation on Busbar 1 (STS1-STS5) due to considerations of the feeder line capacity.
A5: 45837 | B5: 236808 | C5: 4.14 | D5: 3.393558 | E5: 0.8197 | F5: 0.99 | G5: 55263 | H5: 55091 | I5: 0 | J5: 61985 | K5: 56054 | L5: 228393 | M5: 256854.83 | N5: 28461.83 | O5: 256854.83 | P5: 25580 | Q5: 25320 | R5: 21970 | S5: 26670 | T5: 27760 | U5: 30830 | V5: 25930 | W5: 25980 | X5: 29550 | Y5: 26260 | Z5: 265850 | AA5: 294311.83 | AB5: 0.7994 | AC5: 0.7913 | AD5: 0.7725 | AE5: 0.7383 | AF5: 0.775 | AG5: 0.8342 | AH5: 0.8098 | AI5: 0.8114 | AJ5: 0.7994 | AK5: 0.8201 | AL5: 1.1640024 | AM5: 3.5923752 | AN5: 4.62 | AO5: 4.7 | AP5: 4.98 | AQ5: 4.74 | AS5: 4.76 | AT5: 0.7951 | AU5: 0.75470068 | AV5: 1 | AW5: 71500 | AX5: 56992 | AY5: - The measurement at Weather Station 5 (STS-2) is not normal. - Power limitation on Busbar 1 (STS1-STS5) due to considerations of the feeder line capacity.
A6: 45836 | B6: 236808 | C6: 4.14 | D6: 3.393558 | E6: 0.8197 | F6: 0.99 | G6: 61685 | H6: 61577 | I6: 0 | J6: 70367 | K6: 63559 | L6: 257188 | M6: 264190.67 | N6: 7002.67 | O6: 264190.67 | P6: 23170 | Q6: 22560 | R6: 20130 | S6: 24230 | T6: 25970 | U6: 27970 | V6: 24220 | W6: 24080 | X6: 28040 | Y6: 24880 | Z6: 245250 | AA6: 252252.67 | AB6: 0.8669 | AC6: 0.8439 | AD6: 0.8472 | AE6: 0.8031 | AF6: 0.8352 | AG6: 0.8675 | AH6: 0.8673 | AI6: 0.8622 | AJ6: 0.8696 | AK6: 0.8908 | AL6: 0.95358259 | AM6: 3.6949744 | AN6: 4.03 | AO6: 4.08 | AP6: 4.23 | AQ6: 3.96 | AS6: 4.075 | AT6: 0.8554 | AU6: 0.90674219 | AV6: 1 | AW6: 71500 | AX6: 56992 | AY6: - The measurement at Weather Station 5 (STS-2) is not normal. - Power limitation on Busbar 1 (STS1-STS5) due to considerations of the feeder line capacity.
A7: 45835 | B7: 236808 | C7: 4.14 | D7: 3.393558 | E7: 0.8197 | F7: 0.99 | G7: 72264 | H7: 72018 | I7: 0 | J7: 81406 | K7: 74203 | L7: 299891 | M7: 309808.5 | N7: 9917.5 | O7: 309808.5 | P7: 30360 | Q7: 29860 | R7: 26020 | S7: 31740 | T7: 32320 | U7: 35630 | V7: 30200 | W7: 29930 | X7: 33560 | Y7: 30300 | Z7: 309920 | AA7: 319837.5 | AB7: 0.8282 | AC7: 0.8147 | AD7: 0.7988 | AE7: 0.767 | AF7: 0.8002 | AG7: 0.8681 | AH7: 0.8495 | AI7: 0.8419 | AJ7: 0.8177 | AK7: 0.8523 | AL7: 1.0334422 | AM7: 4.332986 | AN7: 5.13 | AO7: 5.3 | AP7: 5.59 | AQ7: 5.43 | AS7: 5.3625 | AT7: 0.8238 | AU7: 0.80801604 | AV7: 1 | AW7: 71500 | AX7: 56992 | AY7: - The measurement at Weather Station 5 (STS-2) is not normal. - Power limitation on Busbar 1 (STS1-STS5) due to considerations of the feeder line capacity.
A8: 45834 | B8: 236808 | C8: 4.14 | D8: 3.393558 | E8: 0.8197 | F8: 0.99 | G8: 75976 | H8: 75877 | I8: 0 | J8: 83405 | K8: 76258 | L8: 311516 | M8: 300419.17 | N8: 0 | O8: 311516 | P8: 28600 | Q8: 28630 | R8: 25350 | S8: 31190 | T8: 32410 | U8: 34260 | V8: 29430 | W8: 28780 | X8: 31540 | Y8: 29660 | Z8: 299850 | AA8: 299850 | AB8: 0.89 | AC8: 0.89 | AD8: 0.89 | AE8: 0.86 | AF8: 0.88 | AG8: 0.93 | AH8: 0.92 | AI8: 0.9 | AJ8: 0.85 | AK8: 0.92 | AL8: 0.96255088 | AM8: 4.3568671 | AN8: 4.61 | AO8: 4.83 | AP8: 4.93 | AQ8: 4.73 | AS8: 4.775 | AT8: 0.89 | AU8: 0.91243291 | AV8: 1 | AW8: 71500 | AX8: 56992 | AY8: -The measurement at Weather Station 3 (STS-6) and 5 (STS-2) is not normal. - Power limitation on Busbar 1 (STS1-STS5) due to considerations of the feeder line capacity. - Power limitation on Busbar 2 (STS6-STS10) due to considerations of the feeder line capacity. - The PR calculation for STS 1 & STS 2 is done manually because WS 5 is still under repair (since 1 June 2025)
A9: 45833 | B9: 236808 | C9: 4.14 | D9: 3.393558 | E9: 0.8197 | F9: 0.99 | G9: 73676 | H9: 11475 | I9: 27997.5 | J9: 59929.5 | K9: 54202 | L9: 227280 | M9: 277065.83 | N9: 49785.83 | O9: 277065.83 | P9: 17110 | Q9: 16870 | R9: 15370 | S9: 19210 | T9: 19610 | U9: 34920 | V9: 29440 | W9: 29820 | X9: 35330 | Y9: 30170 | Z9: 247850 | AA9: 297635.83 | AB9: 0.51 | AC9: 0.5 | AD9: 0.52 | AE9: 0.51 | AF9: 0.52 | AG9: 0.89 | AH9: 0.87 | AI9: 0.88 | AJ9: 0.9 | AK9: 0.89 | AL9: 1.0905051 | AM9: 3.8750466 | AN9: 4.91 | AO9: 4.98 | AQ9: 4.97 | AS9: 4.9533333 | AT9: 0.6969 | AU9: 0.78231088 | AV9: 1 | AW9: 71500 | AX9: 56992 | AY9: - The measurement at Weather Station 3 (STS-6) and 5 (STS-2) is not normal. -The PR calculation for STS 6 & STS 8 is done manually because WS 3 is still under repair (since 15 March 2025) -The PR calculation for STS 1 & STS 2 is done manually because WS 5 is still under repair (since 1 June 2025) -Power limitation on Busbar 1 (STS1-STS5) due to considerations of the feeder line capacity. Busbar 1 just operate 1 20 kV coupler (OG.1) sts1 and sts2 are set with maximum performance for their output power and do not affect the setpoint for busbar 1 which remains at 22 MW. -Power limitation on Busbar 2 due to considerations of the feeder line capacity. Busbar 2 just operate 2 20 kV coupler (OG.4 & OG.5)
A10: 45832 | B10: 236808 | C10: 4.14 | D10: 3.393558 | E10: 0.8197 | F10: 0.99 | G10: 86021 | H10: 0 | I10: 34732.5 | J10: 41672.5 | K10: 37502 | L10: 199928 | M10: 201664.17 | N10: 1736.17 | O10: 201664.17 | P10: 14650 | Q10: 14550 | R10: 13220 | S10: 16350 | T10: 16960 | U10: 19660 | V10: 16830 | W10: 16780 | X10: 19120 | Y10: 17480 | Z10: 165600 | AA10: 167336.17 | AB10: 0.85 | AC10: 0.84 | AD10: 0.86 | AE10: 0.84 | AF10: 0.86 | AG10: 0.96 | AH10: 0.95 | AI10: 0.94 | AJ10: 0.93 | AK10: 0.98 | AL10: 0.82829819 | AM10: 2.8204779 | AN10: 2.57 | AO10: 2.6 | AQ10: 2.56 | AS10: 2.5766667 | AT10: 0.9 | AU10: 1.0946227 | AV10: 1 | AW10: 71500 | AX10: 56992 | AY10: - The measurement at Weather Station 3 (STS-6) and 5 (STS-2) is not normal. -The PR calculation for STS 6 & STS 8 is done manually because WS 3 is still under repair (since 15 March 2025) -The PR calculation for STS 1 & STS 2 is done manually because WS 5 is still under repair (since 1 June 2025) -Power limitation on Busbar 1 (STS1-STS5) due to considerations of the feeder line capacity. Busbar 1 just operate 1 20 kV coupler (OG.1) sts1 and sts2 are set with maximum performance for their output power and do not affect the setpoint for busbar 1 which remains at 22 MW.
A11: 45831 | B11: 236808 | C11: 4.14 | D11: 3.393558 | E11: 0.8197 | F11: 0.99 | G11: 54538 | H11: 40217 | I11: 40217 | J11: 36841 | K11: 38491 | L11: 210304 | M11: 212586.17 | N11: 2282.17 | O11: 212586.17 | P11: 24880 | Q11: 23970 | R11: 20630 | S11: 24470 | T11: 26540 | U11: 30980 | V11: 25490 | W11: 26520 | X11: 30220 | Y11: 27080 | Z11: 260780 | AA11: 263062.17 | AB11: 0.84 | AC11: 0.81 | AD11: 0.78 | AE11: 0.73 | AF11: 0.8 | AG11: 0.94 | AH11: 0.89 | AI11: 0.93 | AJ11: 0.91 | AK11: 0.95 | AL11: 1.2400145 | AM11: 2.9732331 | AN11: 4.13 | AO11: 4.34 | AQ11: 4.39 | AS11: 4.2866667 | AT11: 0.8582 | AU11: 0.69360027 | AV11: 1 | AW11: 71500 | AX11: 56992 | AY11: - The measurement at Weather Station 3 (STS-6) and 5 (STS-2) is not normal. -The PR calculation for STS 6 & STS 8 is done manually because WS 3 is still under repair (since 15 March 2025) -The PR calculation for STS 1 & STS 2 is done manually because WS 5 is still under repair (since 1 June 2025) -Power limitation on Busbar 1 (STS1-STS5) due to considerations of the feeder line capacity. Busbar 1 just operate 1 20 kV coupler (OG.1) sts1 and sts2 are set with maximum performance for their output power and do not affect the setpoint for busbar 1 which remains at 22 MW.
A12: 45830 | B12: 236808 | C12: 4.14 | D12: 3.393558 | E12: 0.8197 | F12: 0.99 | G12: 69586 | H12: 69490 | I12: 50931 | J12: 54771.5 | K12: 49372 | L12: 294150.5 | M12: 281081.5 | N12: 0 | O12: 294150.5 | P12: 23960 | Q12: 23860 | R12: 20880 | S12: 25650 | T12: 26740 | U12: 28590 | V12: 24720 | W12: 24110 | X12: 27050 | Y12: 25010 | Z12: 250570 | AA12: 250570 | AB12: 0.9 | AC12: 0.9 | AD12: 0.89 | AE12: 0.86 | AF12: 0.88 | AG12: 0.93 | AH12: 0.93 | AI12: 0.91 | AJ12: 0.88 | AK12: 0.94 | AL12: 0.85184285 | AM12: 4.113993 | AN12: 3.84 | AO12: 3.97 | AQ12: 3.93 | AS12: 3.9133333 | AT12: 0.9014 | AU12: 1.0512759 | AV12: 1 | AW12: 71500 | AX12: 56992 | AY12: - The measurement at Weather Station 3 (STS-6) and 5 (STS-2) is not normal. -The PR calculation for STS 6 & STS 8 is done manually because WS 3 is still under repair (since 15 March 2025) -The PR calculation for STS 1 & STS 2 is done manually because WS 5 is still under repair (since 1 June 2025) -sts1 and sts2 are set with maximum performance for their output power and do not affect the setpoint for busbar 1 which remains at 22 MW.
A13: 45829 | B13: 236808 | C13: 4.14 | D13: 3.393558 | E13: 0.8197 | F13: 0.99 | G13: 62249.5 | H13: 62073 | I13: 45598.5 | J13: 50191 | K13: 45519 | L13: 265631 | M13: 256677.83 | N13: 0 | O13: 265631 | P13: 28500 | Q13: 28420 | R13: 24570 | S13: 30100 | T13: 31490 | U13: 34890 | V13: 29520 | W13: 29420 | X13: 33750 | Y13: 30960 | Z13: 301620 | AA13: 301620 | AB13: 0.88 | AC13: 0.87 | AD13: 0.85 | AE13: 0.82 | AF13: 0.87 | AG13: 0.93 | AH13: 0.91 | AI13: 0.9 | AJ13: 0.9 | AK13: 0.95 | AL13: 1.1354849 | AM13: 3.7151189 | AN13: 4.7 | AO13: 4.77 | AQ13: 4.82 | AS13: 4.7633333 | AT13: 0.8871 | AU13: 0.77994098 | AV13: 1 | AW13: 71500 | AX13: 56992 | AY13: - The measurement at Weather Station 3 (STS-6) and 5 (STS-2) is not normal. -The PR calculation for STS 6 & STS 8 is done manually because WS 3 is still under repair (since 15 March 2025) -The PR calculation for STS 1 & STS 2 is done manually because WS 5 is still under repair (since 1 June 2025) -sts1 and sts2 are set with maximum performance for their output power and do not affect the setpoint for busbar 1 which remains at 22 MW.
A14: 45828 | B14: 236808 | C14: 4.14 | D14: 3.393558 | E14: 0.8197 | F14: 0.99 | G14: 56417 | H14: 56360 | I14: 39968.5 | J14: 44774 | K14: 40778 | L14: 238297.5 | M14: 218482.5 | N14: 0 | O14: 238297.5 | P14: 17480 | Q14: 17350 | R14: 15360 | S14: 18790 | T14: 19980 | U14: 20650 | V14: 17460 | W14: 17460 | X14: 19770 | Y14: 18030 | Z14: 182330 | AA14: 182330 | AB14: 0.95 | AC14: 0.94 | AD14: 0.93 | AE14: 0.9 | AF14: 0.96 | AG14: 0.97 | AH14: 0.94 | AI14: 0.94 | AJ14: 0.93 | AK14: 0.97 | AL14: 0.76513602 | AM14: 3.3328322 | AN14: 2.67 | AO14: 2.74 | AQ14: 2.74 | AS14: 2.7166667 | AT14: 0.9428 | AU14: 1.2268094 | AV14: 1 | AW14: 71500 | AX14: 56992 | AY14: - The measurement at Weather Station 3 (STS-6) and 5 (STS-2) is not normal. -The PR calculation for STS 6 & STS 8 is done manually because WS 3 is still under repair (since 15 March 2025) -The PR calculation for STS 1 & STS 2 is done manually because WS 5 is still under repair (since 1 June 2025) -sts1 and sts2 are set with maximum performance for their output power and do not affect the setpoint for busbar 1 which remains at 22 MW.
A15: 45827 | B15: 236808 | C15: 4.14 | D15: 3.393558 | E15: 0.8197 | F15: 0.99 | G15: 32619.78 | H15: 32624.04 | I15: 20927.5 | J15: 27328.5 | K15: 25555.56 | L15: 139055.38 | M15: 121976.67 | N15: 0 | O15: 139055.38 | P15: 11570 | Q15: 11570 | R15: 10240 | S15: 12670 | T15: 13340 | U15: 13170 | V15: 11760 | W15: 11550 | X15: 12680 | Y15: 11970 | Z15: 120520 | AA15: 120520 | AB15: 0.9316 | AC15: 0.9316 | AD15: 0.9276 | AE15: 0.9036 | AF15: 0.9511 | AG15: 0.9405 | AH15: 0.9698 | AI15: 0.9521 | AJ15: 0.9055 | AK15: 0.9866 | AL15: 0.86670505 | AM15: 1.9448305 | AN15: 1.75 | AO15: 1.84 | AQ15: 1.84 | AS15: 1.81 | AT15: 0.94 | AU15: 1.074492 | AV15: 1 | AW15: 71500 | AX15: 56992 | AY15: - The measurement at Weather Station 3 (STS-6) and 5 (STS-2) is not normal. -The PR calculation for STS 6 & STS 8 is done manually because WS 3 is still under repair (since 15 March 2025) -The PR calculation for STS 1 & STS 2 is done manually because WS 5 is still under repair (since 1 June 2025) -sts1 and sts2 are set with maximum performance for their output power and do not affect the setpoint for busbar 1 which remains at 22 MW.
A16: 45826 | B16: 236808 | C16: 4.14 | D16: 3.393558 | E16: 0.8197 | F16: 0.99 | G16: 20925.76 | H16: 57968.51 | I16: 38990.47 | J16: 43894.5 | K16: 39858.09 | L16: 201637.33 | M16: 236668 | N16: 35030.67 | O16: 236668 | P16: 17510 | Q16: 18310 | R16: 16270 | S16: 20140 | T16: 20940 | U16: 30650 | V16: 27230 | W16: 25760 | X16: 28840 | Y16: 26400 | Z16: 232050 | AA16: 267080.67 | AB16: 0.6147 | AC16: 0.6429 | AD16: 0.6427 | AE16: 0.6263 | AF16: 0.6121 | AG16: 0.9035 | AH16: 0.9265 | AI16: 0.8767 | AJ16: 0.8501 | AK16: 0.8984 | AL16: 1.1508286 | AM16: 3.310042 | AN16: 4.24 | AO16: 4.49 | AQ16: 4.22 | AS16: 4.3166667 | AT16: 0.7594 | AU16: 0.76680509 | AV16: 1 | AW16: 71500 | AX16: 56992 | AY16: - The measurement at Weather Station 3 (STS-6) and 5 (STS-2) is not normal. -The PR calculation for STS 6 & STS 8 is done manually because WS 3 is still under repair (since 15 March 2025) -The PR calculation for STS 1 & STS 2 is done manually because WS 5 is still under repair (since 1 June 2025) -Power limitation on Busbar 1 (STS1-STS5) due to considerations of the feeder line capacity. Busbar 1 just operate 1 20 kV coupler (OG.2) sts1 and sts2 are set with maximum performance for their output power and do not affect the setpoint for busbar 1 which remains at 22 MW. - External Outage at OG.1, Trip Earth Fault at OG.1 and GSK.3 due to disturbances at GSK.3 20 kV network distribution
A17: 45825 | B17: 236808 | C17: 4.14 | D17: 3.393558 | E17: 0.8197 | F17: 0.99 | G17: 0 | H17: 72100.39 | I17: 40733.36 | J17: 47085.5 | K17: 41366.03 | L17: 201285.28 | M17: 231263 | N17: 29977.72 | O17: 231263 | P17: 14660 | Q17: 14620 | R17: 13260 | S17: 16660 | T17: 16880 | U17: 30310 | V17: 25970 | W17: 26560 | X17: 29970 | Y17: 27950 | Z17: 216840 | AA17: 246817.72 | AB17: 0.5005 | AC17: 0.4989 | AD17: 0.5091 | AE17: 0.5037 | AF17: 0.5034 | AG17: 0.8812 | AH17: 0.8714 | AI17: 0.8912 | AJ17: 0.8711 | AK17: 0.938 | AL17: 1.077277 | AM17: 3.2344476 | AN17: 4.3 | AO17: 4.4 | AQ17: 4.34 | AS17: 4.3466667 | AT17: 0.6968 | AU17: 0.74412137 | AV17: 1 | AW17: 71500 | AX17: 56992 | AY17: - The measurement at Weather Station 3 (STS-6) and 5 (STS-2) is not normal. -The PR calculation for STS 6 & STS 8 is done manually because WS 3 is still under repair (since 15 March 2025) -The PR calculation for STS 1 & STS 2 is done manually because WS 5 is still under repair (since 1 June 2025) -Power limitation on Busbar 1 (STS1-STS5) due to considerations of the feeder line capacity. Busbar 1 just operate 1 20 kV coupler (OG.2) sts1 and sts2 are set with maximum performance for their output power and do not affect the setpoint for busbar 1 which remains at 22 MW. - External Outage at OG.1, Trip Earth Fault at OG.1 and GSK.3 due to disturbances at GSK.3 20 kV network distribution
A18: 45824 | B18: 236808 | C18: 4.14 | D18: 3.393558 | E18: 0.8197 | F18: 0.99 | G18: 0 | H18: 72780.54 | I18: 40781.75 | J18: 46534 | K18: 41946.55 | L18: 202042.84 | M18: 231811 | N18: 29768.16 | O18: 231811 | P18: 16060 | Q18: 15830 | R18: 14190 | S18: 17510 | T18: 18010 | U18: 25850 | V18: 23620 | W18: 24440 | X18: 28110 | Y18: 25080 | Z18: 208700 | AA18: 238468.16 | AB18: 0.5875 | AC18: 0.5791 | AD18: 0.5838 | AE18: 0.5675 | AF18: 0.5939 | AG18: 0.8327 | AH18: 0.8783 | AI18: 0.9091 | AJ18: 0.9056 | AK18: 0.9329 | AL18: 1.0329492 | AM18: 3.2421119 | AN18: 3.88 | AO18: 3.98 | AQ18: 4.05 | AS18: 3.97 | AT18: 0.737 | AU18: 0.81665287 | AV18: 1 | AW18: 71500 | AX18: 56992 | AY18: - The measurement at Weather Station 3 (STS-6) and 5 (STS-2) is not normal. -The PR calculation for STS 6 & STS 8 is done manually because WS 3 is still under repair (since 15 March 2025) -The PR calculation for STS 1 & STS 2 is done manually because WS 5 is still under repair (since 1 June 2025) -Power limitation on Busbar 1 (STS1-STS5) due to considerations of the feeder line capacity. Busbar 1 just operate 1 20 kV coupler (OG.2) sts1 and sts2 are set with maximum performance for their output power and do not affect the setpoint for busbar 1 which remains at 22 MW. - External Outage at OG.1, Trip Earth Fault at OG.1 and GSK.3 due to disturbances at GSK.3 20 kV network distribution
A19: 45823 | B19: 236808 | C19: 4.14 | D19: 3.393558 | E19: 0.8197 | F19: 0.99 | G19: 14364.66 | H19: 84765.77 | I19: 56930.26 | J19: 60042 | K19: 53586.66 | L19: 269689.35 | M19: 332228.83 | N19: 62539.48 | O19: 332228.83 | P19: 18600 | Q19: 18420 | R19: 16570 | S19: 20380 | T19: 21170 | U19: 29860 | V19: 29010 | W19: 30720 | X19: 35060 | Y19: 32380 | Z19: 252170 | AA19: 314709.48 | AB19: 0.5413 | AC19: 0.536 | AD19: 0.5425 | AE19: 0.5256 | AF19: 0.5438 | AG19: 0.7263 | AH19: 0.8145 | AI19: 0.8625 | AJ19: 0.8526 | AK19: 0.9091 | AL19: 0.93503878 | AM19: 4.6465571 | AN19: 5.14 | AO19: 5.11 | AQ19: 5.09 | AS19: 5.1133333 | AT19: 0.6854 | AU19: 0.9087139 | AV19: 0.997 | AW19: 71500 | AX19: 56992 | AY19: - The measurement at Weather Station 3 (STS-6) and 5 (STS-2) is not normal. -The PR calculation for STS 6 & STS 8 is done manually because WS 3 is still under repair (since 15 March 2025) -The PR calculation for STS 1 & STS 2 is done manually because WS 5 is still under repair (since 1 June 2025) -Power limitation on Busbar 1 (STS1-STS5) due to considerations of the feeder line capacity. Busbar 1 just operate 1 20 kV coupler (OG.2) sts1 and sts2 are set with maximum performance for their output power and do not affect the setpoint for busbar 1 which remains at 22 MW. - External Outage at OG.1, Trip Earth Fault at OG.1 and GSK.3 due to disturbances at GSK.3 20 kV network distribution
A20: 45822 | B20: 236808 | C20: 4.14 | D20: 3.393558 | E20: 0.8197 | F20: 0.99 | G20: 33127.69 | H20: 33155.04 | I20: 23352.12 | J20: 24656.5 | K20: 26573.4 | L20: 140864.75 | M20: 123842 | N20: 0 | O20: 140864.75 | P20: 13840 | Q20: 13770 | R20: 11990 | S20: 14610 | T20: 15440 | U20: 17080 | V20: 13480 | W20: 14400 | X20: 15660 | Y20: 14690 | Z20: 144960 | AA20: 144960 | AB20: 0.9072 | AC20: 0.9027 | AD20: 0.8841 | AE20: 0.8483 | AF20: 0.8732 | AG20: 0.9531 | AH20: 0.8682 | AI20: 0.9273 | AJ20: 0.8739 | AK20: 0.9461 | AL20: 1.0290722 | AM20: 1.9701364 | AN20: 2.24 | AO20: 2.32 | AQ20: 2.26 | AS20: 2.2733333 | AT20: 0.8984 | AU20: 0.8666289 | AV20: 0.997 | AW20: 71500 | AX20: 56992 | AY20: - The measurement at Weather Station 3 (STS-6) and 5 (STS-2) is not normal. -The PR calculation for STS 6 & STS 8 is done manually because WS 3 is still under repair (since 15 March 2025) -The PR calculation for STS 1 & STS 2 is done manually because WS 5 is still under repair (since 1 June 2025) -Power limitation on Busbar 1 (STS1-STS5) due to considerations of the feeder line capacity. sts1 and sts2 are set with maximum performance for their output power and do not affect the setpoint for busbar 1 which remains at 22 MW.
... A33: 45809 | B33: 236808 | C33: 4.14 | D33: 3.393558 | E33: 0.8197 | F33: 0.99 | G33: 39013.38 | H33: 38964.09 | I33: 26556.08 | J33: 31273.58 | K33: 24358 | L33: 160165.13 | M33: 141126.67 | N33: 0 | O33: 160165.13 | P33: 12280 | Q33: 12980 | R33: 11600 | S33: 14180 | T33: 14950 | U33: 14570 | V33: 12030 | W33: 12780 | X33: 14250 | Y33: 13110 | Z33: 132730 | AA33: 132730 | AB33: 0.9008 | AC33: 0.9518 | AD33: 0.9568 | AE33: 0.921 | AF33: 0.981 | AG33: 0.9439 | AH33: 0.8996 | AI33: 0.9557 | AJ33: 0.9232 | AK33: 0.9804 | AL33: 0.82870722 | AM33: 2.2400717 | AN33: 1.93 | AO33: 2 | AQ33: 2.02 | AS33: 1.9833333 | AT33: 0.9414 | AU33: 1.1294479 | AV33: 0.995 | AW33: 71500 | AX33: 56992 | AY33: - The measurement at Weather Station 3 (STS-6) and 5 (STS-2) is not normal. -The PR calculation for STS 6 & STS 8 is done manually because WS 3 is still under repair (since 15 March 2025) -The PR calculation for STS 1 & STS 2 is done manually because WS 5 is still under repair (since 1 June 2025) -Power limitation on Busbar 1 (STS1-STS5) due to considerations of the feeder line capacity. sts1 and sts2 are set with maximum performance for their output power and do not affect the setpoint for busbar 1 which remains at 22 MW.

Sheet Detail2
A1: Details for Sum of Total STS Generation (kWh) - Months (Date): Jun, Years (Date): 2025
A3: Date | B3: Energy (kWh) | C3: GHI | D3: SY | E3: PR | F3: Availability | G3: OG1 | H3: OG2 | I3: OG3 | J3: OG4 | K3: OG5 | L3: Total Meter Generation (kWh) | M3: PAE Energy (kWh) | N3: Curtailed Energy (kWh) | O3: Corrected Meter Generation (kWh) | P3: STS1 | Q3: STS2 | R3: STS3 | S3: STS4 | T3: STS5 | U3: STS6 | V3: STS7 | W3: STS8 | X3: STS9 | Y3: STS10 | Z3: Total STS Generation (kWh) | AA3: Corrected STS Generation (kWh) | AB3: STS12 | AC3: STS22 | AD3: STS32 | AE3: STS42 | AF3: STS52 | AG3: STS62 | AH3: STS72 | AI3: STS82 | AJ3: STS92 | AK3: STS102 | AL3: MTR-STS Ratio (Mtr/Inv) | AM3: Daily Specific Yield | AN3: WS01 | AO3: WS02 | AP3: WS03 | AQ3: WS04 | AR3: WS05 | AS3: Average GHI | AT3: Plant Performance Ratio (PR) | AU3: Corrected Plant PR | AV3: System Availability (%) | AW3: PV Capacity (kWp) | AX3: AC Capacity | AY3: Special remarks (any event happened causing low Performance?)
A4: 45838 | B4: 236808 | C4: 4.14 | D4: 3.393558 | E4: 0.8197 | F4: 0.99 | G4: 42671 | H4: 42681 | I4: 0 | J4: 46974 | K4: 42738 | L4: 175064 | M4: 158399.33 | N4: 0 | O4: 175064 | P4: 13140 | Q4: 13110 | R4: 11550 | S4: 14230 | T4: 14880 | U4: 15380 | V4: 12910 | W4: 13040 | X4: 14760 | Y4: 13390 | Z4: 136390 | AA4: 136390 | AB4: 0.9782 | AC4: 0.9762 | AD4: 0.9674 | AE4: 0.9385 | AF4: 0.9815 | AG4: 1.0016 | AH4: 0.9702 | AI4: 0.9803 | AJ4: 0.961 | AK4: 1 | AL4: 0.77908651 | AM4: 2.4484476 | AN4: 1.92 | AO4: 1.99 | AP4: 2.03 | AQ4: 1.99 | AS4: 1.9825 | AT4: 0.9761 | AU4: 1.2350303 | AV4: 1 | AW4: 71500 | AX4: 56992 | AY4: - The measurement at Weather Station 5 (STS-2) is not normal. - Power limitation on Busbar 1 (STS1-STS5) due to considerations of the feeder line capacity.
A5: 45837 | B5: 236808 | C5: 4.14 | D5: 3.393558 | E5: 0.8197 | F5: 0.99 | G5: 55263 | H5: 55091 | I5: 0 | J5: 61985 | K5: 56054 | L5: 228393 | M5: 256854.83 | N5: 28461.83 | O5: 256854.83 | P5: 25580 | Q5: 25320 | R5: 21970 | S5: 26670 | T5: 27760 | U5: 30830 | V5: 25930 | W5: 25980 | X5: 29550 | Y5: 26260 | Z5: 265850 | AA5: 294311.83 | AB5: 0.7994 | AC5: 0.7913 | AD5: 0.7725 | AE5: 0.7383 | AF5: 0.775 | AG5: 0.8342 | AH5: 0.8098 | AI5: 0.8114 | AJ5: 0.7994 | AK5: 0.8201 | AL5: 1.1640024 | AM5: 3.5923752 | AN5: 4.62 | AO5: 4.7 | AP5: 4.98 | AQ5: 4.74 | AS5: 4.76 | AT5: 0.7951 | AU5: 0.75470068 | AV5: 1 | AW5: 71500 | AX5: 56992 | AY5: - The measurement at Weather Station 5 (STS-2) is not normal. - Power limitation on Busbar 1 (STS1-STS5) due to considerations of the feeder line capacity.
A6: 45836 | B6: 236808 | C6: 4.14 | D6: 3.393558 | E6: 0.8197 | F6: 0.99 | G6: 61685 | H6: 61577 | I6: 0 | J6: 70367 | K6: 63559 | L6: 257188 | M6: 264190.67 | N6: 7002.67 | O6: 264190.67 | P6: 23170 | Q6: 22560 | R6: 20130 | S6: 24230 | T6: 25970 | U6: 27970 | V6: 24220 | W6: 24080 | X6: 28040 | Y6: 24880 | Z6: 245250 | AA6: 252252.67 | AB6: 0.8669 | AC6: 0.8439 | AD6: 0.8472 | AE6: 0.8031 | AF6: 0.8352 | AG6: 0.8675 | AH6: 0.8673 | AI6: 0.8622 | AJ6: 0.8696 | AK6: 0.8908 | AL6: 0.95358259 | AM6: 3.6949744 | AN6: 4.03 | AO6: 4.08 | AP6: 4.23 | AQ6: 3.96 | AS6: 4.075 | AT6: 0.8554 | AU6: 0.90674219 | AV6: 1 | AW6: 71500 | AX6: 56992 | AY6: - The measurement at Weather Station 5 (STS-2) is not normal. - Power limitation on Busbar 1 (STS1-STS5) due to considerations of the feeder line capacity.
A7: 45835 | B7: 236808 | C7: 4.14 | D7: 3.393558 | E7: 0.8197 | F7: 0.99 | G7: 72264 | H7: 72018 | I7: 0 | J7: 81406 | K7: 74203 | L7: 299891 | M7: 309808.5 | N7: 9917.5 | O7: 309808.5 | P7: 30360 | Q7: 29860 | R7: 26020 | S7: 31740 | T7: 32320 | U7: 35630 | V7: 30200 | W7: 29930 | X7: 33560 | Y7: 30300 | Z7: 309920 | AA7: 319837.5 | AB7: 0.8282 | AC7: 0.8147 | AD7: 0.7988 | AE7: 0.767 | AF7: 0.8002 | AG7: 0.8681 | AH7: 0.8495 | AI7: 0.8419 | AJ7: 0.8177 | AK7: 0.8523 | AL7: 1.0334422 | AM7: 4.332986 | AN7: 5.13 | AO7: 5.3 | AP7: 5.59 | AQ7: 5.43 | AS7: 5.3625 | AT7: 0.8238 | AU7: 0.80801604 | AV7: 1 | AW7: 71500 | AX7: 56992 | AY7: - The measurement at Weather Station 5 (STS-2) is not normal. - Power limitation on Busbar 1 (STS1-STS5) due to considerations of the feeder line capacity.
A8: 45834 | B8: 236808 | C8: 4.14 | D8: 3.393558 | E8: 0.8197 | F8: 0.99 | G8: 75976 | H8: 75877 | I8: 0 | J8: 83405 | K8: 76258 | L8: 311516 | M8: 300419.17 | N8: 0 | O8: 311516 | P8: 28600 | Q8: 28630 | R8: 25350 | S8: 31190 | T8: 32410 | U8: 34260 | V8: 29430 | W8: 28780 | X8: 31540 | Y8: 29660 | Z8: 299850 | AA8: 299850 | AB8: 0.89 | AC8: 0.89 | AD8: 0.89 | AE8: 0.86 | AF8: 0.88 | AG8: 0.93 | AH8: 0.92 | AI8: 0.9 | AJ8: 0.85 | AK8: 0.92 | AL8: 0.96255088 | AM8: 4.3568671 | AN8: 4.61 | AO8: 4.83 | AP8: 4.93 | AQ8: 4.73 | AS8: 4.775 | AT8: 0.89 | AU8: 0.91243291 | AV8: 1 | AW8: 71500 | AX8: 56992 | AY8: -The measurement at Weather Station 3 (STS-6) and 5 (STS-2) is not normal. - Power limitation on Busbar 1 (STS1-STS5) due to considerations of the feeder line capacity. - Power limitation on Busbar 2 (STS6-STS10) due to considerations of the feeder line capacity. - The PR calculation for STS 1 & STS 2 is done manually because WS 5 is still under repair (since 1 June 2025)
A9: 45833 | B9: 236808 | C9: 4.14 | D9: 3.393558 | E9: 0.8197 | F9: 0.99 | G9: 73676 | H9: 11475 | I9: 27997.5 | J9: 59929.5 | K9: 54202 | L9: 227280 | M9: 277065.83 | N9: 49785.83 | O9: 277065.83 | P9: 17110 | Q9: 16870 | R9: 15370 | S9: 19210 | T9: 19610 | U9: 34920 | V9: 29440 | W9: 29820 | X9: 35330 | Y9: 30170 | Z9: 247850 | AA9: 297635.83 | AB9: 0.51 | AC9: 0.5 | AD9: 0.52 | AE9: 0.51 | AF9: 0.52 | AG9: 0.89 | AH9: 0.87 | AI9: 0.88 | AJ9: 0.9 | AK9: 0.89 | AL9: 1.0905051 | AM9: 3.8750466 | AN9: 4.91 | AO9: 4.98 | AQ9: 4.97 | AS9: 4.9533333 | AT9: 0.6969 | AU9: 0.78231088 | AV9: 1 | AW9: 71500 | AX9: 56992 | AY9: - The measurement at Weather Station 3 (STS-6) and 5 (STS-2) is not normal. -The PR calculation for STS 6 & STS 8 is done manually because WS 3 is still under repair (since 15 March 2025) -The PR calculation for STS 1 & STS 2 is done manually because WS 5 is still under repair (since 1 June 2025) -Power limitation on Busbar 1 (STS1-STS5) due to considerations of the feeder line capacity. Busbar 1 just operate 1 20 kV coupler (OG.1) sts1 and sts2 are set with maximum performance for their output power and do not affect the setpoint for busbar 1 which remains at 22 MW. -Power limitation on Busbar 2 due to considerations of the feeder line capacity. Busbar 2 just operate 2 20 kV coupler (OG.4 & OG.5)
A10: 45832 | B10: 236808 | C10: 4.14 | D10: 3.393558 | E10: 0.8197 | F10: 0.99 | G10: 86021 | H10: 0 | I10: 34732.5 | J10: 41672.5 | K10: 37502 | L10: 199928 | M10: 201664.17 | N10: 1736.17 | O10: 201664.17 | P10: 14650 | Q10: 14550 | R10: 13220 | S10: 16350 | T10: 16960 | U10: 19660 | V10: 16830 | W10: 16780 | X10: 19120 | Y10: 17480 | Z10: 165600 | AA10: 167336.17 | AB10: 0.85 | AC10: 0.84 | AD10: 0.86 | AE10: 0.84 | AF10: 0.86 | AG10: 0.96 | AH10: 0.95 | AI10: 0.94 | AJ10: 0.93 | AK10: 0.98 | AL10: 0.82829819 | AM10: 2.8204779 | AN10: 2.57 | AO10: 2.6 | AQ10: 2.56 | AS10: 2.5766667 | AT10: 0.9 | AU10: 1.0946227 | AV10: 1 | AW10: 71500 | AX10: 56992 | AY10: - The measurement at Weather Station 3 (STS-6) and 5 (STS-2) is not normal. -The PR calculation for STS 6 & STS 8 is done manually because WS 3 is still under repair (since 15 March 2025) -The PR calculation for STS 1 & STS 2 is done manually because WS 5 is still under repair (since 1 June 2025) -Power limitation on Busbar 1 (STS1-STS5) due to considerations of the feeder line capacity. Busbar 1 just operate 1 20 kV coupler (OG.1) sts1 and sts2 are set with maximum performance for their output power and do not affect the setpoint for busbar 1 which remains at 22 MW.
A11: 45831 | B11: 236808 | C11: 4.14 | D11: 3.393558 | E11: 0.8197 | F11: 0.99 | G11: 54538 | H11: 40217 | I11: 40217 | J11: 36841 | K11: 38491 | L11: 210304 | M11: 212586.17 | N11: 2282.17 | O11: 212586.17 | P11: 24880 | Q11: 23970 | R11: 20630 | S11: 24470 | T11: 26540 | U11: 30980 | V11: 25490 | W11: 26520 | X11: 30220 | Y11: 27080 | Z11: 260780 | AA11: 263062.17 | AB11: 0.84 | AC11: 0.81 | AD11: 0.78 | AE11: 0.73 | AF11: 0.8 | AG11: 0.94 | AH11: 0.89 | AI11: 0.93 | AJ11: 0.91 | AK11: 0.95 | AL11: 1.2400145 | AM11: 2.9732331 | AN11: 4.13 | AO11: 4.34 | AQ11: 4.39 | AS11: 4.2866667 | AT11: 0.8582 | AU11: 0.69360027 | AV11: 1 | AW11: 71500 | AX11: 56992 | AY11: - The measurement at Weather Station 3 (STS-6) and 5 (STS-2) is not normal. -The PR calculation for STS 6 & STS 8 is done manually because WS 3 is still under repair (since 15 March 2025) -The PR calculation for STS 1 & STS 2 is done manually because WS 5 is still under repair (since 1 June 2025) -Power limitation on Busbar 1 (STS1-STS5) due to considerations of the feeder line capacity. Busbar 1 just operate 1 20 kV coupler (OG.1) sts1 and sts2 are set with maximum performance for their output power and do not affect the setpoint for busbar 1 which remains at 22 MW.
A12: 45830 | B12: 236808 | C12: 4.14 | D12: 3.393558 | E12: 0.8197 | F12: 0.99 | G12: 69586 | H12: 69490 | I12: 50931 | J12: 54771.5 | K12: 49372 | L12: 294150.5 | M12: 281081.5 | N12: 0 | O12: 294150.5 | P12: 23960 | Q12: 23860 | R12: 20880 | S12: 25650 | T12: 26740 | U12: 28590 | V12: 24720 | W12: 24110 | X12: 27050 | Y12: 25010 | Z12: 250570 | AA12: 250570 | AB12: 0.9 | AC12: 0.9 | AD12: 0.89 | AE12: 0.86 | AF12: 0.88 | AG12: 0.93 | AH12: 0.93 | AI12: 0.91 | AJ12: 0.88 | AK12: 0.94 | AL12: 0.85184285 | AM12: 4.113993 | AN12: 3.84 | AO12: 3.97 | AQ12: 3.93 | AS12: 3.9133333 | AT12: 0.9014 | AU12: 1.0512759 | AV12: 1 | AW12: 71500 | AX12: 56992 | AY12: - The measurement at Weather Station 3 (STS-6) and 5 (STS-2) is not normal. -The PR calculation for STS 6 & STS 8 is done manually because WS 3 is still under repair (since 15 March 2025) -The PR calculation for STS 1 & STS 2 is done manually because WS 5 is still under repair (since 1 June 2025) -sts1 and sts2 are set with maximum performance for their output power and do not affect the setpoint for busbar 1 which remains at 22 MW.
A13: 45829 | B13: 236808 | C13: 4.14 | D13: 3.393558 | E13: 0.8197 | F13: 0.99 | G13: 62249.5 | H13: 62073 | I13: 45598.5 | J13: 50191 | K13: 45519 | L13: 265631 | M13: 256677.83 | N13: 0 | O13: 265631 | P13: 28500 | Q13: 28420 | R13: 24570 | S13: 30100 | T13: 31490 | U13: 34890 | V13: 29520 | W13: 29420 | X13: 33750 | Y13: 30960 | Z13: 301620 | AA13: 301620 | AB13: 0.88 | AC13: 0.87 | AD13: 0.85 | AE13: 0.82 | AF13: 0.87 | AG13: 0.93 | AH13: 0.91 | AI13: 0.9 | AJ13: 0.9 | AK13: 0.95 | AL13: 1.1354849 | AM13: 3.7151189 | AN13: 4.7 | AO13: 4.77 | AQ13: 4.82 | AS13: 4.7633333 | AT13: 0.8871 | AU13: 0.77994098 | AV13: 1 | AW13: 71500 | AX13: 56992 | AY13: - The measurement at Weather Station 3 (STS-6) and 5 (STS-2) is not normal. -The PR calculation for STS 6 & STS 8 is done manually because WS 3 is still under repair (since 15 March 2025) -The PR calculation for STS 1 & STS 2 is done manually because WS 5 is still under repair (since 1 June 2025) -sts1 and sts2 are set with maximum performance for their output power and do not affect the setpoint for busbar 1 which remains at 22 MW.
A14: 45828 | B14: 236808 | C14: 4.14 | D14: 3.393558 | E14: 0.8197 | F14: 0.99 | G14: 56417 | H14: 56360 | I14: 39968.5 | J14: 44774 | K14: 40778 | L14: 238297.5 | M14: 218482.5 | N14: 0 | O14: 238297.5 | P14: 17480 | Q14: 17350 | R14: 15360 | S14: 18790 | T14: 19980 | U14: 20650 | V14: 17460 | W14: 17460 | X14: 19770 | Y14: 18030 | Z14: 182330 | AA14: 182330 | AB14: 0.95 | AC14: 0.94 | AD14: 0.93 | AE14: 0.9 | AF14: 0.96 | AG14: 0.97 | AH14: 0.94 | AI14: 0.94 | AJ14: 0.93 | AK14: 0.97 | AL14: 0.76513602 | AM14: 3.3328322 | AN14: 2.67 | AO14: 2.74 | AQ14: 2.74 | AS14: 2.7166667 | AT14: 0.9428 | AU14: 1.2268094 | AV14: 1 | AW14: 71500 | AX14: 56992 | AY14: - The measurement at Weather Station 3 (STS-6) and 5 (STS-2) is not normal. -The PR calculation for STS 6 & STS 8 is done manually because WS 3 is still under repair (since 15 March 2025) -The PR calculation for STS 1 & STS 2 is done manually because WS 5 is still under repair (since 1 June 2025) -sts1 and sts2 are set with maximum performance for their output power and do not affect the setpoint for busbar 1 which remains at 22 MW.
A15: 45827 | B15: 236808 | C15: 4.14 | D15: 3.393558 | E15: 0.8197 | F15: 0.99 | G15: 32619.78 | H15: 32624.04 | I15: 20927.5 | J15: 27328.5 | K15: 25555.56 | L15: 139055.38 | M15: 121976.67 | N15: 0 | O15: 139055.38 | P15: 11570 | Q15: 11570 | R15: 10240 | S15: 12670 | T15: 13340 | U15: 13170 | V15: 11760 | W15: 11550 | X15: 12680 | Y15: 11970 | Z15: 120520 | AA15: 120520 | AB15: 0.9316 | AC15: 0.9316 | AD15: 0.9276 | AE15: 0.9036 | AF15: 0.9511 | AG15: 0.9405 | AH15: 0.9698 | AI15: 0.9521 | AJ15: 0.9055 | AK15: 0.9866 | AL15: 0.86670505 | AM15: 1.9448305 | AN15: 1.75 | AO15: 1.84 | AQ15: 1.84 | AS15: 1.81 | AT15: 0.94 | AU15: 1.074492 | AV15: 1 | AW15: 71500 | AX15: 56992 | AY15: - The measurement at Weather Station 3 (STS-6) and 5 (STS-2) is not normal. -The PR calculation for STS 6 & STS 8 is done manually because WS 3 is still under repair (since 15 March 2025) -The PR calculation for STS 1 & STS 2 is done manually because WS 5 is still under repair (since 1 June 2025) -sts1 and sts2 are set with maximum performance for their output power and do not affect the setpoint for busbar 1 which remains at 22 MW.
A16: 45826 | B16: 236808 | C16: 4.14 | D16: 3.393558 | E16: 0.8197 | F16: 0.99 | G16: 20925.76 | H16: 57968.51 | I16: 38990.47 | J16: 43894.5 | K16: 39858.09 | L16: 201637.33 | M16: 236668 | N16: 35030.67 | O16: 236668 | P16: 17510 | Q16: 18310 | R16: 16270 | S16: 20140 | T16: 20940 | U16: 30650 | V16: 27230 | W16: 25760 | X16: 28840 | Y16: 26400 | Z16: 232050 | AA16: 267080.67 | AB16: 0.6147 | AC16: 0.6429 | AD16: 0.6427 | AE16: 0.6263 | AF16: 0.6121 | AG16: 0.9035 | AH16: 0.9265 | AI16: 0.8767 | AJ16: 0.8501 | AK16: 0.8984 | AL16: 1.1508286 | AM16: 3.310042 | AN16: 4.24 | AO16: 4.49 | AQ16: 4.22 | AS16: 4.3166667 | AT16: 0.7594 | AU16: 0.76680509 | AV16: 1 | AW16: 71500 | AX16: 56992 | AY16: - The measurement at Weather Station 3 (STS-6) and 5 (STS-2) is not normal. -The PR calculation for STS 6 & STS 8 is done manually because WS 3 is still under repair (since 15 March 2025) -The PR calculation for STS 1 & STS 2 is done manually because WS 5 is still under repair (since 1 June 2025) -Power limitation on Busbar 1 (STS1-STS5) due to considerations of the feeder line capacity. Busbar 1 just operate 1 20 kV coupler (OG.2) sts1 and sts2 are set with maximum performance for their output power and do not affect the setpoint for busbar 1 which remains at 22 MW. - External Outage at OG.1, Trip Earth Fault at OG.1 and GSK.3 due to disturbances at GSK.3 20 kV network distribution
A17: 45825 | B17: 236808 | C17: 4.14 | D17: 3.393558 | E17: 0.8197 | F17: 0.99 | G17: 0 | H17: 72100.39 | I17: 40733.36 | J17: 47085.5 | K17: 41366.03 | L17: 201285.28 | M17: 231263 | N17: 29977.72 | O17: 231263 | P17: 14660 | Q17: 14620 | R17: 13260 | S17: 16660 | T17: 16880 | U17: 30310 | V17: 25970 | W17: 26560 | X17: 29970 | Y17: 27950 | Z17: 216840 | AA17: 246817.72 | AB17: 0.5005 | AC17: 0.4989 | AD17: 0.5091 | AE17: 0.5037 | AF17: 0.5034 | AG17: 0.8812 | AH17: 0.8714 | AI17: 0.8912 | AJ17: 0.8711 | AK17: 0.938 | AL17: 1.077277 | AM17: 3.2344476 | AN17: 4.3 | AO17: 4.4 | AQ17: 4.34 | AS17: 4.3466667 | AT17: 0.6968 | AU17: 0.74412137 | AV17: 1 | AW17: 71500 | AX17: 56992 | AY17: - The measurement at Weather Station 3 (STS-6) and 5 (STS-2) is not normal. -The PR calculation for STS 6 & STS 8 is done manually because WS 3 is still under repair (since 15 March 2025) -The PR calculation for STS 1 & STS 2 is done manually because WS 5 is still under repair (since 1 June 2025) -Power limitation on Busbar 1 (STS1-STS5) due to considerations of the feeder line capacity. Busbar 1 just operate 1 20 kV coupler (OG.2) sts1 and sts2 are set with maximum performance for their output power and do not affect the setpoint for busbar 1 which remains at 22 MW. - External Outage at OG.1, Trip Earth Fault at OG.1 and GSK.3 due to disturbances at GSK.3 20 kV network distribution
A18: 45824 | B18: 236808 | C18: 4.14 | D18: 3.393558 | E18: 0.8197 | F18: 0.99 | G18: 0 | H18: 72780.54 | I18: 40781.75 | J18: 46534 | K18: 41946.55 | L18: 202042.84 | M18: 231811 | N18: 29768.16 | O18: 231811 | P18: 16060 | Q18: 15830 | R18: 14190 | S18: 17510 | T18: 18010 | U18: 25850 | V18: 23620 | W18: 24440 | X18: 28110 | Y18: 25080 | Z18: 208700 | AA18: 238468.16 | AB18: 0.5875 | AC18: 0.5791 | AD18: 0.5838 | AE18: 0.5675 | AF18: 0.5939 | AG18: 0.8327 | AH18: 0.8783 | AI18: 0.9091 | AJ18: 0.9056 | AK18: 0.9329 | AL18: 1.0329492 | AM18: 3.2421119 | AN18: 3.88 | AO18: 3.98 | AQ18: 4.05 | AS18: 3.97 | AT18: 0.737 | AU18: 0.81665287 | AV18: 1 | AW18: 71500 | AX18: 56992 | AY18: - The measurement at Weather Station 3 (STS-6) and 5 (STS-2) is not normal. -The PR calculation for STS 6 & STS 8 is done manually because WS 3 is still under repair (since 15 March 2025) -The PR calculation for STS 1 & STS 2 is done manually because WS 5 is still under repair (since 1 June 2025) -Power limitation on Busbar 1 (STS1-STS5) due to considerations of the feeder line capacity. Busbar 1 just operate 1 20 kV coupler (OG.2) sts1 and sts2 are set with maximum performance for their output power and do not affect the setpoint for busbar 1 which remains at 22 MW. - External Outage at OG.1, Trip Earth Fault at OG.1 and GSK.3 due to disturbances at GSK.3 20 kV network distribution
A19: 45823 | B19: 236808 | C19: 4.14 | D19: 3.393558 | E19: 0.8197 | F19: 0.99 | G19: 14364.66 | H19: 84765.77 | I19: 56930.26 | J19: 60042 | K19: 53586.66 | L19: 269689.35 | M19: 332228.83 | N19: 62539.48 | O19: 332228.83 | P19: 18600 | Q19: 18420 | R19: 16570 | S19: 20380 | T19: 21170 | U19: 29860 | V19: 29010 | W19: 30720 | X19: 35060 | Y19: 32380 | Z19: 252170 | AA19: 314709.48 | AB19: 0.5413 | AC19: 0.536 | AD19: 0.5425 | AE19: 0.5256 | AF19: 0.5438 | AG19: 0.7263 | AH19: 0.8145 | AI19: 0.8625 | AJ19: 0.8526 | AK19: 0.9091 | AL19: 0.93503878 | AM19: 4.6465571 | AN19: 5.14 | AO19: 5.11 | AQ19: 5.09 | AS19: 5.1133333 | AT19: 0.6854 | AU19: 0.9087139 | AV19: 0.997 | AW19: 71500 | AX19: 56992 | AY19: - The measurement at Weather Station 3 (STS-6) and 5 (STS-2) is not normal. -The PR calculation for STS 6 & STS 8 is done manually because WS 3 is still under repair (since 15 March 2025) -The PR calculation for STS 1 & STS 2 is done manually because WS 5 is still under repair (since 1 June 2025) -Power limitation on Busbar 1 (STS1-STS5) due to considerations of the feeder line capacity. Busbar 1 just operate 1 20 kV coupler (OG.2) sts1 and sts2 are set with maximum performance for their output power and do not affect the setpoint for busbar 1 which remains at 22 MW. - External Outage at OG.1, Trip Earth Fault at OG.1 and GSK.3 due to disturbances at GSK.3 20 kV network distribution
A20: 45822 | B20: 236808 | C20: 4.14 | D20: 3.393558 | E20: 0.8197 | F20: 0.99 | G20: 33127.69 | H20: 33155.04 | I20: 23352.12 | J20: 24656.5 | K20: 26573.4 | L20: 140864.75 | M20: 123842 | N20: 0 | O20: 140864.75 | P20: 13840 | Q20: 13770 | R20: 11990 | S20: 14610 | T20: 15440 | U20: 17080 | V20: 13480 | W20: 14400 | X20: 15660 | Y20: 14690 | Z20: 144960 | AA20: 144960 | AB20: 0.9072 | AC20: 0.9027 | AD20: 0.8841 | AE20: 0.8483 | AF20: 0.8732 | AG20: 0.9531 | AH20: 0.8682 | AI20: 0.9273 | AJ20: 0.8739 | AK20: 0.9461 | AL20: 1.0290722 | AM20: 1.9701364 | AN20: 2.24 | AO20: 2.32 | AQ20: 2.26 | AS20: 2.2733333 | AT20: 0.8984 | AU20: 0.8666289 | AV20: 0.997 | AW20: 71500 | AX20: 56992 | AY20: - The measurement at Weather Station 3 (STS-6) and 5 (STS-2) is not normal. -The PR calculation for STS 6 & STS 8 is done manually because WS 3 is still under repair (since 15 March 2025) -The PR calculation for STS 1 & STS 2 is done manually because WS 5 is still under repair (since 1 June 2025) -Power limitation on Busbar 1 (STS1-STS5) due to considerations of the feeder line capacity. sts1 and sts2 are set with maximum performance for their output power and do not affect the setpoint for busbar 1 which remains at 22 MW.
... A33: 45809 | B33: 236808 | C33: 4.14 | D33: 3.393558 | E33: 0.8197 | F33: 0.99 | G33: 39013.38 | H33: 38964.09 | I33: 26556.08 | J33: 31273.58 | K33: 24358 | L33: 160165.13 | M33: 141126.67 | N33: 0 | O33: 160165.13 | P33: 12280 | Q33: 12980 | R33: 11600 | S33: 14180 | T33: 14950 | U33: 14570 | V33: 12030 | W33: 12780 | X33: 14250 | Y33: 13110 | Z33: 132730 | AA33: 132730 | AB33: 0.9008 | AC33: 0.9518 | AD33: 0.9568 | AE33: 0.921 | AF33: 0.981 | AG33: 0.9439 | AH33: 0.8996 | AI33: 0.9557 | AJ33: 0.9232 | AK33: 0.9804 | AL33: 0.82870722 | AM33: 2.2400717 | AN33: 1.93 | AO33: 2 | AQ33: 2.02 | AS33: 1.9833333 | AT33: 0.9414 | AU33: 1.1294479 | AV33: 0.995 | AW33: 71500 | AX33: 56992 | AY33: - The measurement at Weather Station 3 (STS-6) and 5 (STS-2) is not normal. -The PR calculation for STS 6 & STS 8 is done manually because WS 3 is still under repair (since 15 March 2025) -The PR calculation for STS 1 & STS 2 is done manually because WS 5 is still under repair (since 1 June 2025) -Power limitation on Busbar 1 (STS1-STS5) due to considerations of the feeder line capacity. sts1 and sts2 are set with maximum performance for their output power and do not affect the setpoint for busbar 1 which remains at 22 MW.

Sheet Summary (PV)
B1: STS Generation (kWh) | O1: Propotional Setpoint (kW)
A2: Date | B2: WB01 | C2: WB02 | D2: WB03 | E2: WB04 | F2: WB05 | G2: WB06 | H2: WB07 | I2: WB08 | J2: WB09 | K2: WB10 | L2: Total STS Generation (kWh) | M2: PAE Energy (kWh) from 00.00 to 24.00 | N2: Generation STS (kWh) | O2: Busbar 1 (WB 01 - WB 5) | P2: Busbar 2 (WB 06 - WB 10) | Q2: Deem Dispatch (kWh) | R2: Curtailment
A3: 45627 | B3: 8930 | C3: 8830 | L3: =SUM(B3:K3) -> 17760 | N3: =IF(OR(O3<24300,P3<25700),MAX(L3,M3),L3) -> 17760
A4: 45628 | B4: 15880 | C4: 13060 | D4: 20130 | L4: =SUM(B4:K4) -> 49070 | N4: =IF(OR(O4<24300,P4<25700),MAX(L4,M4),L4) -> 49070
A5: 45629 | B5: 5100 | C5: 4020 | D5: 0 | E5: 13370 | L5: =SUM(B5:K5) -> 22490 | N5: =IF(OR(O5<24300,P5<25700),MAX(L5,M5),L5) -> 22490
A6: 45630 | B6: 5460 | C6: 5410 | D6: 0 | E6: 9140 | L6: =SUM(B6:K6) -> 20010 | N6: =IF(OR(O6<24300,P6<25700),MAX(L6,M6),L6) -> 20010
A7: 45631 | B7: 0 | C7: 0 | D7: 0 | E7: 23100 | L7: =SUM(B7:K7) -> 23100 | N7: =IF(OR(O7<24300,P7<25700),MAX(L7,M7),L7) -> 23100
A8: 45632 | B8: 0 | C8: 0 | D8: 0 | E8: 23100 | L8: =SUM(B8:K8) -> 23100 | N8: =IF(OR(O8<24300,P8<25700),MAX(L8,M8),L8) -> 23100
A9: 45633 | B9: 0 | C9: 0 | D9: 14260 | E9: 21000 | F9: 14880 | L9: =SUM(B9:K9) -> 50140 | N9: =IF(OR(O9<24300,P9<25700),MAX(L9,M9),L9) -> 50140
A10: 45634 | B10: 0 | C10: 0 | D10: 6460 | E10: 7910 | F10: 33250 | L10: =SUM(B10:K10) -> 47620 | N10: =IF(OR(O10<24300,P10<25700),MAX(L10,M10),L10) -> 47620
A11: 45635 | B11: 0 | C11: 0 | D11: 25710 | E11: 11120 | F11: 11480 | L11: =SUM(B11:K11) -> 48310 | N11: =IF(OR(O11<24300,P11<25700),MAX(L11,M11),L11) -> 48310
A12: 45636 | B12: 0 | C12: 0 | D12: 25710 | E12: 11120 | F12: 11480 | L12: =SUM(B12:K12) -> 48310 | N12: =IF(OR(O12<24300,P12<25700),MAX(L12,M12),L12) -> 48310
A13: 45637 | B13: 0 | C13: 0 | D13: 21420 | E13: 10410 | F13: 11140 | L13: =SUM(B13:K13) -> 42970 | N13: =IF(OR(O13<24300,P13<25700),MAX(L13,M13),L13) -> 42970
A14: 45638 | B14: 10800 | C14: 10930 | D14: 15220 | E14: 7400 | F14: 7430 | L14: =SUM(B14:K14) -> 51780 | N14: =IF(OR(O14<24300,P14<25700),MAX(L14,M14),L14) -> 51780
A15: 45639 | B15: 10870 | C15: 10990 | D15: 3410 | E15: 3440 | F15: 3450 | L15: =SUM(B15:K15) -> 32160 | N15: =IF(OR(O15<24300,P15<25700),MAX(L15,M15),L15) -> 32160
A16: 45640 | B16: 26020 | C16: 26360 | D16: 16600 | E16: 17560 | F16: 17560 | L16: =SUM(B16:K16) -> 104100 | N16: =IF(OR(O16<24300,P16<25700),MAX(L16,M16),L16) -> 104100
A17: 45641 | B17: 19230 | C17: 19460 | D17: 15430 | E17: 17140 | F17: 17420 | L17: =SUM(B17:K17) -> 88680 | N17: =IF(OR(O17<24300,P17<25700),MAX(L17,M17),L17) -> 88680
A18: 45642 | B18: 9650 | C18: 9840 | D18: 8720 | E18: 11040 | F18: 11350 | L18: =SUM(B18:K18) -> 50600 | N18: =IF(OR(O18<24300,P18<25700),MAX(L18,M18),L18) -> 50600
A19: 45643 | B19: 19800 | C19: 19990 | D19: 13340 | E19: 17270 | F19: 17600 | L19: =SUM(B19:K19) -> 88000 | N19: =IF(OR(O19<24300,P19<25700),MAX(L19,M19),L19) -> 88000
A20: 45644 | B20: 33730 | C20: 33990 | D20: 17410 | E20: 23730 | F20: 23930 | L20: =SUM(B20:K20) -> 132790 | N20: =IF(OR(O20<24300,P20<25700),MAX(L20,M20),L20) -> 132790
... A23: 45647 | B23: 24870 | C23: 25130 | D23: 0 | E23: 28240 | F23: 0 | L23: =SUM(B23:K23) -> 78240 | N23: =IF(OR(O23<24300,P23<25700),MAX(L23,M23),L23) -> 78240
A24: 45648 | B24: 20880 | C24: 21110 | D24: 0 | E24: 23900 | F24: 0 | G24: 3620 | H24: 10060 | I24: 73400 | J24: 0.31 | K24: 73380 | L24: =SUM(B24:K24) -> 226350.31 | N24: =IF(OR(O24<24300,P24<25700),MAX(L24,M24),L24) -> 226350.31
A25: 45649 | B25: 24210 | C25: 24470 | D25: 0 | E25: 27770 | F25: 0 | G25: 4270 | H25: 25090 | I25: 9440 | J25: 12690 | K25: 25970 | L25: =SUM(B25:K25) -> 153910 | N25: =IF(OR(O25<24300,P25<25700),MAX(L25,M25),L25) -> 153910
A26: 45650 | B26: 19820 | C26: 11440 | D26: 16980 | E26: 30740 | F26: 22070 | G26: 4920 | H26: 27360 | I26: 0.53 | J26: 14020 | K26: 22470 | L26: =SUM(B26:K26) -> 169820.53 | N26: =IF(OR(O26<24300,P26<25700),MAX(L26,M26),L26) -> 169820.53
A27: 45651 | B27: 15250 | C27: 1200 | D27: 13830 | E27: 17390 | F27: 18120 | G27: 4050 | H27: 15800 | I27: 9970 | J27: 8890 | K27: 16270 | L27: =SUM(B27:K27) -> 120770 | N27: =IF(OR(O27<24300,P27<25700),MAX(L27,M27),L27) -> 120770
A28: 45652 | B28: 20450 | C28: 18450 | D28: 18860 | E28: 21670 | F28: 24950 | G28: 2150 | H28: 21910 | I28: 18700 | J28: 12810 | K28: 22980 | L28: =SUM(B28:K28) -> 182930 | N28: =IF(OR(O28<24300,P28<25700),MAX(L28,M28),L28) -> 182930
A29: 45653 | B29: 22970 | C29: 19990 | D29: 21520 | E29: 22380 | F29: 28250 | G29: 9830 | H29: 24540 | I29: 24310 | J29: 14210 | K29: 25440 | L29: =SUM(B29:K29) -> 213440 | N29: =IF(OR(O29<24300,P29<25700),MAX(L29,M29),L29) -> 213440
A30: 45654 | B30: 25840 | C30: 20490 | D30: 25890 | E30: 23040 | F30: 33810 | G30: 9720 | H30: 28890 | I30: 28170 | J30: 17300 | K30: 28540 | L30: =SUM(B30:K30) -> 241690 | M30: 296695.84 | N30: =IF(OR(O30<24300,P30<25700),MAX(L30,M30),L30) -> 296695.84 | O30: 21155 | P30: 21130 | Q30: 0 | R30: =IF(Q30>0,"Yes",IF(OR((O30+P30<50000),O30<23900,P30<26730),"Yes","No")) -> Yes
A31: 45655 | B31: 24700 | C31: 22690 | D31: 23330 | E31: 25830 | F31: 30880 | G31: 10430 | H31: 26890 | I31: 28170 | J31: 15410 | K31: 28540 | L31: =SUM(B31:K31) -> 236870 | M31: 243056.9 | N31: =IF(OR(O31<24300,P31<25700),MAX(L31,M31),L31) -> 243056.9 | O31: 21155 | P31: 21130 | Q31: 0 | R31: =IF(Q31>0,"Yes",IF(OR((O31+P31<50000),O31<23900,P31<26730),"Yes","No")) -> Yes
A32: 45656 | B32: 23130 | C32: 21350 | D32: 22620 | E32: 24240 | F32: 29580 | G32: 9970 | H32: 25480 | I32: 28170 | J32: 14590 | K32: 28540 | L32: =SUM(B32:K32) -> 227670 | M32: 253128.84 | N32: =IF(OR(O32<24300,P32<25700),MAX(L32,M32),L32) -> 253128.84 | O32: 21155 | P32: 26730 | Q32: 0 | R32: =IF(Q32>0,"Yes",IF(OR((O32+P32<50000),O32<23900,P32<26730),"Yes","No")) -> Yes
A33: 45657 | B33: 18550 | C33: 17680 | D33: 17640 | E33: 19940 | F33: 22910 | G33: 23600 | H33: 20390 | I33: 28170 | J33: 10960 | K33: 28540 | L33: =SUM(B33:K33) -> 208380 | M33: 209439.86 | N33: =IF(OR(O33<24300,P33<25700),MAX(L33,M33),L33) -> 209439.86 | O33: 21155 | P33: 26730 | Q33: 609 | R33: =IF(Q33>0,"Yes",IF(OR((O33+P33<50000),O33<23900,P33<26730),"Yes","No")) -> Yes
A34: 45658 | B34: 15560 | C34: 16150 | D34: 14460 | E34: 18130 | F34: 19240 | G34: 19610 | H34: 16680 | I34: 16770 | J34: 9660 | K34: 16970 | L34: =SUM(B34:K34) -> 163230 | M34: 159331.83 | N34: =IF(OR(O34<24300,P34<25700),MAX(L34,M34),L34) -> 163230 | O34: 10284 | P34: 23852 | Q34: 0 | R34: =IF(Q34>0,"Yes",IF(OR((O34+P34<50000),O34<23900,P34<26730),"Yes","No")) -> Yes
A35: 45659 | B35: 2080 | C35: 2180 | D35: 1970 | E35: 2470 | F35: 2580 | G35: 8580 | H35: 8240 | I35: 8170 | J35: 4780 | K35: 8330 | L35: =SUM(B35:K35) -> 49380 | M35: 65603.392 | N35: =IF(OR(O35<24300,P35<25700),MAX(L35,M35),L35) -> 65603.392 | O35: 24020 | P35: 26730 | Q35: 23665 | R35: =IF(Q35>0,"Yes",IF(OR((O35+P35<50000),O35<23900,P35<26730),"Yes","No")) -> Yes
A36: 45660 | B36: 22450 | C36: 23350 | D36: 21290 | E36: 26210 | F36: 27410 | G36: 31720 | H36: 26720 | I36: 26420 | J36: 15080 | K36: 27070 | L36: =SUM(B36:K36) -> 247720 | M36: 200975.18 | N36: =IF(OR(O36<24300,P36<25700),MAX(L36,M36),L36) -> 247720 | O36: 23987 | P36: 26730 | Q36: 0 | R36: =IF(Q36>0,"Yes",IF(OR((O36+P36<50000),O36<23900,P36<26730),"Yes","No")) -> No
A37: 45661 | B37: 16810 | C37: 17690 | D37: 15850 | E37: 19950 | F37: 20720 | G37: 21130 | H37: 18110 | I37: 17770 | J37: 10140 | K37: 18550 | L37: =SUM(B37:K37) -> 176720 | M37: 180737.76 | N37: =IF(OR(O37<24300,P37<25700),MAX(L37,M37),L37) -> 180737.76 | O37: 23987 | P37: 26730 | Q37: 0 | R37: =IF(Q37>0,"Yes",IF(OR((O37+P37<50000),O37<23900,P37<26730),"Yes","No")) -> No
A38: 45662 | B38: 20000 | C38: 23080 | D38: 21080 | E38: 26210 | F38: 28100 | G38: 28760 | H38: 24750 | I38: 25210 | J38: 15790 | K38: 26830 | L38: =SUM(B38:K38) -> 239810 | M38: 251611.29 | N38: =IF(OR(O38<24300,P38<25700),MAX(L38,M38),L38) -> 239810 | O38: 24786 | P38: 26730 | Q38: 729 | R38: =IF(Q38>0,"Yes",IF(OR((O38+P38<50000),O38<23900,P38<26730),"Yes","No")) -> Yes
A39: 45663 | B39: 24820 | C39: 26340 | D39: 23580 | E39: 29960 | F39: 30760 | G39: 32830 | H39: 27920 | I39: 27020 | J39: 15420 | K39: 27100 | L39: =SUM(B39:K39) -> 265750 | M39: 204531.44 | N39: =IF(OR(O39<24300,P39<25700),MAX(L39,M39),L39) -> 265750 | O39: 23987 | P39: 26730 | Q39: 0 | R39: =IF(Q39>0,"Yes",IF(OR((O39+P39<50000),O39<23900,P39<26730),"Yes","No")) -> No
A40: 45664 | B40: 18210 | C40: 19070 | D40: 16890 | E40: 21300 | F40: 21990 | G40: 22160 | H40: 18510 | I40: 18620 | J40: 11040 | K40: 19350 | L40: =SUM(B40:K40) -> 187140 | M40: 202547.68 | N40: =IF(OR(O40<24300,P40<25700),MAX(L40,M40),L40) -> 187140 | O40: 24786 | P40: 26730 | Q40: 0 | R40: =IF(Q40>0,"Yes",IF(OR((O40+P40<50000),O40<23900,P40<26730),"Yes","No")) -> No
A41: 45665 | B41: 13370 | C41: 13970 | D41: 12630 | E41: 15820 | F41: 16500 | G41: 16740 | H41: 14160 | I41: 14020 | J41: 8040 | K41: 14060 | L41: =SUM(B41:K41) -> 139310 | M41: 132361.08 | N41: =IF(OR(O41<24300,P41<25700),MAX(L41,M41),L41) -> 139310 | O41: 24786 | P41: 26730 | Q41: 0 | R41: =IF(Q41>0,"Yes",IF(OR((O41+P41<50000),O41<23900,P41<26730),"Yes","No")) -> No
... A135: 45759 | B135: 4270 | C135: 3700 | D135: 3670 | E135: 4390 | F135: 4750 | G135: 35560 | H135: 29730 | I135: 29850 | J135: 35500 | K135: 30640 | L135: =SUM(B135:K135) -> 182060 | M135: 301616.36 | N135: =IF(OR(O135<24300,P135<25700),MAX(L135,M135),L135) -> 301616.36 | O135: 5834 | P135: 24368 | Q135: 125132 | R135: =IF(Q135>0,"Yes",IF(OR((O135+P135<50000),O135<23900,P135<26730),"Yes","No")) -> Yes
A136: 45760 | B136: 4110 | C136: 4000 | D136: 3670 | E136: 4680 | F136: 4670 | G136: 19140 | H136: 16220 | I136: 16160 | J136: 18870 | K136: 16600 | L136: =SUM(B136:K136) -> 108120 | M136: 145553.6 | N136: =IF(OR(O136<24300,P136<25700),MAX(L136,M136),L136) -> 145553.6 | O136: 10000 | P136: 30030 | Q136: 64655 | R136: =IF(Q136>0,"Yes",IF(OR((O136+P136<50000),O136<20000,P136<30030),"Yes","No")) -> Yes
A137: 45761 | B137: 17050 | C137: 16700 | D137: 15600 | E137: 19540 | F137: 19760 | G137: 31380 | H137: 26320 | I137: 26580 | J137: 31700 | K137: 26950 | L137: =SUM(B137:K137) -> 231580 | M137: 265963.08 | N137: =IF(OR(O137<24300,P137<25700),MAX(L137,M137),L137) -> 265963.08 | O137: 10000 | P137: 30030 | Q137: 53209 | R137: =IF(Q137>0,"Yes",IF(OR((O137+P137<50000),O137<20000,P137<30030),"Yes","No")) -> Yes
A138: 45762 | B138: 11140 | C138: 10840 | D138: 10010 | E138: 12680 | F138: 12950 | G138: 13520 | H138: 11410 | I138: 11360 | J138: 13230 | K138: 11780 | L138: =SUM(B138:K138) -> 118920 | M138: 90312.022 | N138: =IF(OR(O138<24300,P138<25700),MAX(L138,M138),L138) -> 118920 | O138: 20000 | P138: 30030 | Q138: 18282 | R138: =IF(Q138>0,"Yes",IF(OR((O138+P138<50000),O138<20000,P138<30030),"Yes","No")) -> Yes
A139: 45763 | B139: 28930 | C139: 28160 | D139: 26670 | E139: 33510 | F139: 34350 | G139: 40740 | H139: 34180 | I139: 34410 | J139: 40430 | K139: 34650 | L139: =SUM(B139:K139) -> 336030 | M139: 327626.99 | N139: =IF(OR(O139<24300,P139<25700),MAX(L139,M139),L139) -> 336030 | O139: 20000 | P139: 30030 | Q139: 0 | R139: =IF(Q139>0,"Yes",IF(OR((O139+P139<50000),O139<20000,P139<30030),"Yes","No")) -> No
A140: 45764 | B140: 23050 | C140: 22530 | D140: 21010 | E140: 26650 | F140: 27130 | G140: 30390 | H140: 25760 | I140: 25570 | J140: 29460 | K140: 26450 | L140: =SUM(B140:K140) -> 258000 | M140: 233647.42 | N140: =IF(OR(O140<24300,P140<25700),MAX(L140,M140),L140) -> 258000 | O140: 20000 | P140: 30030 | Q140: 0 | R140: =IF(Q140>0,"Yes",IF(OR((O140+P140<50000),O140<20000,P140<30030),"Yes","No")) -> No
A141: 45765 | B141: 18970 | C141: 18390 | D141: 17120 | E141: 21600 | F141: 22170 | G141: 23810 | H141: 20300 | I141: 19910 | J141: 22890 | K141: 20430 | L141: =SUM(B141:K141) -> 205590 | M141: 179768.12 | N141: =IF(OR(O141<24300,P141<25700),MAX(L141,M141),L141) -> 205590 | O141: 20000 | P141: 30030 | Q141: 0 | R141: =IF(Q141>0,"Yes",IF(OR((O141+P141<50000),O141<20000,P141<30030),"Yes","No")) -> No
A142: 45766 | B142: 20460 | C142: 20280 | D142: 19180 | E142: 24300 | F142: 15570 | G142: 28420 | H142: 22570 | I142: 22390 | J142: 24910 | K142: 22140 | L142: =SUM(B142:K142) -> 220220 | M142: 217085.51 | N142: =IF(OR(O142<24300,P142<25700),MAX(L142,M142),L142) -> 220220 | O142: 20000 | P142: 30030 | Q142: 0 | R142: =IF(Q142>0,"Yes",IF(OR((O142+P142<50000),O142<20000,P142<30030),"Yes","No")) -> No
A143: 45767 | B143: 27810 | C143: 27880 | D143: 24660 | E143: 31420 | F143: 30850 | G143: 38810 | H143: 31790 | I143: 32730 | J143: 37880 | K143: 32350 | L143: =SUM(B143:K143) -> 316180 | M143: 325549.37 | N143: =IF(OR(O143<24300,P143<25700),MAX(L143,M143),L143) -> 325549.37 | O143: 20000 | P143: 30030 | Q143: 0 | R143: =IF(Q143>0,"Yes",IF(OR((O143+P143<50000),O143<20000,P143<30030),"Yes","No")) -> No
A144: 45768 | B144: 18340 | C144: 18430 | D144: 17020 | E144: 21010 | F144: 21640 | G144: 23760 | H144: 19750 | I144: 19600 | J144: 23220 | K144: 20290 | L144: =SUM(B144:K144) -> 203060 | M144: 192961.75 | N144: =IF(OR(O144<24300,P144<25700),MAX(L144,M144),L144) -> 203060 | O144: 20000 | P144: 30030 | Q144: 0 | R144: =IF(Q144>0,"Yes",IF(OR((O144+P144<50000),O144<20000,P144<30030),"Yes","No")) -> No
A145: 45769 | B145: 21590 | C145: 24150 | D145: 22820 | E145: 27240 | F145: 29400 | G145: 24480 | H145: 20890 | I145: 20680 | J145: 23880 | K145: 19930 | L145: =SUM(B145:K145) -> 235060 | M145: 246151.09 | N145: =IF(OR(O145<24300,P145<25700),MAX(L145,M145),L145) -> 246151.09 | O145: 20000 | P145: 30030 | Q145: 0 | R145: =IF(Q145>0,"Yes",IF(OR((O145+P145<50000),O145<20000,P145<30030),"Yes","No")) -> No
A146: 45770 | B146: 19090 | C146: 19280 | D146: 17630 | E146: 21410 | F146: 22510 | G146: 24510 | H146: 20580 | I146: 20390 | J146: 23760 | K146: 19360 | L146: =SUM(B146:K146) -> 208520 | M146: 189123.65 | N146: =IF(OR(O146<24300,P146<25700),MAX(L146,M146),L146) -> 208520 | O146: 20000 | P146: 26831 | Q146: 0 | R146: =IF(Q146>0,"Yes",IF(OR((O146+P146<50000),O146<20000,P146<30030),"Yes","No")) -> Yes
A147: 45771 | B147: 13580 | C147: 13610 | D147: 12640 | E147: 15240 | F147: 16380 | G147: 17460 | H147: 14110 | I147: 14510 | J147: 17880 | K147: 13640 | L147: =SUM(B147:K147) -> 149050 | M147: 128389.85 | N147: =IF(OR(O147<24300,P147<25700),MAX(L147,M147),L147) -> 149050 | O147: 12347 | P147: 30030 | Q147: 4878 | R147: =IF(Q147>0,"Yes",IF(OR((O147+P147<50000),O147<20000,P147<30030),"Yes","No")) -> Yes
... A177: 45801 | B177: 23990 | C177: 24760 | D177: 19400 | E177: 21030 | F177: 21920 | G177: 29810 | H177: 23560 | I177: 25670 | J177: 29810 | K177: 24580 | L177: =SUM(B177:K177) -> 244530 | M177: 235993.86 | N177: =IF(OR(O177<24300,P177<25700),MAX(L177,M177),L177) -> 244530 | O177: 20000 | P177: 30030 | Q177: 0 | R177: =IF(Q177>0,"Yes",IF(OR((O177+P177<50000),O177<20000,P177<30030),"Yes","No")) -> No
A178: 45802 | B178: 30870 | C178: 32370 | D178: 23210 | E178: 24500 | F178: 25300 | G178: 40900 | H178: 31410 | I178: 34520 | J178: 39970 | K178: 33300 | L178: =SUM(B178:K178) -> 316350 | M178: 316041.96 | N178: =IF(OR(O178<24300,P178<25700),MAX(L178,M178),L178) -> 316350 | O178: 22000 | P178: 30030 | Q178: 0 | R178: =IF(Q178>0,"Yes",IF(OR((O178+P178<50000),O178<22000,P178<30030),"Yes","No")) -> No
A179: 45803 | B179: 29560 | C179: 29560 | D179: 24710 | E179: 25980 | F179: 27530 | G179: 35220 | H179: 28720 | I179: 29940 | J179: 36210 | K179: 29140 | L179: =SUM(B179:K179) -> 296570 | M179: 286092.01 | N179: =IF(OR(O179<24300,P179<25700),MAX(L179,M179),L179) -> 296570 | O179: 22000 | P179: 30030 | Q179: 0 | R179: =IF(Q179>0,"Yes",IF(OR((O179+P179<50000),O179<22000,P179<30030),"Yes","No")) -> No
A180: 45804 | B180: 5310 | C180: 5590 | D180: 5000 | E180: 6190 | F180: 6530 | G180: 6570 | H180: 5300 | I180: 5710 | J180: 6400 | K180: 5530 | L180: =SUM(B180:K180) -> 58130 | M180: 42435.911 | N180: =IF(OR(O180<24300,P180<25700),MAX(L180,M180),L180) -> 58130 | O180: 22000 | P180: 30030 | Q180: 0 | R180: =IF(Q180>0,"Yes",IF(OR((O180+P180<50000),O180<22000,P180<30030),"Yes","No")) -> No
A181: 45805 | B181: 29230 | C181: 30820 | D181: 25430 | E181: 28350 | F181: 28940 | G181: 39140 | H181: 31260 | I181: 33070 | J181: 36940 | K181: 32280 | L181: =SUM(B181:K181) -> 315460 | M181: 310332.25 | N181: =IF(OR(O181<24300,P181<25700),MAX(L181,M181),L181) -> 315460 | O181: 22000 | P181: 22730 | Q181: 0 | R181: =IF(Q181>0,"Yes",IF(OR((O181+P181<50000),O181<22000,P181<30030),"Yes","No")) -> Yes
A182: 45806 | B182: 27670 | C182: 28150 | D182: 24280 | E182: 26160 | F182: 27480 | G182: 24200 | H182: 19560 | I182: 20460 | J182: 23700 | K182: 19750 | L182: =SUM(B182:K182) -> 241410 | M182: 280246.16 | N182: =IF(OR(O182<24300,P182<25700),MAX(L182,M182),L182) -> 280246.16 | O182: 22000 | P182: 30030 | Q182: 53107 | R182: =IF(Q182>0,"Yes",IF(OR((O182+P182<50000),O182<22000,P182<30030),"Yes","No")) -> Yes
A183: 45807 | B183: 29150 | C183: 29530 | D183: 24540 | E183: 25820 | F183: 27380 | G183: 36900 | H183: 29280 | I183: 31480 | J183: 36710 | K183: 30060 | L183: =SUM(B183:K183) -> 300850 | M183: 290664.86 | N183: =IF(OR(O183<24300,P183<25700),MAX(L183,M183),L183) -> 300850 | O183: 22000 | P183: 30030 | Q183: 0 | R183: =IF(Q183>0,"Yes",IF(OR((O183+P183<50000),O183<22000,P183<30030),"Yes","No")) -> No
A184: 45808 | B184: 21660 | C184: 22880 | D184: 19600 | E184: 22490 | F184: 23410 | G184: 27780 | H184: 21540 | I184: 23250 | J184: 26570 | K184: 23660 | L184: =SUM(B184:K184) -> 232840 | M184: 210444.42 | N184: =IF(OR(O184<24300,P184<25700),MAX(L184,M184),L184) -> 232840 | O184: 22000 | P184: 30030 | Q184: 0 | R184: =IF(Q184>0,"Yes",IF(OR((O184+P184<50000),O184<22000,P184<30030),"Yes","No")) -> No
A185: 45809 | B185: 12280 | C185: 12980 | D185: 11600 | E185: 14180 | F185: 14950 | G185: 14570 | H185: 12030 | I185: 12780 | J185: 14250 | K185: 13110 | L185: =SUM(B185:K185) -> 132730 | M185: 119804.32 | N185: =IF(OR(O185<24300,P185<25700),MAX(L185,M185),L185) -> 132730 | O185: 22000 | P185: 30030 | Q185: 0 | R185: =IF(Q185>0,"Yes",IF(OR((O185+P185<50000),O185<22000,P185<30030),"Yes","No")) -> No
A186: 45810 | B186: 13570 | C186: 14380 | D186: 12900 | E186: 15740 | F186: 16690 | G186: 17010 | H186: 13440 | I186: 14470 | J186: 16210 | K186: 14930 | L186: =SUM(B186:K186) -> 149340 | M186: 135178.35 | N186: =IF(OR(O186<24300,P186<25700),MAX(L186,M186),L186) -> 149340 | O186: 22000 | P186: 23479 | Q186: 0 | R186: =IF(Q186>0,"Yes",IF(OR((O186+P186<50000),O186<22000,P186<30030),"Yes","No")) -> Yes
A187: 45811 | B187: 14870 | C187: 16100 | D187: 15300 | E187: 19040 | F187: 19750 | G187: 18160 | H187: 13400 | I187: 15330 | J187: 16700 | K187: 15720 | L187: =SUM(B187:K187) -> 164370 | M187: 163226.78 | N187: =IF(OR(O187<24300,P187<25700),MAX(L187,M187),L187) -> 164370 | O187: 22000 | P187: 30030 | Q187: 16449 | R187: =IF(Q187>0,"Yes",IF(OR((O187+P187<50000),O187<22000,P187<30030),"Yes","No")) -> Yes
A188: 45812 | B188: 14960 | C188: 16350 | D188: 21860 | E188: 25860 | F188: 27060 | G188: 30490 | H188: 23060 | I188: 25700 | J188: 28660 | K188: 26490 | L188: =SUM(B188:K188) -> 240490 | M188: 247161.38 | N188: =IF(OR(O188<24300,P188<25700),MAX(L188,M188),L188) -> 247161.38 | O188: 22000 | P188: 30030 | Q188: 0 | R188: =IF(Q188>0,"Yes",IF(OR((O188+P188<50000),O188<22000,P188<30030),"Yes","No")) -> No
A189: 45813 | B189: 16620 | C189: 17200 | D189: 19680 | E189: 23590 | F189: 24940 | G189: 28030 | H189: 22160 | I189: 24020 | J189: 28010 | K189: 24650 | L189: =SUM(B189:K189) -> 228900 | M189: 239890.27 | N189: =IF(OR(O189<24300,P189<25700),MAX(L189,M189),L189) -> 239890.27 | O189: 22000 | P189: 30030 | Q189: 0 | R189: =IF(Q189>0,"Yes",IF(OR((O189+P189<50000),O189<22000,P189<30030),"Yes","No")) -> No
... A220: 45844 | B220: 19180 | C220: 9430 | D220: 15680 | E220: 19670 | F220: 20980 | G220: 23050 | H220: 18920 | I220: 19260 | J220: 22230 | K220: 19370 | L220: =SUM(B220:K220) -> 187770 | M220: 197180.83 | N220: =IF(OR(O220<24300,P220<25700),MAX(L220,M220),L220) -> 197180.83 | O220: 10919 | P220: 27402 | Q220: 0 | R220: =IF(Q220>0,"Yes",IF(OR((O220+P220<50000),O220<22000,P220<30030),"Yes","No")) -> Yes
A221: 45845 | B221: 14410 | C221: 15680 | D221: 12640 | E221: 15610 | F221: 16140 | G221: 17860 | H221: 15120 | I221: 15070 | J221: 16530 | K221: 15460 | L221: =SUM(B221:K221) -> 154520 | M221: 168419.66 | N221: =IF(OR(O221<24300,P221<25700),MAX(L221,M221),L221) -> 168419.66 | O221: 24000 | P221: 30030 | Q221: 46128 | R221: =IF(Q221>0,"Yes",IF(OR((O221+P221<50000),O221<24000,P221<30030),"Yes","No")) -> Yes
A222: 45846 | B222: 30730 | C222: 30260 | D222: 26350 | E222: 33750 | F222: 35440 | G222: 40340 | H222: 34130 | I222: 33720 | J222: 36630 | K222: 34530 | L222: =SUM(B222:K222) -> 335880 | M222: 336302.69 | N222: =IF(OR(O222<24300,P222<25700),MAX(L222,M222),L222) -> 336302.69 | O222: 24000 | P222: 30030 | Q222: 0 | R222: =IF(Q222>0,"Yes",IF(OR((O222+P222<50000),O222<24000,P222<30030),"Yes","No")) -> No
A223: 45847 | B223: 25490 | C223: 25050 | D223: 21710 | E223: 27610 | F223: 28320 | G223: 32270 | H223: 27020 | I223: 27680 | J223: 30990 | K223: 27700 | L223: =SUM(B223:K223) -> 273840 | M223: 268966.05 | N223: =IF(OR(O223<24300,P223<25700),MAX(L223,M223),L223) -> 273840 | O223: 24000 | P223: 30030 | Q223: 0 | R223: =IF(Q223>0,"Yes",IF(OR((O223+P223<50000),O223<24000,P223<30030),"Yes","No")) -> No
A224: 45848 | B224: 21600 | C224: 20560 | D224: 17890 | E224: 22930 | F224: 23450 | G224: 25310 | H224: 21280 | I224: 21630 | J224: 24190 | K224: 22210 | L224: =SUM(B224:K224) -> 221050 | M224: 205322.23 | N224: =IF(OR(O224<24300,P224<25700),MAX(L224,M224),L224) -> 221050 | O224: 24000 | P224: 29154 | Q224: 0 | R224: =IF(Q224>0,"Yes",IF(OR((O224+P224<50000),O224<24000,P224<30030),"Yes","No")) -> Yes
A225: 45849 | B225: 24940 | C225: 23830 | D225: 20520 | E225: 26410 | F225: 26670 | G225: 27950 | H225: 15570 | I225: 23680 | J225: 25930 | K225: 24390 | L225: =SUM(B225:K225) -> 239890 | M225: 234850.6 | N225: =IF(OR(O225<24300,P225<25700),MAX(L225,M225),L225) -> 239890 | O225: 24000 | P225: 30030 | Q225: 1819 | R225: =IF(Q225>0,"Yes",IF(OR((O225+P225<50000),O225<24000,P225<30030),"Yes","No")) -> Yes
A226: 45850 | B226: 20420 | C226: 19290 | D226: 17150 | E226: 21340 | F226: 22070 | G226: 24900 | H226: 21040 | I226: 21120 | J226: 24050 | K226: 20990 | L226: =SUM(B226:K226) -> 212370 | M226: 200899.03 | N226: =IF(OR(O226<24300,P226<25700),MAX(L226,M226),L226) -> 212370 | O226: 24000 | P226: 30030 | Q226: 0 | R226: =IF(Q226>0,"Yes",IF(OR((O226+P226<50000),O226<24000,P226<30030),"Yes","No")) -> No
A227: 45851 | B227: 25920 | C227: 25010 | D227: 26000 | E227: 27400 | F227: 25670 | G227: 32260 | H227: 25120 | I227: 27250 | J227: 30390 | K227: 28530 | L227: =SUM(B227:K227) -> 273550 | M227: 259508.71 | N227: =IF(OR(O227<24300,P227<25700),MAX(L227,M227),L227) -> 273550 | O227: 23633 | P227: 26449 | Q227: 0 | R227: =IF(Q227>0,"Yes",IF(OR((O227+P227<50000),O227<24000,P227<30030),"Yes","No")) -> Yes
A228: 45852 | B228: 27060 | C228: 26340 | D228: 22940 | E228: 29610 | F228: 28160 | G228: 33510 | H228: 28320 | I228: 28760 | J228: 32400 | K228: 29370 | L228: =SUM(B228:K228) -> 286470 | M228: 283472.79 | N228: =IF(OR(O228<24300,P228<25700),MAX(L228,M228),L228) -> 286470 | O228: 12000 | P228: 12617 | Q228: 5629 | R228: =IF(Q228>0,"Yes",IF(OR((O228+P228<50000),O228<24000,P228<30030),"Yes","No")) -> Yes
A229: 45853 | B229: 5160 | C229: 5300 | D229: 4980 | E229: 6030 | F229: 6160 | G229: 6700 | H229: 5680 | I229: 5720 | J229: 6180 | K229: 5850 | L229: =SUM(B229:K229) -> 57760 | M229: 49058.785 | N229: =IF(OR(O229<24300,P229<25700),MAX(L229,M229),L229) -> 57760 | O229: 10483 | P229: 24897 | Q229: 23889 | R229: =IF(Q229>0,"Yes",IF(OR((O229+P229<50000),O229<24000,P229<30030),"Yes","No")) -> Yes
A230: 45854 | B230: 18380 | C230: 17640 | D230: 16170 | E230: 20410 | F230: 20260 | G230: 25770 | H230: 22000 | I230: 21890 | J230: 24570 | K230: 22730 | L230: =SUM(B230:K230) -> 209820 | M230: 252700.65 | N230: =IF(OR(O230<24300,P230<25700),MAX(L230,M230),L230) -> 252700.65 | O230: 20611 | P230: 26094 | Q230: 65945 | R230: =IF(Q230>0,"Yes",IF(OR((O230+P230<50000),O230<24000,P230<30030),"Yes","No")) -> Yes
A231: 45855 | B231: 6720 | C231: 6900 | D231: 6210 | E231: 7860 | F231: 7610 | G231: 8210 | H231: 7050 | I231: 7030 | J231: 8150 | K231: 7310 | L231: =SUM(B231:K231) -> 73050 | M231: 62244.615 | N231: =IF(OR(O231<24300,P231<25700),MAX(L231,M231),L231) -> 73050 | O231: 24000 | P231: 24000 | Q231: 1012 | R231: =IF(Q231>0,"Yes",IF(OR((O231+P231<50000),O231<24000,P231<30030),"Yes","No")) -> Yes
A232: 45856 | B232: 25260 | C232: 25580 | D232: 23090 | E232: 29030 | F232: 26730 | G232: 29880 | H232: 25380 | I232: 25360 | J232: 29240 | K232: 26110 | L232: =SUM(B232:K232) -> 265660 | M232: 255769.44 | N232: =IF(OR(O232<24300,P232<25700),MAX(L232,M232),L232) -> 265660 | O232: 24000 | P232: 29511 | Q232: 0 | R232: =IF(Q232>0,"Yes",IF(OR((O232+P232<50000),O232<24000,P232<30030),"Yes","No")) -> Yes
... A426: 46050 | B426: 16650 | C426: 16360 | D426: 14710 | E426: 18470 | F426: 19130 | G426: 18990 | H426: 16470 | I426: 16240 | J426: 19010 | K426: 17060 | L426: =SUM(B426:K426) -> 173090 | M426: 153369.5 | N426: =IF(OR(O426<24300,P426<25700),MAX(L426,M426),L426) -> 173090 | O426: 24000 | P426: 30030 | Q426: 0 | R426: =IF(Q426>0,"Yes",IF(OR((O426+P426<50000),O426<24000,P426<30030),"Yes","No")) -> No
A427: 46051 | B427: 19570 | C427: 18530 | D427: 17140 | E427: 20440 | F427: 22770 | G427: 22570 | H427: 20570 | I427: 20580 | J427: 25660 | K427: 21210 | L427: =SUM(B427:K427) -> 209040 | M427: 223794.5 | N427: =IF(OR(O427<24300,P427<25700),MAX(L427,M427),L427) -> 223794.5 | O427: 23000 | P427: 27000 | Q427: 0 | R427: =IF(Q427>0,"Yes",IF(OR((O427+P427<50000),O427<23000,P427<27000),"Yes","No")) -> No
A428: 46052 | B428: 19700 | C428: 19530 | D428: 17470 | E428: 22200 | F428: 22730 | G428: 22960 | H428: 19900 | I428: 19530 | J428: 22840 | K428: 20620 | L428: =SUM(B428:K428) -> 207480 | M428: 188568.33 | N428: =IF(OR(O428<24300,P428<25700),MAX(L428,M428),L428) -> 207480 | O428: 24000 | P428: 26000 | Q428: 0 | R428: =IF(Q428>0,"Yes",IF(OR((O428+P428<50000),O428<24000,P428<26000),"Yes","No")) -> No
A429: 46053 | B429: 24680 | C429: 24400 | D429: 21940 | E429: 27790 | F429: 28230 | G429: 28950 | H429: 24490 | I429: 24360 | J429: 28280 | K429: 25310 | L429: =SUM(B429:K429) -> 258430 | M429: 253490.83 | N429: =IF(OR(O429<24300,P429<25700),MAX(L429,M429),L429) -> 258430 | O429: 24000 | P429: 26000 | Q429: 0 | R429: =IF(Q429>0,"Yes",IF(OR((O429+P429<50000),O429<24000,P429<26000),"Yes","No")) -> No
A430: 46054 | B430: 22630 | C430: 22570 | D430: 20130 | E430: 25970 | F430: 26040 | G430: 27730 | H430: 23250 | I430: 23690 | J430: 26960 | K430: 24530 | L430: =SUM(B430:K430) -> 243500 | M430: 247062.56 | N430: =IF(OR(O430<24300,P430<25700),MAX(L430,M430),L430) -> 247062.56 | O430: 24000 | P430: 26000 | Q430: 0 | R430: =IF(Q430>0,"Yes",IF(OR((O430+P430<50000),O430<24000,P430<26000),"Yes","No")) -> No
A431: 46055 | B431: 24730 | C431: 24750 | D431: 21850 | E431: 28010 | F431: 28110 | G431: 29330 | H431: 24550 | I431: 24510 | J431: 27990 | K431: 25220 | L431: =SUM(B431:K431) -> 259050 | M431: 257011.12 | N431: =IF(OR(O431<24300,P431<25700),MAX(L431,M431),L431) -> 259050 | O431: 24000 | P431: 26000 | Q431: 0 | R431: =IF(Q431>0,"Yes",IF(OR((O431+P431<50000),O431<24000,P431<26000),"Yes","No")) -> No
A432: 46056 | B432: 20100 | C432: 19260 | D432: 17660 | E432: 21940 | F432: 22590 | G432: 18910 | H432: 15790 | I432: 15960 | J432: 19370 | K432: 16230 | L432: =SUM(B432:K432) -> 187810 | M432: 228058.25 | N432: =IF(OR(O432<24300,P432<25700),MAX(L432,M432),L432) -> 228058.25 | O432: 19967 | P432: 16815 | Q432: 72250 | R432: =IF(Q432>0,"Yes",IF(OR((O432+P432<50000),O432<24000,P432<26000),"Yes","No")) -> Yes
A433: 46057 | B433: 17700 | C433: 17340 | D433: 15460 | E433: 19530 | F433: 19740 | G433: 20060 | H433: 16850 | I433: 16590 | J433: 18860 | K433: 17070 | L433: =SUM(B433:K433) -> 179200 | M433: 174108.15 | N433: =IF(OR(O433<24300,P433<25700),MAX(L433,M433),L433) -> 179200 | O433: 20000 | P433: 21515 | Q433: 30362 | R433: =IF(Q433>0,"Yes",IF(OR((O433+P433<50000),O433<24000,P433<26000),"Yes","No")) -> Yes
A434: 46058 | B434: 34860 | C434: 34910 | D434: 32010 | E434: 40580 | F434: 40950 | G434: 29220 | H434: 24170 | I434: 24290 | J434: 28340 | K434: 24630 | L434: =SUM(B434:K434) -> 313960 | M434: 401386.03 | N434: =IF(OR(O434<24300,P434<25700),MAX(L434,M434),L434) -> 401386.03 | O434: 24000 | P434: 19983 | Q434: 73395 | R434: =IF(Q434>0,"Yes",IF(OR((O434+P434<50000),O434<24000,P434<26000),"Yes","No")) -> Yes
A435: 46059 | B435: 18620 | C435: 18220 | D435: 16280 | E435: 20540 | F435: 21190 | G435: 17830 | H435: 15300 | I435: 15010 | J435: 17500 | K435: 15840 | L435: =SUM(B435:K435) -> 176330 | M435: 178277.99 | N435: =IF(OR(O435<24300,P435<25700),MAX(L435,M435),L435) -> 178277.99 | O435: 24000 | P435: 17336 | Q435: 16807 | R435: =IF(Q435>0,"Yes",IF(OR((O435+P435<50000),O435<24000,P435<26000),"Yes","No")) -> Yes
A436: 46060 | B436: 30490 | C436: 30370 | D436: 28060 | E436: 35500 | F436: 36530 | G436: 38330 | H436: 32710 | I436: 32240 | J436: 37180 | K436: 33170 | L436: =SUM(B436:K436) -> 334580 | M436: 345164.45 | N436: =IF(OR(O436<24300,P436<25700),MAX(L436,M436),L436) -> 345164.45 | O436: 24000 | P436: 25628 | Q436: 359 | R436: =IF(Q436>0,"Yes",IF(OR((O436+P436<50000),O436<24000,P436<26000),"Yes","No")) -> Yes
A437: 46061 | B437: 25590 | C437: 25270 | D437: 22690 | E437: 28760 | F437: 29430 | G437: 30130 | H437: 25140 | I437: 24950 | J437: 29190 | K437: 26140 | L437: =SUM(B437:K437) -> 267290 | M437: 260481.88 | N437: =IF(OR(O437<24300,P437<25700),MAX(L437,M437),L437) -> 267290 | O437: 24000 | P437: 25242 | Q437: 1666 | R437: =IF(Q437>0,"Yes",IF(OR((O437+P437<50000),O437<24000,P437<26000),"Yes","No")) -> Yes
A438: 46062 | B438: 21240 | C438: 20780 | D438: 18650 | E438: 23690 | F438: 23150 | G438: 24580 | H438: 19550 | I438: 19410 | J438: 21890 | K438: 19750 | L438: =SUM(B438:K438) -> 212690 | M438: 216292.11 | N438: =IF(OR(O438<24300,P438<25700),MAX(L438,M438),L438) -> 216292.11 | O438: 24000 | P438: 26000 | Q438: 0 | R438: =IF(Q438>0,"Yes",IF(OR((O438+P438<50000),O438<24000,P438<26000),"Yes","No")) -> No
A439: 46063 | B439: 17710 | C439: 18160 | D439: 15620 | E439: 20070 | F439: 20350 | G439: 21490 | H439: 18380 | I439: 18090 | J439: 20980 | K439: 19300 | L439: =SUM(B439:K439) -> 190150 | M439: 176570.68 | N439: =IF(OR(O439<24300,P439<25700),MAX(L439,M439),L439) -> 190150 | O439: 24000 | P439: 26000 | Q439: 0 | R439: =IF(Q439>0,"Yes",IF(OR((O439+P439<50000),O439<24000,P439<26000),"Yes","No")) -> No
... A518: 46142 | B518: 25110 | C518: 23920 | D518: 21790 | E518: 26590 | F518: 28200 | G518: 30060 | H518: 23690 | I518: 23710 | J518: 31650 | K518: 26220 | L518: =SUM(B518:K518) -> 260940 | M518: 259532.21 | N518: =IF(OR(O518<24300,P518<25700),MAX(L518,M518),L518) -> 260940 | O518: 24000 | P518: 26000 | Q518: 0 | R518: =IF(Q518>0,"Yes",IF(OR((O518+P518<50000),O518<24000,P518<26000),"Yes","No")) -> No
A519: 46143 | B519: 26990 | C519: 25900 | D519: 23710 | E519: 29660 | F519: 30260 | G519: 32860 | H519: 26120 | I519: 25480 | J519: 30200 | K519: 26910 | L519: =SUM(B519:K519) -> 278090 | N519: =IF(OR(O519<24300,P519<25700),MAX(L519,M519),L519) -> 278090 | O519: 24000 | P519: 26000 | R519: =IF(Q519>0,"Yes",IF(OR((O519+P519<50000),O519<24000,P519<26000),"Yes","No")) -> No
A520: 46144 | B520: 27420 | C520: 26390 | D520: 24260 | E520: 30050 | F520: 31020 | G520: 33380 | H520: 25330 | I520: 25630 | J520: 32390 | K520: 27780 | L520: =SUM(B520:K520) -> 283650 | N520: =IF(OR(O520<24300,P520<25700),MAX(L520,M520),L520) -> 283650 | O520: 24000 | P520: 24989 | R520: =IF(Q520>0,"Yes",IF(OR((O520+P520<50000),O520<24000,P520<26000),"Yes","No")) -> Yes
A521: 46145 | B521: 21480 | C521: 19460 | D521: 17930 | E521: 21200 | F521: 22610 | G521: 23310 | H521: 18980 | I521: 18760 | J521: 23800 | K521: 19660 | L521: =SUM(B521:K521) -> 207190 | N521: =IF(OR(O521<24300,P521<25700),MAX(L521,M521),L521) -> 207190 | O521: 24000 | P521: 26000 | R521: =IF(Q521>0,"Yes",IF(OR((O521+P521<50000),O521<24000,P521<26000),"Yes","No")) -> No
A522: 46146 | B522: 21810 | C522: 21430 | D522: 18740 | E522: 23400 | F522: 24030 | G522: 26080 | H522: 21150 | I522: 21170 | J522: 26170 | K522: 22380 | L522: =SUM(B522:K522) -> 226360 | N522: =IF(OR(O522<24300,P522<25700),MAX(L522,M522),L522) -> 226360 | O522: 24000 | P522: 26000 | R522: =IF(Q522>0,"Yes",IF(OR((O522+P522<50000),O522<24000,P522<26000),"Yes","No")) -> No
A523: 46147 | B523: 17280 | C523: 16200 | D523: 14890 | E523: 17980 | F523: 19030 | G523: 19350 | H523: 15760 | I523: 15380 | J523: 18930 | K523: 16000 | L523: =SUM(B523:K523) -> 170800 | N523: =IF(OR(O523<24300,P523<25700),MAX(L523,M523),L523) -> 170800 | O523: 12000 | P523: 24992 | R523: =IF(Q523>0,"Yes",IF(OR((O523+P523<50000),O523<24000,P523<26000),"Yes","No")) -> Yes
A524: 46148 | B524: 25750 | C524: 24880 | D524: 21600 | E524: 26680 | F524: 26840 | G524: 29110 | H524: 22800 | I524: 23110 | J524: 27510 | K524: 23520 | L524: =SUM(B524:K524) -> 251800 | N524: =IF(OR(O524<24300,P524<25700),MAX(L524,M524),L524) -> 251800 | O524: 24000 | P524: 26000 | R524: =IF(Q524>0,"Yes",IF(OR((O524+P524<50000),O524<24000,P524<26000),"Yes","No")) -> No
A525: 46149 | B525: 19410 | C525: 18630 | D525: 16260 | E525: 20060 | F525: 20910 | G525: 22510 | H525: 18210 | I525: 18190 | J525: 22280 | K525: 18520 | L525: =SUM(B525:K525) -> 194980 | N525: =IF(OR(O525<24300,P525<25700),MAX(L525,M525),L525) -> 194980 | O525: 24000 | P525: 26000 | R525: =IF(Q525>0,"Yes",IF(OR((O525+P525<50000),O525<24000,P525<26000),"Yes","No")) -> No
...

Sheet Sheet2
A1: Date | B1: Energy (kWh) | C1: GHI | D1: SY | E1: PR | F1: Availability | G1: OG1 | H1: OG2 | I1: OG3 | J1: OG4 | K1: OG5 | L1: Total Meter Generation (kWh) | M1: PAE Energy (kWh) | N1: Curtailed Energy (kWh) | O1: Generation (kWh) | P1: Corrected Meter Generation (kWh) | Q1: STS1 | R1: STS2 | S1: STS3 | T1: STS4 | U1: STS5 | V1: STS6 | W1: STS7 | X1: STS8 | Y1: STS9 | Z1: STS10 | AA1: Total STS Generation (kWh) | AB1: Corrected STS Generation (kWh) | AC1: Auxiliary Energy (kWh) | AD1: STS12 | AE1: STS22 | AF1: STS32 | AG1: STS42 | AH1: STS52 | AI1: STS62 | AJ1: STS72 | AK1: STS82 | AL1: STS92 | AM1: STS102 | AN1: MTR-STS Ratio (Mtr/Inv) | AO1: Daily Specific Yield | AP1: WS01 | AQ1: WS02 | AR1: WS03 | AS1: WS04 | AT1: WS05 | AU1: Average GHI | AV1: Plant Performance Ratio (PR) | AW1: Corrected Plant PR | AX1: System Availability (%) | AY1: PV Capacity (kWp) | AZ1: AC Capacity | BA1: Busbar 1 (STS 1 - 5) | BB1: Busbar 2 (STS 6 - 10) | BC1: Special remarks (any event happened causing low Performance?)
A2: 45688 | B2: 244325.41 | C2: 4.2064516 | D2: 3.4480284 | E2: 0.8197 | F2: 0.99 | G2: 56274.5 | H2: 0 | I2: 25059.37 | J2: 38917.74 | K2: 44454 | L2: 164705.61 | M2: 212112.5 | N2: 47406.89 | O2: 212112.5 | P2: 212112.5 | Q2: 18110 | R2: 18400 | S2: 3850 | T2: 3970 | U2: 3990 | V2: 19760 | W2: 16790 | X2: 16820 | Y2: 9750 | Z2: 17250 | AA2: 128690 | AB2: 176096.89 | AC2: 1380.38 | AD2: 0.8491 | AE2: 0.8624 | AF2: 0.2018 | AG2: 0.164 | AH2: 0.1684 | AI2: 0.7628 | AJ2: 0.785 | AK2: 0.749 | AL2: 0.784 | AM2: 0.7747 | AN2: 0.78133343 | AO2: 3.139152 | AP2: 3.15 | AQ2: 3.11 | AR2: 3.24 | AS2: 3.18 | AT2: 3.16 | AU2: 3.168 | AV2: 0.6101 | AW2: 0.99089394 | AX2: 0.998 | AY2: 67570 | AZ2: 53692 | BA2: 11900 | BB2: 26730 | BC2: - There is a power limitation on STS3, STS4 and STS5. - There is a power limitation on the STS6-STS10 because only one feeder line is available
A3: 45687 | B3: 244325.41 | C3: 4.2064516 | D3: 3.4480284 | E3: 0.8197 | F3: 0.99 | G3: 47274 | H3: 0 | I3: 39988.37 | J3: 14003.26 | K3: 43371 | L3: 144636.63 | M3: 173235.33 | N3: 28598.7 | O3: 173235.33 | P3: 173235.33 | Q3: 19520 | R3: 19480 | S3: 4010 | T3: 4130 | U3: 4140 | V3: 24280 | W3: 20810 | X3: 20570 | Y3: 11860 | Z3: 21450 | AA3: 150250 | AB3: 178848.7 | AC3: 1328.37 | AD3: 0.8685 | AE3: 0.8668 | AF3: 0.2032 | AG3: 0.1646 | AH3: 0.1661 | AI3: 0.9288 | AJ3: 0.9397 | AK3: 0.9076 | AL3: 0.9211 | AM3: 0.9307 | AN3: 1.0388102 | AO3: 2.5637906 | AP3: 3.26 | AQ3: 3.27 | AR3: 3.27 | AS3: 3.29 | AT3: 3.33 | AU3: 3.284 | AV3: 0.6897 | AW3: 0.78069141 | AX3: 0.998 | AY3: 67570 | AZ3: 53692 | BA3: 11900 | BB3: 11900 | BC3: - There is a power limitation on STS3, STS4 and STS5 - Request outage OG.4 NST.2 due to Relocation of Medium Voltage Cable Line (SKTM) affected by the KIPP Project and Rest Poll Jumper Configuration
A4: 45686 | B4: 244325.41 | C4: 4.2064516 | D4: 3.4480284 | E4: 0.8197 | F4: 0.99 | G4: 36207.5 | H4: 0 | I4: 13821.255 | J4: 30329.12 | K4: 22996 | L4: 103353.88 | M4: 101943.5 | N4: 0 | O4: 103353.88 | P4: 103353.88 | Q4: 12510 | R4: 12470 | S4: 4290 | T4: 4370 | U4: 4370 | V4: 15510 | W4: 13170 | X4: 13060 | Y4: 7450 | Z4: 13590 | AA4: 100790 | AB4: 100790 | AC4: 1438.9 | AD4: 0.9171 | AE4: 0.9146 | AF4: 0.359 | AG4: 0.288 | AH4: 0.2898 | AI4: 0.9798 | AJ4: 0.9892 | AK4: 0.9519 | AL4: 0.962 | AM4: 0.9807 | AN4: 0.97519324 | AO4: 1.5295823 | AP4: 1.96 | AQ4: 1.98 | AR4: 1.98 | AS4: 1.99 | AT4: 2.02 | AU4: 1.986 | AV4: 0.7632 | AW4: 0.77018242 | AX4: 0.998 | AY4: 67570 | AZ4: 53692 | BA4: 11900 | BB4: 25411 | BC4: There is a power limitation on STS3, STS4 and STS5
A5: 45685 | B5: 244325.41 | C5: 4.2064516 | D5: 3.4480284 | E5: 0.8197 | F5: 0.99 | G5: 32969.5 | H5: 0 | I5: 24176.875 | J5: 34210.25 | K5: 27011 | L5: 118367.62 | M5: 143367.17 | N5: 24999.545 | O5: 143367.17 | P5: 143367.17 | Q5: 13140 | R5: 13000 | S5: 3100 | T5: 3180 | U5: 3190 | V5: 21180 | W5: 18200 | X5: 17910 | Y5: 10370 | Z5: 18710 | AA5: 121980 | AB5: 146979.55 | AC5: 1314.88 | AD5: 0.678 | AE5: 0.6711 | AF5: 0.1793 | AG5: 0.145 | AH5: 0.148 | AI5: 0.9261 | AJ5: 0.9302 | AK5: 0.9036 | AL5: 0.9118 | AM5: 0.919 | AN5: 1.0305183 | AO5: 2.1217577 | AP5: 2.88 | AQ5: 2.83 | AR5: 2.86 | AS5: 2.88 | AT5: 2.87 | AU5: 2.864 | AV5: 0.6412 | AW5: 0.7408372 | AX5: 0.998 | AY5: 67570 | AZ5: 53692 | BA5: 11900 | BB5: 26730 | BC5: - There is a power limitation on STS3, STS4 and STS5 - Request outage OG.1 GSK.3 due to repair work of A3CS Medium Voltage Air Line (SUTM) cable that was detached from the insulator and fell into the traves
A6: 45684 | B6: 244325.41 | C6: 4.2064516 | D6: 3.4480284 | E6: 0.8197 | F6: 0.99 | G6: 60896.5 | H6: 0 | I6: 40090.5 | J6: 52330 | K6: 39809 | L6: 193126 | M6: 273904.5 | N6: 80778.5 | O6: 273904.5 | P6: 273904.5 | Q6: 28300 | R6: 28330 | S6: 4300 | T6: 4400 | U6: 4410 | V6: 35730 | W6: 30590 | X6: 30560 | Y6: 17800 | Z6: 31790 | AA6: 216210 | AB6: 296988.5 | AC6: 1471.89 | AD6: 0.7765 | AE6: 0.7772 | AF6: 0.1338 | AG6: 0.1076 | AH6: 0.1106 | AI6: 0.8353 | AJ6: 0.8324 | AK6: 0.8242 | AL6: 0.833 | AM6: 0.8314 | AN6: 1.1195282 | AO6: 4.0536407 | AP6: 5.41 | AQ6: 5.23 | AR6: 5.35 | AS6: 5.36 | AT6: 5.4 | AU6: 5.35 | AV6: 0.6062 | AW6: 0.75768984 | AX6: 0.998 | AY6: 67570 | AZ6: 53692 | BA6: 9256 | BB6: 26730
A7: 45683 | B7: 244325.41 | C7: 4.2064516 | D7: 3.4480284 | E7: 0.8197 | F7: 0.99 | G7: 43619 | H7: 0 | I7: 25189.14 | J7: 36227.12 | K7: 26549 | L7: 131584.26 | M7: 140620 | N7: 9035.74 | O7: 140620 | P7: 140620 | Q7: 10290 | R7: 10300 | S7: 3430 | T7: 3690 | U7: 3720 | V7: 12890 | W7: 11080 | X7: 10890 | Y7: 6150 | Z7: 11400 | AA7: 83840 | AB7: 92875.74 | AC7: 1486.47 | AD7: 0.8662 | AE7: 0.8672 | AF7: 0.3282 | AG7: 0.2784 | AH7: 0.2856 | AI7: 0.9316 | AJ7: 0.9484 | AK7: 0.9086 | AL7: 0.9049 | AM7: 0.9377 | AN7: 0.63715827 | AO7: 2.0811011 | AP7: 1.72 | AQ7: 1.71 | AR7: 1.73 | AS7: 1.74 | AT7: 1.76 | AU7: 1.732 | AV7: 0.7257 | AW7: 1.2015595 | AX7: 0.998 | AY7: 67570 | AZ7: 53692 | BA7: 11900 | BB7: 26730
A8: 45682 | B8: 244325.41 | C8: 4.2064516 | D8: 3.4480284 | E8: 0.8197 | F8: 0.99 | G8: 39828 | H8: 0 | I8: 24534.98 | J8: 35750.5 | K8: 27042 | L8: 127155.48 | M8: 145504.33 | N8: 18348.85 | O8: 145504.33 | P8: 145504.33 | Q8: 20880 | R8: 20530 | S8: 4200 | T8: 4310 | U8: 4320 | V8: 26770 | W8: 23530 | X8: 24480 | Y8: 16340 | Z8: 25440 | AA8: 170800 | AB8: 189148.85 | AC8: 1397.39 | AD8: 0.8015 | AE8: 0.788 | AF8: 0.185 | AG8: 0.1496 | AH8: 0.1414 | AI8: 0.8563 | AJ8: 0.789 | AK8: 0.9033 | AL8: 0.9424 | AM8: 0.82 | AN8: 1.3432374 | AO8: 2.1533866 | AP8: 4.39 | AQ8: 4.01 | AR8: 3.91 | AS8: 3.78 | AT8: 3.86 | AU8: 3.99 | AV8: 0.6376 | AW8: 0.53969588 | AX8: 1 | AY8: 67570 | AZ8: 53692 | BA8: 11900 | BB8: 26730
A9: 45681 | B9: 244325.41 | C9: 4.2064516 | D9: 3.4480284 | E9: 0.8197 | F9: 0.99 | G9: 54392.25 | H9: 0 | I9: 33104.88 | J9: 44453.255 | K9: 34955 | L9: 166905.39 | M9: 199635.83 | N9: 32730.445 | O9: 199635.83 | P9: 199635.83 | Q9: 17260 | R9: 18120 | S9: 4220 | T9: 4310 | U9: 4310 | V9: 21520 | W9: 17840 | X9: 18190 | Y9: 10650 | Z9: 19530 | AA9: 135950 | AB9: 168680.44 | AC9: 1477.13 | AD9: 0.8816 | AE9: 0.9256 | AF9: 0.2408 | AG9: 0.1935 | AH9: 0.1963 | AI9: 0.941 | AJ9: 0.8933 | AK9: 0.9179 | AL9: 0.917 | AM9: 0.9398 | AN9: 0.81453334 | AO9: 2.9545039 | AP9: 2.94 | AQ9: 2.88 | AR9: 2.86 | AS9: 2.92 | AT9: 2.9 | AU9: 2.9 | AV9: 0.7047 | AW9: 1.0187945 | AX9: 0.9945 | AY9: 67570 | AZ9: 53692 | BA9: 11900 | BB9: 26730
A10: 45680 | B10: 244325.41 | C10: 4.2064516 | D10: 3.4480284 | E10: 0.8197 | F10: 0.99 | G10: 43282 | H10: 17580.5 | I10: 46450.87 | J10: 36073.375 | K10: 28918 | L10: 172304.74 | M10: 218528.5 | N10: 46223.755 | O10: 218528.5 | P10: 218528.5 | Q10: 18010 | R10: 18400 | S10: 12010 | T10: 14870 | U10: 15250 | V10: 28340 | W10: 23090 | X10: 23040 | Y10: 14360 | Z10: 25220 | AA10: 192590 | AB10: 238813.76 | AC10: 1440.19 | AD10: 0.6887 | AE10: 0.6832 | AF10: 0.4847 | AG10: 0.4725 | AH10: 0.4834 | AI10: 0.8521 | AJ10: 0.798 | AK10: 0.7992 | AL10: 0.8536 | AM10: 0.8376 | AN10: 1.1177289 | AO10: 3.2341054 | AP10: 4.26 | AQ10: 4.14 | AR10: 4.16 | AS10: 4.13 | AT10: 3.99 | AU10: 4.136 | AV10: 0.6933 | AW10: 0.78194037 | AX10: 0.992 | AY10: 67570 | AZ10: 53692 | BA10: 11900 | BB10: 26730 | BC10: There is a power limitation on STS3, STS4 and STS5
A11: 45679 | B11: 244325.41 | C11: 4.2064516 | D11: 3.4480284 | E11: 0.8197 | F11: 0.99 | G11: 48647 | H11: 58537.75 | I11: 36494.13 | J11: 46577.75 | K11: 37535 | L11: 227791.63 | M11: 221339.33 | N11: 0 | O11: 227791.63 | P11: 227791.63 | Q11: 22960 | R11: 23670 | S11: 19940 | T11: 24900 | U11: 25900 | V11: 29380 | W11: 23570 | X11: 23550 | Y11: 14910 | Z11: 25850 | AA11: 234630 | AB11: 234630 | AC11: 1455.91 | AD11: 0.8236 | AE11: 0.8489 | AF11: 0.8047 | AG11: 0.7912 | AH11: 0.8036 | AI11: 0.8812 | AJ11: 0.8166 | AK11: 0.815 | AL11: 0.8886 | AM11: 0.8605 | AN11: 1.0300203 | AO11: 3.3711948 | AP11: 4.25 | AQ11: 4.23 | AR11: 4.17 | AS11: 4.13 | AT11: 4.13 | AU11: 4.182 | AV11: 0.8334 | AW11: 0.80612022 | AX11: 0.988 | AY11: 67570 | AZ11: 53692 | BA11: 16292 | BB11: 25370
A12: 45678 | B12: 244325.41 | C12: 4.2064516 | D12: 3.4480284 | E12: 0.8197 | F12: 0.99 | G12: 76013 | H12: 66073 | I12: 41690.375 | J12: 50675.5 | K12: 42144 | L12: 276595.88 | M12: 271738.83 | N12: 0 | O12: 276595.88 | P12: 276595.88 | Q12: 28020 | R12: 28800 | S12: 24460 | T12: 30620 | U12: 31410 | V12: 34660 | W12: 27790 | X12: 27680 | Y12: 17430 | Z12: 30500 | AA12: 281370 | AB12: 281370 | AC12: 1450.61 | AD12: 0.7892 | AE12: 0.8112 | AF12: 0.7706 | AG12: 0.7597 | AH12: 0.8099 | AI12: 0.8401 | AJ12: 0.793 | AK12: 0.7741 | AL12: 0.8555 | AM12: 0.8363 | AN12: 1.0172603 | AO12: 4.0934716 | AP12: 5.16 | AQ12: 5.09 | AR12: 5.16 | AS12: 5.29 | AT12: 5.26 | AU12: 5.192 | AV12: 0.804 | AW12: 0.78841903 | AX12: 0.988 | AY12: 67570 | AZ12: 53692 | BA12: 23987 | BB12: 26730
A13: 45677 | B13: 244325.41 | C13: 4.2064516 | D13: 3.4480284 | E13: 0.8197 | F13: 0.99 | G13: 82187 | H13: 82084 | I13: 56291.995 | J13: 63762.5 | K13: 52354 | L13: 336679.49 | M13: 350846.67 | N13: 14167.175 | O13: 350846.67 | P13: 350846.67 | Q13: 31960 | R13: 33860 | S13: 28050 | T13: 34920 | U13: 35100 | V13: 42500 | W13: 33120 | X13: 35280 | Y13: 19760 | Z13: 36450 | AA13: 331000 | AB13: 345167.17 | AC13: 1442.62 | AD13: 0.748 | AE13: 0.7924 | AF13: 0.7237 | AG13: 0.7093 | AH13: 0.7552 | AI13: 0.803 | AJ13: 0.7866 | AK13: 0.7691 | AL13: 0.8071 | AM13: 0.8319 | AN13: 0.98313086 | AO13: 5.1923438 | AP13: 6.2 | AQ13: 6.1 | AR13: 6.62 | AS13: 6.46 | AT13: 6.33 | AU13: 6.342 | AV13: 0.7726 | AW13: 0.8187234 | AX13: 0.9885 | AY13: 67570 | AZ13: 53692 | BA13: 23987 | BB13: 26730
A14: 45676 | B14: 244325.41 | C14: 4.2064516 | D14: 3.4480284 | E14: 0.8197 | F14: 0.99 | G14: 55538.25 | H14: 55516.5 | I14: 35234.38 | J14: 42798 | K14: 33901 | L14: 222988.13 | M14: 207592.33 | N14: 0 | O14: 222988.13 | P14: 222988.13 | Q14: 20320 | R14: 20860 | S14: 18790 | T14: 22800 | U14: 24450 | V14: 25360 | W14: 20330 | X14: 21890 | Y14: 13130 | Z14: 22670 | AA14: 210600 | AB14: 210600 | AC14: 1439.1 | AD14: 0.8269 | AE14: 0.849 | AF14: 0.8604 | AG14: 0.8222 | AH14: 0.8839 | AI14: 0.8665 | AJ14: 0.8134 | AK14: 0.8631 | AL14: 0.9034 | AM14: 0.8715 | AN14: 0.94444489 | AO14: 3.3001055 | AP14: 3.68 | AQ14: 3.63 | AR14: 3.66 | AS14: 3.64 | AT14: 3.64 | AU14: 3.65 | AV14: 0.856 | AW14: 0.9041385 | AX14: 0.991 | AY14: 67570 | AZ14: 53692 | BA14: 23987 | BB14: 26730
A15: 45675 | B15: 244325.41 | C15: 4.2064516 | D15: 3.4480284 | E15: 0.8197 | F15: 0.99 | G15: 74860.25 | H15: 74669 | I15: 51197.44 | J15: 57654.13 | K15: 45765 | L15: 304145.82 | M15: 316712.33 | N15: 12566.51 | O15: 316712.33 | P15: 316712.33 | Q15: 31800 | R15: 32980 | S15: 27990 | T15: 32590 | U15: 34190 | V15: 40080 | W15: 32000 | X15: 34190 | Y15: 20130 | Z15: 35150 | AA15: 321100 | AB15: 333666.51 | AC15: 1331.8 | AD15: 0.7466 | AE15: 0.7743 | AF15: 0.75 | AG15: 0.6876 | AH15: 0.7308 | AI15: 0.8341 | AJ15: 0.7749 | AK15: 0.8209 | AL15: 0.8384 | AM15: 0.8179 | AN15: 1.0557436 | AO15: 4.6871737 | AP15: 6.08 | AQ15: 6.14 | AR15: 6.01 | AS15: 6.22 | AT15: 6.31 | AU15: 6.152 | AV15: 0.7776 | AW15: 0.7618943 | AX15: 0.9895 | AY15: 67570 | AZ15: 53692 | BA15: 23987 | BB15: 26730
A16: 45674 | B16: 244325.41 | C16: 4.2064516 | D16: 3.4480284 | E16: 0.8197 | F16: 0.99 | G16: 67558.5 | H16: 67613.5 | I16: 44414.81 | J16: 51667.5 | K16: 41462 | L16: 272716.31 | M16: 287770.33 | N16: 15054.02 | O16: 287770.33 | P16: 287770.33 | Q16: 26870 | R16: 27260 | S16: 23300 | T16: 27450 | U16: 29570 | V16: 31120 | W16: 26970 | X16: 28780 | Y16: 17030 | Z16: 28070 | AA16: 266420 | AB16: 281474.02 | AC16: 1453.91 | AD16: 0.7805 | AE16: 0.7919 | AF16: 0.772 | AG16: 0.7162 | AH16: 0.7669 | AI16: 0.7911 | AJ16: 0.7817 | AK16: 0.8441 | AL16: 0.8489 | AM16: 0.7818 | AN16: 0.9769126 | AO16: 4.2588476 | AP16: 5.08 | AQ16: 5.06 | AR16: 4.92 | AS16: 5.03 | AT16: 5.1 | AU16: 5.038 | AV16: 0.7875 | AW16: 0.84534489 | AX16: 0.989 | AY16: 67570 | AZ16: 53692 | BA16: 23987 | BB16: 26730
A17: 45673 | B17: 244325.41 | C17: 4.2064516 | D17: 3.4480284 | E17: 0.8197 | F17: 0.99 | G17: 77247.25 | H17: 77162.75 | I17: 52098.875 | J17: 58477.06 | K17: 40600 | L17: 305585.93 | M17: 337694.67 | N17: 32108.735 | O17: 337694.67 | P17: 337694.67 | Q17: 32650 | R17: 34130 | S17: 28940 | T17: 34910 | U17: 35570 | V17: 37830 | W17: 34600 | X17: 35540 | Y17: 20940 | Z17: 33150 | AA17: 328260 | AB17: 360368.73 | AC17: 1355.55 | AD17: 0.7523 | AE17: 0.7864 | AF17: 0.7443 | AG17: 0.707 | AH17: 0.7305 | AI17: 0.7297 | AJ17: 0.7975 | AK17: 0.8077 | AL17: 0.8296 | AM17: 0.7486 | AN17: 1.0741987 | AO17: 4.9977012 | AP17: 6.39 | AQ17: 6.39 | AR17: 6.48 | AS17: 6.48 | AT17: 6.43 | AU17: 6.434 | AV17: 0.7634 | AW17: 0.77676425 | AX17: 0.9935 | AY17: 67570 | AZ17: 53692 | BA17: 23987 | BB17: 26730
A18: 45672 | B18: 244325.41 | C18: 4.2064516 | D18: 3.4480284 | E18: 0.8197 | F18: 0.99 | G18: 65022.25 | H18: 64974 | I18: 43548.995 | J18: 52643.123 | K18: 34973 | L18: 261161.37 | M18: 236442.67 | N18: 0 | O18: 261161.37 | P18: 261161.37 | Q18: 20770 | R18: 21500 | S18: 19400 | T18: 23830 | U18: 24850 | V18: 25680 | W18: 22360 | X18: 22370 | Y18: 13100 | Z18: 23010 | AA18: 216870 | AB18: 216870 | AC18: 1392.3 | AD18: 0.8547 | AE18: 0.8848 | AF18: 0.8981 | AG18: 0.8687 | AH18: 0.9034 | AI18: 0.8892 | AJ18: 0.8973 | AK18: 0.9126 | AL18: 0.9037 | AM18: 0.9047 | AN18: 0.83040613 | AO18: 3.8650491 | AP18: 3.67 | AR18: 3.61 | AS18: 3.6 | AT18: 3.6 | AU18: 3.62 | AV18: 0.8917 | AW18: 1.0676931 | AX18: 1 | AY18: 67570 | AZ18: 53692 | BA18: 24386 | BB18: 25305
A19: 45671 | B19: 244325.41 | C19: 4.2064516 | D19: 3.4480284 | E19: 0.8197 | F19: 0.99 | G19: 33498.5 | H19: 33584.75 | I19: 27204.443 | J19: 34408.687 | K19: 26008 | L19: 154704.38 | M19: 196920 | N19: 42215.62 | O19: 154704.38 | P19: 196920 | Q19: 15130 | R19: 15360 | S19: 14220 | T19: 16740 | U19: 18500 | V19: 26120 | W19: 22190 | X19: 22380 | Y19: 13630 | Z19: 23030 | AA19: 187300 | AB19: 229515.62 | AC19: 1357.87 | AD19: 0.5792 | AE19: 0.588 | AF19: 0.6046 | AG19: 0.5604 | AH19: 0.6193 | AI19: 0.8329 | AJ19: 0.8129 | AK19: 0.8408 | AL19: 0.8584 | AM19: 0.8267 | AN19: 1.2106962 | AO19: 2.2895424 | AP19: 4.02 | AR19: 3.92 | AS19: 3.92 | AT19: 3.87 | AU19: 3.9325 | AV19: 0.7123 | AW19: 0.5822104 | AX19: 0.9975 | AY19: 67570 | AZ19: 53692 | BA19: 24796 | BB19: 26730 | BC19: There was a power outage at busbar 1 (STS1-STS5) due to a request from GI Gresik for 76 minutes
A20: 45670 | B20: 244325.41 | C20: 4.2064516 | D20: 3.4480284 | E20: 0.8197 | F20: 0.99 | G20: 44699.25 | H20: 44668.5 | I20: 36095.5 | J20: 30675.313 | K20: 35339 | L20: 191477.56 | M20: 151981.17 | N20: 0 | O20: 191477.56 | P20: 191477.56 | Q20: 14060 | R20: 14720 | S20: 12850 | T20: 16150 | U20: 16520 | V20: 16840 | W20: 14030 | X20: 14700 | Y20: 8060 | Z20: 14460 | AA20: 142390 | AB20: 142390 | AC20: 1490.11 | AD20: 0.8752 | AE20: 0.9163 | AF20: 0.8999 | AG20: 0.8905 | AH20: 0.9109 | AI20: 0.8845 | AJ20: 0.8682 | AK20: 0.9096 | AL20: 0.8574 | AM20: 0.8767 | AN20: 0.74363804 | AO20: 2.8337659 | AP20: 2.38 | AR20: 2.38 | AT20: 2.38 | AU20: 2.38 | AV20: 0.8889 | AW20: 1.1906579 | AX20: 1 | AY20: 67570 | AZ20: 53692 | BA20: 22248 | BB20: 26730
A21: 45669 | B21: 244325.41 | C21: 4.2064516 | D21: 3.4480284 | E21: 0.8197 | F21: 0.99 | G21: 63291.5 | H21: 63164.25 | I21: 42758.062 | J21: 49866.937 | K21: 39215 | L21: 258295.75 | M21: 252307.17 | N21: 0 | O21: 258295.75 | P21: 258295.75 | Q21: 27250 | R21: 29350 | S21: 25670 | T21: 31790 | U21: 33600 | V21: 36100 | W21: 30430 | X21: 30710 | Y21: 18140 | Z21: 28010 | AA21: 291050 | AB21: 291050 | AC21: 1498.49 | AD21: 0.7532 | AE21: 0.8112 | AF21: 0.7982 | AG21: 0.7783 | AH21: 0.8227 | AI21: 0.8419 | AJ21: 0.8361 | AK21: 0.8438 | AL21: 0.8305 | AM21: 0.7541 | AN21: 1.1268091 | AO21: 3.8226395 | AP21: 5.36 | AR21: 5.36 | AT21: 5.36 | AU21: 5.36 | AV21: 0.807 | AW21: 0.71317901 | AX21: 0.9935 | AY21: 67570 | AZ21: 53692 | BA21: 24796 | BB21: 26730
A22: 45668 | B22: 244325.41 | C22: 4.2064516 | D22: 3.4480284 | E22: 0.8197 | F22: 0.99 | G22: 64870.75 | H22: 64834.375 | I22: 39387.719 | J22: 45621.813 | K22: 37394 | L22: 252108.66 | M22: 250746.5 | N22: 0 | O22: 252108.66 | P22: 252108.66 | Q22: 23570 | R22: 25220 | S22: 22360 | T22: 27820 | U22: 29140 | V22: 31100 | W22: 26310 | X22: 26680 | Y22: 16040 | Z22: 20420 | AA22: 248660 | AB22: 248660 | AC22: 1435.27 | AD22: 0.7641 | AE22: 0.8176 | AF22: 0.8281 | AG22: 0.8113 | AH22: 0.8498 | AI22: 0.8639 | AJ22: 0.8516 | AK22: 0.8636 | AL22: 0.8651 | AM22: 0.6476 | AN22: 0.98632075 | AO22: 3.7310738 | AP22: 4.55 | AR22: 4.5 | AT22: 4.57 | AU22: 4.54 | AV22: 0.8163 | AW22: 0.82182242 | AX22: 0.9925 | AY22: 67570 | AZ22: 53692 | BA22: 24786 | BB22: 26730
A23: 45667 | B23: 244325.41 | C23: 4.2064516 | D23: 3.4480284 | E23: 0.8197 | F23: 0.99 | G23: 64155.25 | H23: 64107.745 | I23: 40552.594 | J23: 45762.687 | K23: 37648 | L23: 252226.28 | M23: 274399.33 | N23: 22173.054 | O23: 252226.28 | P23: 274399.33 | Q23: 25510 | R23: 26790 | S23: 23630 | T23: 28860 | U23: 30260 | V23: 33090 | W23: 27300 | X23: 28090 | Y23: 16500 | Z23: 28630 | AA23: 268660 | AB23: 290833.05 | AC23: 1360.42 | AD23: 0.7254 | AE23: 0.7618 | AF23: 0.7559 | AG23: 0.7269 | AH23: 0.7622 | AI23: 0.7939 | AJ23: 0.7717 | AK23: 0.794 | AL23: 0.7772 | AM23: 0.793 | AN23: 1.0651547 | AO23: 3.7328145 | AP23: 5.21 | AR23: 5.21 | AT23: 5.21 | AU23: 5.21 | AV23: 0.7662 | AW23: 0.71647111 | AX23: 1 | AY23: 67570 | AZ23: 53692 | BA23: 24786 | BB23: 26730
A24: 45666 | B24: 244325.41 | C24: 4.2064516 | D24: 3.4480284 | E24: 0.8197 | F24: 0.99 | G24: 45448 | H24: 45443.13 | I24: 28511.875 | J24: 35869.5 | K24: 28914 | L24: 184186.51 | M24: 143451.67 | N24: 0 | O24: 184186.51 | P24: 184186.51 | Q24: 13110 | R24: 13750 | S24: 12440 | T24: 15670 | U24: 16460 | V24: 16770 | W24: 14380 | X24: 14240 | Y24: 8200 | Z24: 14900 | AA24: 139920 | AB24: 139920 | AC24: 1439.62 | AD24: 0.9034 | AE24: 0.9475 | AF24: 0.9382 | AG24: 0.9305 | AH24: 0.9774 | AI24: 0.9485 | AJ24: 0.9715 | AK24: 0.962 | AL24: 0.9231 | AM24: 0.9863 | AN24: 0.75966478 | AO24: 2.7258621 | AP24: 2.18 | AR24: 2.21 | AT24: 2.15 | AU24: 2.18 | AV24: 0.9488 | AW24: 1.2503955 | AX24: 1 | AY24: 67570 | AZ24: 53692 | BA24: 24786 | BB24: 26730
A25: 45665 | B25: 244325.41 | C25: 4.2064516 | D25: 3.4480284 | E25: 0.8197 | F25: 0.99 | G25: 36892.25 | H25: 36913 | I25: 21324.347 | J25: 28728.62 | K25: 23294 | L25: 147152.22 | M25: 115517.5 | N25: 0 | O25: 147152.22 | P25: 147152.22 | Q25: 13370 | R25: 13970 | S25: 12630 | T25: 15820 | U25: 16500 | V25: 16740 | W25: 14160 | X25: 14020 | Y25: 8040 | Z25: 14060 | AA25: 139310 | AB25: 139310 | AC25: 1455.51 | AD25: 0.917 | AE25: 0.9582 | AF25: 0.9656 | AG25: 0.9523 | AH25: 0.9933 | AI25: 0.9599 | AJ25: 0.961 | AK25: 0.9515 | AL25: 0.9092 | AM25: 0.9164 | AN25: 0.94670677 | AO25: 2.1777744 | AP25: 2.17 | AR25: 2.18 | AT25: 2.16 | AU25: 2.17 | AV25: 0.9484 | AW25: 1.0035827 | AX25: 1 | AY25: 67570 | AZ25: 53692 | BA25: 24786 | BB25: 26730
A26: 45664 | B26: 244325.41 | C26: 4.2064516 | D26: 3.4480284 | E26: 0.8197 | F26: 0.99 | G26: 42648.5 | H26: 42640.875 | I26: 25717.153 | J26: 31546.88 | K26: 25027 | L26: 167580.41 | M26: 147900.5 | N26: 0 | O26: 167580.41 | P26: 167580.41 | Q26: 18210 | R26: 19070 | S26: 16890 | T26: 21300 | U26: 21990 | V26: 22160 | W26: 18510 | X26: 18620 | Y26: 11040 | Z26: 19350 | AA26: 187140 | AB26: 187140 | AC26: 1372.94 | AD26: 0.8537 | AE26: 0.894 | AF26: 0.8824 | AG26: 0.8763 | AH26: 0.9046 | AI26: 0.8683 | AJ26: 0.8737 | AK26: 0.8789 | AL26: 0.9073 | AM26: 0.8772 | AN26: 1.1167177 | AO26: 2.4801008 | AP26: 3.12 | AR26: 3.19 | AT26: 3.16 | AU26: 3.1566667 | AV26: 0.8817 | AW26: 0.78567078 | AX26: 0.9917 | AY26: 67570 | AZ26: 53692 | BA26: 24786 | BB26: 26730 | BC26: Overcurrent trip at OG.4 and OG.5 for 60 minutes caused by internal solar plant
A27: 45663 | B27: 244325.41 | C27: 4.2064516 | D27: 3.4480284 | E27: 0.8197 | F27: 0.99 | G27: 65372.5 | H27: 65280.375 | I27: 41548.125 | J27: 48472.813 | K27: 39838 | L27: 260511.81 | M27: 255595.17 | N27: 0 | O27: 260511.81 | P27: 260511.81 | Q27: 24820 | R27: 26340 | S27: 23580 | T27: 29960 | U27: 30760 | V27: 32830 | W27: 27920 | X27: 27020 | Y27: 15420 | Z27: 27100 | AA27: 265750 | AB27: 265750 | AC27: 1309.47 | AD27: 0.7645 | AE27: 0.8113 | AF27: 0.8103 | AG27: 0.8107 | AH27: 0.8323 | AI27: 0.8461 | AJ27: 0.8513 | AK27: 0.8239 | AL27: 0.8186 | AM27: 0.7936 | AN27: 1.0201073 | AO27: 3.855436 | AP27: 4.83 | AR27: 4.85 | AT27: 4.81 | AU27: 4.83 | AV27: 0.8163 | AW27: 0.79822692 | AX27: 1 | AY27: 67570 | AZ27: 53692 | BA27: 23987 | BB27: 26730
A28: 45662 | B28: 244325.41 | C28: 4.2064516 | D28: 3.4480284 | E28: 0.8197 | F28: 0.99 | G28: 57444.25 | H28: 57350.125 | I28: 36391.122 | J28: 43396.497 | K28: 34258 | L28: 228839.99 | M28: 217355.17 | N28: 0 | O28: 228839.99 | P28: 228839.99 | Q28: 20000 | R28: 23080 | S28: 21080 | T28: 26210 | U28: 28100 | V28: 28760 | W28: 24750 | X28: 25210 | Y28: 15790 | Z28: 26830 | AA28: 239810 | AB28: 239810 | AC28: 1457.63 | AD28: 0.6891 | AE28: 0.7952 | AF28: 0.7807 | AG28: 0.7644 | AH28: 0.8195 | AI28: 0.7989 | AJ28: 0.8762 | AK28: 0.8925 | AL28: 0.9732 | AM28: 0.9122 | AN28: 1.0479375 | AO28: 3.38671 | AP28: 4.16 | AR28: 4.5 | AT28: 4.3 | AU28: 4.32 | AV28: 0.8302 | AW28: 0.78396065 | AX28: 1 | AY28: 67570 | AZ28: 53692 | BA28: 24786 | BB28: 26730
A29: 45661 | B29: 244325.41 | C29: 4.2064516 | D29: 3.4480284 | E29: 0.8197 | F29: 0.99 | G29: 53580.625 | H29: 54039.755 | I29: 35352.38 | J29: 41586.69 | K29: 34027 | L29: 218586.45 | M29: 191621 | N29: 0 | O29: 218586.45 | P29: 218586.45 | Q29: 16810 | R29: 17690 | S29: 15850 | T29: 19950 | U29: 20720 | V29: 21130 | W29: 18110 | X29: 17770 | Y29: 10140 | Z29: 18550 | AA29: 176720 | AB29: 176720 | AC29: 1300.33 | AD29: 0.88 | AE29: 0.9261 | AF29: 0.9606 | AG29: 0.952 | AH29: 0.9888 | AI29: 0.9605 | AJ29: 0.9072 | AK29: 0.8902 | AL29: 0.8844 | AM29: 0.8924 | AN29: 0.80846731 | AO29: 3.234963 | AP29: 2.94 | AR29: 2.75 | AT29: 2.83 | AU29: 2.84 | AV29: 0.9242 | AW29: 1.1390715 | AX29: 1 | AY29: 67570 | AZ29: 53692 | BA29: 23987 | BB29: 26730
A30: 45660 | B30: 244325.41 | C30: 4.2064516 | D30: 3.4480284 | E30: 0.8197 | F30: 0.99 | G30: 51458.375 | H30: 51387.62 | I30: 30371.4 | J30: 45836.1 | K30: 37679 | L30: 216732.49 | M30: 221662 | N30: 4929.505 | O30: 221662 | P30: 221662 | Q30: 22450 | R30: 23350 | S30: 21290 | T30: 26210 | U30: 27410 | V30: 31720 | W30: 26720 | X30: 26420 | Y30: 15080 | Z30: 27070 | AA30: 247720 | AB30: 252649.51 | AC30: 1495.81 | AD30: 0.7199 | AE30: 0.7488 | AF30: 0.7799 | AG30: 0.756 | AH30: 0.7906 | AI30: 0.8714 | AJ30: 0.8984 | AK30: 0.8884 | AL30: 0.8828 | AM30: 0.8742 | AN30: 1.1429758 | AO30: 3.2804795 | AP30: 4.38 | AR30: 4.55 | AT30: 4.62 | AU30: 4.5166667 | AV30: 0.821 | AW30: 0.72630542 | AX30: 0.9857 | AY30: 67570 | AZ30: 53692 | BA30: 23987 | BB30: 26730 | BC30: STS 1-5 there was an overcurrent trip for 50 minutes caused by internal solar plant
A31: 45659 | B31: 244325.41 | C31: 4.2064516 | D31: 3.4480284 | E31: 0.8197 | F31: 0.99 | G31: 16561.15 | H31: 16559.375 | I31: 13015.254 | J31: 26938.525 | K31: 22459.5 | L31: 95533.804 | M31: 99361 | N31: 3827.196 | O31: 99361 | P31: 99361 | Q31: 2080 | R31: 2180 | S31: 1970 | T31: 2470 | U31: 2580 | V31: 8580 | W31: 8240 | X31: 8170 | Y31: 4780 | Z31: 8330 | AA31: 49380 | AB31: 53207.196 | AC31: 1416.98 | AD31: 0.2568 | AE31: 0.2691 | AF31: 0.2204 | AG31: 0.2175 | AH31: 0.2272 | AI31: 0.7198 | AJ31: 0.8989 | AK31: 0.8913 | AL31: 0.9079 | AM31: 0.8728 | AN31: 0.5168851 | AO31: 1.4704899 | AP31: 1.35 | AR31: 1.49 | AT31: 1.2 | AU31: 1.3466667 | AV31: 0.5482 | AW31: 1.0919479 | AX31: 1 | AY31: 67570 | AZ31: 53692 | BA31: 24020 | BB31: 26730 | BC31: - STS 1-5 request outage Outgoing Busbar 1 to PH, OG.1 GSK 3, and OG.2 GSK 2 due to change of Tap CT Ratio and Reconfiguration of GFR Protection Function in GSK Substation - STS 6 limited power due to adjusts the outgoing load given by Dispatcher
A32: 45658 | B32: 244325.41 | C32: 4.2064516 | D32: 3.4480284 | E32: 0.8197 | F32: 0.99 | G32: 43637.85 | H32: 43687.125 | I32: 20979.046 | J32: 35653.185 | K32: 28459.5 | L32: 172416.71 | M32: 118826.5 | N32: 0 | O32: 172416.71 | P32: 172416.71 | Q32: 15560 | R32: 16150 | S32: 14460 | T32: 18130 | U32: 19240 | V32: 19610 | W32: 16680 | X32: 16770 | Y32: 9660 | Z32: 16970 | AA32: 163230 | AB32: 163230 | AC32: 1375.15 | AD32: 0.9076 | AE32: 0.942 | AF32: 0.9488 | AG32: 0.9367 | AH32: 0.9941 | AI32: 0.9689 | AJ32: 0.971 | AK32: 0.9762 | AL32: 0.979 | AM32: 0.9487 | AN32: 0.94671801 | AO32: 2.5516754 | AP32: 2.54 | AR32: 2.53 | AT32: 2.54 | AU32: 2.5366667 | AV32: 0.9573 | AW32: 1.0059167 | AX32: 1 | AY32: 67570 | AZ32: 53692 | BA32: 10284 | BB32: 23852

Sheet Sheet5
B2: IMPORTANT DETAIL
B3: In order to insert the PivotTable you selected, we had to organize your data in columns with a single header row.
C6: Date | D6: Energy (kWh) | E6: GHI | F6: SY | G6: PR | H6: Availability | I6: OG1 | J6: OG2 | K6: OG3 | L6: OG4 | M6: OG5 | N6: Total Meter Generation (kWh) | O6: PAE Energy (kWh) | P6: PAE Energy - Total Meter Generation (kWh) | Q6: Curtailed Energy (kWh) | R6: Generation (kWh) | S6: Corrected Meter Generation (kWh) | T6: PLN Meter Generation (kWh) | U6: STS1 | V6: STS2 | W6: STS3 | X6: STS4 | Y6: STS5 | Z6: STS6 | AA6: STS7 | AB6: STS8 | AC6: STS9 | AD6: STS10 | AE6: Total STS Generation (kWh) | AF6: Corrected STS Generation (kWh) | AG6: Auxiliary Energy (kWh) | AH6: STS12 | AI6: STS22 | AJ6: STS32 | AK6: STS42 | AL6: STS52 | AM6: STS62 | AN6: STS72 | AO6: STS82 | AP6: STS92 | AQ6: STS102 | AR6: MTR-STS Ratio (Mtr/Inv) | AS6: Daily Specific Yield | AT6: WS01 | AU6: WS02 | AV6: WS03 | AW6: WS04 | AX6: WS05 | AY6: Average GHI | AZ6: Plant Performance Ratio (PR) | BA6: Corrected Plant PR | BB6: System Availability (%) | BC6: PV Capacity (kWp) | BD6: AC Capacity | BE6: Busbar 1 (STS 1 - 5) | BF6: Busbar 2 (STS 6 - 10) | BG6: Special remarks (any event happened causing low Performance?)
C7: 45627 | E7: 4.1709677 | F7: 3.4189423 | G7: 0.8197 | H7: 0.99 | I7: 8513.13 | M7: 0 | N7: 8513.13 | P7: -8513.13 | T7: 0 | U7: 8930 | V7: 8830 | AE7: 17760 | AF7: 17760 | AH7: 0.9345 | AI7: 0.9554 | AR7: 2.0861892 | AS7: 0 | AX7: 1.18 | AY7: 1.18 | AZ7: 0.9479 | BB7: 1 | BC7: 13500
C8: 45628 | E8: 4.1709677 | F8: 3.4189423 | G8: 0.8197 | H8: 0.99 | I8: 0 | M8: 0 | N8: 0 | P8: 0 | T8: 0 | U8: 15880 | V8: 13060 | W8: 20130 | AE8: 49070 | AF8: 49070 | AH8: 0.6925 | AI8: 0.6263 | AJ8: 0.6805 | AS8: 0 | AX8: 4.93 | AY8: 4.93 | AZ8: 0.6407 | BB8: 1 | BC8: 13500
C9: 45629 | E9: 4.1709677 | F9: 3.4189423 | G9: 0.8197 | H9: 0.99 | I9: 0 | J9: 25455.85 | M9: 0 | N9: 25455.85 | P9: -25455.85 | T9: 0 | U9: 5100 | V9: 4020 | W9: 0 | X9: 13370 | AE9: 22490 | AF9: 22490 | AH9: 0.5592 | AI9: 0.6365 | AJ9: 0 | AK9: 0.9969 | AR9: 0.88349044 | AS9: 0 | AX9: 1.76 | AY9: 1.76 | AZ9: 0.7645 | BB9: 1 | BC9: 13500
C10: 45630 | E10: 4.1709677 | F10: 3.4189423 | G10: 0.8197 | H10: 0.99 | I10: 0 | J10: 34299.98 | M10: 0 | N10: 34299.98 | P10: -34299.98 | T10: 0 | U10: 5460 | V10: 5410 | W10: 0 | X10: 9140 | AE10: 20010 | AF10: 20010 | AH10: 0.5942 | AI10: 0.6241 | AJ10: 0 | AK10: 0.5888 | AR10: 0.58338226 | AS10: 0 | AX10: 4.07 | AY10: 4.07 | AZ10: 0.6059 | BB10: 1 | BC10: 13500
C11: 45631 | E11: 4.1709677 | F11: 3.4189423 | G11: 0.8197 | H11: 0.99 | I11: 0 | J11: 39134.8 | M11: 0 | N11: 39134.8 | P11: -39134.8 | T11: 0 | U11: 0 | V11: 0 | W11: 0 | X11: 23100 | AE11: 23100 | AF11: 23100 | AH11: 0 | AI11: 0 | AJ11: 0 | AK11: 0.7092 | AR11: 0.59026749 | AS11: 0 | AX11: 2.03 | AY11: 2.03 | AZ11: 0.7092 | BB11: 1 | BC11: 13500
C12: 45632 | E12: 4.1709677 | F12: 3.4189423 | G12: 0.8197 | H12: 0.99 | I12: 0 | J12: 47023.19 | M12: 0 | N12: 47023.19 | P12: -47023.19 | T12: 0 | U12: 0 | V12: 0 | W12: 0 | X12: 23100 | AE12: 23100 | AF12: 23100 | AH12: 0 | AI12: 0 | AJ12: 0 | AK12: 0.9135 | AR12: 0.49124698 | AS12: 0 | AX12: 2.78 | AY12: 2.78 | AZ12: 0.9135 | BB12: 1 | BC12: 13500
C13: 45633 | E13: 4.1709677 | F13: 3.4189423 | G13: 0.8197 | H13: 0.99 | I13: 0 | J13: 46854.56 | M13: 0 | N13: 46854.56 | P13: -46854.56 | T13: 0 | U13: 0 | V13: 0 | W13: 14260 | X13: 21000 | Y13: 14880 | AE13: 50140 | AF13: 50140 | AH13: 0 | AI13: 0 | AJ13: 0.8542 | AK13: 0.8212 | AL13: 0.7842 | AR13: 1.07012 | AS13: 0 | AX13: 4.27 | AY13: 4.27 | AZ13: 0.8762 | BB13: 1 | BC13: 13500
C14: 45634 | E14: 4.1709677 | F14: 3.4189423 | G14: 0.8197 | H14: 0.99 | I14: 0 | J14: 48296.03 | M14: 0 | N14: 48296.03 | P14: -48296.03 | T14: 0 | U14: 0 | V14: 0 | W14: 6460 | X14: 7910 | Y14: 33250 | AE14: 47620 | AF14: 47620 | AH14: 0 | AI14: 0 | AJ14: 0.6355 | AK14: 0.6271 | AL14: 0.9548 | AR14: 0.98600237 | AS14: 0 | AX14: 4.57 | AY14: 4.57 | AZ14: 0.6617 | BB14: 1 | BC14: 13500
C15: 45635 | E15: 4.1709677 | F15: 3.4189423 | G15: 0.8197 | H15: 0.99 | I15: 0 | J15: 43688.69 | M15: 0 | N15: 43688.69 | P15: -43688.69 | T15: 0 | U15: 0 | V15: 0 | W15: 25710 | X15: 11120 | Y15: 11480 | AE15: 48310 | AF15: 48310 | AH15: 0 | AI15: 0 | AJ15: 0.91 | AK15: 0.66 | AL15: 0.75 | AR15: 1.1057782 | AS15: 0 | AX15: 3.83 | AY15: 3.83 | AZ15: 0.7432 | BB15: 1 | BC15: 13500
C16: 45636 | E16: 4.1709677 | F16: 3.4189423 | G16: 0.8197 | H16: 0.99 | I16: 0 | J16: 40985.37 | M16: 0 | N16: 40985.37 | P16: -40985.37 | T16: 0 | U16: 0 | V16: 0 | W16: 25710 | X16: 11120 | Y16: 11480 | AE16: 48310 | AF16: 48310 | AH16: 0 | AI16: 0 | AJ16: 0.94 | AK16: 0.7 | AL16: 0.73 | AR16: 1.1787133 | AS16: 0 | AX16: 2.86 | AY16: 2.86 | AZ16: 0.7872 | BB16: 1 | BC16: 13500
C17: 45637 | E17: 4.1709677 | F17: 3.4189423 | G17: 0.8197 | H17: 0.99 | I17: 0 | J17: 40795.25 | M17: 0 | N17: 40795.25 | P17: -40795.25 | T17: 0 | U17: 0 | V17: 0 | W17: 21420 | X17: 10410 | Y17: 11140 | AE17: 42970 | AF17: 42970 | AH17: 0 | AI17: 0 | AJ17: 0.84 | AK17: 0.8942 | AL17: 0.8832 | AR17: 1.0533089 | AS17: 0 | AX17: 4.21 | AY17: 4.21 | AZ17: 0.8704 | BB17: 1 | BC17: 13500
C18: 45638 | E18: 4.1709677 | F18: 3.4189423 | G18: 0.8197 | H18: 0.99 | I18: 0 | J18: 50061.25 | M18: 0 | N18: 50061.25 | P18: -50061.25 | T18: 0 | U18: 10800 | V18: 10930 | W18: 15220 | X18: 7400 | Y18: 7430 | AE18: 51780 | AF18: 51780 | AH18: 0.88 | AI18: 0.8321 | AJ18: 0.8041 | AK18: 0.8712 | AL18: 0.8112 | AR18: 1.0343329 | AS18: 0 | AX18: 4.21 | AY18: 4.21 | AZ18: 0.8642 | BB18: 1 | BC18: 13500
C19: 45639 | E19: 4.1709677 | F19: 3.4189423 | G19: 0.8197 | H19: 0.99 | I19: 2698.25 | J19: 33553.25 | M19: 0 | N19: 36251.5 | P19: -36251.5 | T19: 0 | U19: 10870 | V19: 10990 | W19: 3410 | X19: 3440 | Y19: 3450 | AE19: 32160 | AF19: 32160 | AH19: 0.8846 | AI19: 0.8512 | AJ19: 0.8031 | AK19: 0.8212 | AL19: 0.8341 | AR19: 0.8871357 | AS19: 0 | AX19: 1.42 | AY19: 1.42 | AZ19: 0.871 | BB19: 1 | BC19: 13500
C20: 45640 | E20: 4.1709677 | F20: 3.4189423 | G20: 0.8197 | H20: 0.99 | I20: 52748.87 | J20: 52613.25 | M20: 0 | N20: 105362.12 | P20: -105362.12 | T20: 0 | U20: 26020 | V20: 26360 | W20: 16600 | X20: 17560 | Y20: 17560 | AE20: 104100 | AF20: 104100 | AH20: 0.9072 | AI20: 0.919 | AJ20: 0.6511 | AK20: 0.6423 | AL20: 0.5823 | AR20: 0.98802112 | AS20: 0 | AX20: 5.1 | AY20: 5.1 | AZ20: 0.6697 | BB20: 1 | BC20: 13500
C21: 45641 | E21: 4.1709677 | F21: 3.4189423 | G21: 0.8197 | H21: 0.99 | I21: 40173.88 | J21: 40401.69 | M21: 0.1 | N21: 80575.67 | P21: -80575.67 | T21: 0 | U21: 19230 | V21: 19460 | W21: 15430 | X21: 17140 | Y21: 17420 | AE21: 88680 | AF21: 88680 | AH21: 0.931 | AI21: 0.9421 | AJ21: 0.8404 | AK21: 0.785 | AL21: 0.747 | AR21: 1.1005804 | AS21: 0 | AX21: 3.06 | AY21: 3.06 | AZ21: 0.8712 | BB21: 1 | BC21: 13500
C22: 45642 | E22: 4.1709677 | F22: 3.4189423 | G22: 0.8197 | H22: 0.99 | I22: 16489.87 | J22: 27772.88 | M22: 0 | N22: 44262.75 | P22: -44262.75 | T22: 0 | U22: 9650 | V22: 9840 | W22: 8720 | X22: 11040 | Y22: 11350 | AE22: 50600 | AF22: 50600 | AH22: 0.953 | AI22: 0.972 | AJ22: 0.9688 | AK22: 0.9658 | AL22: 0.993 | AR22: 1.1431734 | AS22: 0 | AX22: 1.5 | AY22: 1.5 | AZ22: 0.9619 | BB22: 1 | BC22: 13500
C23: 45643 | E23: 4.1709677 | F23: 3.4189423 | G23: 0.8197 | H23: 0.99 | I23: 0 | J23: 50729.31 | M23: 12.4 | N23: 50741.71 | P23: -50741.71 | T23: 0 | U23: 19800 | V23: 19990 | W23: 13340 | X23: 17270 | Y23: 17600 | AE23: 88000 | AF23: 88000 | AH23: 0.8998 | AI23: 0.9084 | AJ23: 0.6758 | AK23: 0.6989 | AL23: 0.702 | AR23: 1.7342734 | AS23: 0 | AV23: 3.29 | AX23: 3.26 | AY23: 3.275 | AZ23: 0.775 | BB23: 1 | BC23: 13500 | BG23: - STS 3, STS 4, STS 5 : The STS setpoint setting is limited to 2500kW (50,51%) due to outgoing feeder specification.
C24: 45644 | E24: 4.1709677 | F24: 3.4189423 | G24: 0.8197 | H24: 0.99 | I24: 0 | J24: 54707.81 | M24: 0 | N24: 54707.81 | P24: -54707.81 | T24: 0 | U24: 33730 | V24: 33990 | W24: 17410 | X24: 23730 | Y24: 23930 | AE24: 132790 | AF24: 132790 | AH24: 0.7688 | AI24: 0.7747 | AJ24: 0.428 | AK24: 0.4593 | AL24: 0.4632 | AR24: 2.4272586 | AS24: 0 | AV24: 6.78 | AX24: 6.5 | AY24: 6.64 | AZ24: 0.5788 | BB24: 1 | BC24: 13500 | BG24: - STS 3 : LV-A its unable to close by Local, Enspire and SCADA - ⁠STS 5 : VCB G2, LV-A and LV-B its unable to close by Enspire and SCADA
C25: 45645 | E25: 4.1709677 | F25: 3.4189423 | G25: 0.8197 | H25: 0.99 | I25: 0 | J25: 34195 | M25: 0 | N25: 34195 | P25: -34195 | T25: 0 | U25: 18580 | V25: 18800 | W25: 0 | X25: 21270 | Y25: 0 | AE25: 58650 | AF25: 58650 | AH25: 0.8879 | AI25: 0.8984 | AJ25: 0 | AK25: 0.9182 | AL25: 0 | AR25: 1.715163 | AS25: 0 | AV25: 3.04 | AX25: 3.1 | AY25: 3.07 | AZ25: 0.5409 | BB25: 1 | BC25: 13500
C26: 45646 | E26: 4.1709677 | F26: 3.4189423 | G26: 0.8197 | H26: 0.99 | I26: 0 | J26: 39976.75 | M26: 0 | N26: 39976.75 | P26: -39976.75 | T26: 0 | U26: 25570 | V26: 26040 | W26: 0 | X26: 30260 | Y26: 0 | AE26: 81870 | AF26: 81870 | AH26: 0.805 | AI26: 0.8198 | AJ26: 0 | AK26: 0.8256 | AL26: 0 | AR26: 2.0479404 | AS26: 0 | AV26: 4.81 | AX26: 4.706 | AY26: 4.758 | AZ26: 0.4901 | BB26: 1 | BC26: 13500
C27: 45647 | E27: 4.1709677 | F27: 3.4189423 | G27: 0.8197 | H27: 0.99 | I27: 0 | J27: 34052.75 | M27: 0 | N27: 34052.75 | P27: -34052.75 | T27: 0 | U27: 24870 | V27: 25130 | W27: 0 | X27: 28240 | Y27: 0 | AE27: 78240 | AF27: 78240 | AH27: 0.8133 | AI27: 0.8218 | AJ27: 0 | AK27: 0.8199 | AL27: 0 | AR27: 2.2976118 | AS27: 0 | AV27: 4.52 | AX27: 4.53 | AY27: 4.525 | AZ27: 0.491 | BB27: 1 | BC27: 13500
C28: 45648 | E28: 4.1709677 | F28: 3.4189423 | G28: 0.8197 | H28: 0.99 | I28: 0.005 | J28: 33375.38 | M28: 0 | N28: 33375.385 | P28: -33375.385 | T28: 0 | U28: 20880 | V28: 21110 | W28: 0 | X28: 23900 | Y28: 0 | Z28: 3620 | AA28: 10060 | AB28: 73400 | AC28: 0.31 | AD28: 73380 | AE28: 226350.31 | AF28: 226350.31 | AH28: 0.7277 | AI28: 0.7357 | AJ28: 0 | AK28: 0.738 | AL28: 0 | AM28: 0.0362 | AN28: 0.1006 | AO28: 0.734 | AP28: 0.0031 | AQ28: 0.7338 | AR28: 6.7819535 | AS28: 0 | AV28: 4.25 | AX28: 4.25 | AY28: 4.25 | AZ28: 0.4403 | BB28: 1 | BC28: 13500 | BG28: - STS 3 : LV-A its unable to close by Local, Enspire and SCADA - ⁠STS 5 : VCB G2, LV-A and LV-B its unable to close by Enspire and SCADA - STS 6 : Limited power due to adjusts the outgoing load given by dispatcher - STS 7 and 9 : Limited power because in load profile test - STS 8 and 10 : Limited power because in reliability run (RR)
C29: 45649 | E29: 4.1709677 | F29: 3.4189423 | G29: 0.8197 | H29: 0.99 | I29: 0 | J29: 38605.875 | M29: 0 | N29: 38605.875 | P29: -38605.875 | T29: 0 | U29: 24210 | V29: 24470 | W29: 0 | X29: 27770 | Y29: 0 | Z29: 4270 | AA29: 25090 | AB29: 9440 | AC29: 12690 | AD29: 25970 | AE29: 153910 | AF29: 153910 | AH29: 0.8734 | AI29: 0.883 | AJ29: 0 | AK29: 0.8875 | AL29: 0 | AM29: 0.1302 | AN29: 0.9018 | AO29: 0.3393 | AP29: 0.3931 | AQ29: 0.8966 | AR29: 3.9866989 | AS29: 0 | AV29: 4.1 | AX29: 4.11 | AY29: 4.105 | AZ29: 0.5288 | BB29: 1 | BC29: 13500 | BG29: - STS 3 : LV-A its unable to close by Local, Enspire and SCADA - ⁠STS 5 : VCB G2, LV-A and LV-B its unable to close by Enspire and SCADA - STS 6, 8 and 9 : Limited power due to adjusts the outgoing load given by dispatcher
C30: 45650 | E30: 4.1709677 | F30: 3.4189423 | G30: 0.8197 | H30: 0.99 | I30: 0.005 | J30: 43761.125 | M30: 0 | N30: 43761.13 | P30: -43761.13 | T30: 0 | U30: 19820 | V30: 11440 | W30: 16980 | X30: 30740 | Y30: 22070 | Z30: 4920 | AA30: 27360 | AB30: 0.53 | AC30: 14020 | AD30: 22470 | AE30: 169820.53 | AF30: 169820.53 | AH30: 0.623 | AI30: 0.3595 | AJ30: 0.6004 | AK30: 0.8559 | AL30: 0.6145 | AM30: 0.1304 | AN30: 0.887 | AO30: 0.0168 | AP30: 0.7736 | AQ30: 0.684 | AR30: 3.8806249 | AS30: 0 | AT30: 4.72 | AV30: 4.65 | AX30: 4.71 | AY30: 4.6933333 | AZ30: 0.6107 | BB30: 1 | BC30: 13500 | BG30: - STS 1-5 : Limited power due to adjusts the outgoing load given by dispatcher - ⁠STS 6-10 : Power limitations due to the STS BESS 1 charge and discharge process then adjust the outgoing load given by the dispatcher
C31: 45651 | E31: 4.1709677 | F31: 3.4189423 | G31: 0.8197 | H31: 0.99 | I31: 0 | J31: 39268.87 | K31: 14890.05 | L31: 27091.5 | M31: 0 | N31: 81250.42 | P31: -81250.42 | T31: 0 | U31: 15250 | V31: 1200 | W31: 13830 | X31: 17390 | Y31: 18120 | Z31: 4050 | AA31: 15800 | AB31: 9970 | AC31: 8890 | AD31: 16270 | AE31: 120770 | AF31: 120770 | AH31: 0.9257 | AI31: 0.0732 | AJ31: 0.9449 | AK31: 0.9355 | AL31: 0.9748 | AM31: 0.2108 | AN31: 0.9698 | AO31: 0.6115 | AP31: 0.47 | AQ31: 0.9586 | AR31: 1.4863923 | AS31: 0 | AT31: 2.39 | AV31: 2.4 | AX31: 2.44 | AY31: 2.41 | AZ31: 0.7708 | BB31: 1 | BC31: 13500 | BG31: STS 6 Limited power due to adjusts the outgoing load given by dispatcher
C32: 45652 | E32: 4.1709677 | F32: 3.4189423 | G32: 0.8197 | H32: 0.99 | I32: 0 | J32: 51779.51 | K32: 21791.59 | L32: 37114.32 | M32: 0 | N32: 110685.42 | P32: -110685.42 | T32: 0 | U32: 20450 | V32: 18450 | W32: 18860 | X32: 21670 | Y32: 24950 | Z32: 2150 | AA32: 21910 | AB32: 18700 | AC32: 12810 | AD32: 22980 | AE32: 182930 | AF32: 182930 | AH32: 0.8831 | AI32: 0.797 | AJ32: 0.9162 | AK32: 0.829 | AL32: 0.9546 | AM32: 0.0784 | AN32: 0.9434 | AO32: 0.8053 | AP32: 0.4753 | AQ32: 0.9502 | AR32: 1.6527019 | AS32: 0 | AT32: 3.5 | AV32: 3.42 | AX32: 3.43 | AY32: 3.45 | AZ32: 0.876 | BB32: 1 | BC32: 13500 | BG32: STS 2, 6 and 8 Limited power due to adjusts the outgoing load given by dispatcher
C33: 45653 | E33: 4.1709677 | F33: 3.4189423 | G33: 0.8197 | H33: 0.99 | I33: -3 | J33: 63511.37 | K33: 31275.79 | L33: 48559.36 | M33: 0 | N33: 143343.52 | P33: -143343.52 | T33: 0 | U33: 22970 | V33: 19990 | W33: 21520 | X33: 22380 | Y33: 28250 | Z33: 9830 | AA33: 24540 | AB33: 24310 | AC33: 14210 | AD33: 25440 | AE33: 213440 | AF33: 213440 | AH33: 0.8425 | AI33: 0.7331 | AJ33: 0.8879 | AK33: 0.727 | AL33: 0.9178 | AM33: 0.3111 | AN33: 0.915 | AO33: 0.9065 | AP33: 0.9221 | AQ33: 0.9109 | AR33: 1.4890105 | AS33: 0 | AT33: 4.05 | AV33: 3.95 | AX33: 4.04 | AY33: 4.0133333 | AZ33: 0.8217 | BB33: 1 | BC33: 13500 | BG33: STS 6 Limited power due to adjusts the outgoing load given by dispatcher
C34: 45654 | E34: 4.1709677 | F34: 3.4189423 | G34: 0.8197 | H34: 0.99 | I34: 3 | J34: 60475.88 | K34: 24431.96 | L34: 41573.32 | M34: 0 | N34: 126484.16 | O34: 259164.5 | P34: 132680.34 | Q34: 132680.34 | R34: 259164.5 | S34: 259164.5 | T34: 259164.5 | U34: 25840 | V34: 20490 | W34: 25890 | X34: 23040 | Y34: 33810 | Z34: 9720 | AA34: 28890 | AB34: 28170 | AC34: 17300 | AD34: 28540 | AE34: 241690 | AF34: 374370.34 | AH34: 0.7447 | AI34: 0.5906 | AJ34: 0.8395 | AK34: 0.5882 | AL34: 0.8632 | AM34: 0.237 | AN34: 0.8295 | AO34: 0.8086 | AP34: 0.8647 | AQ34: 0.7869 | AR34: 1.9108322 | AS34: 3.8354965 | AT34: 5 | AV34: 5.13 | AX34: 5.14 | AY34: 5.09 | AZ34: 0.7253 | BB34: 1 | BC34: 67570 | BD34: 53692 | BE34: 21155 | BF34: 21130
C35: 45655 | E35: 4.1709677 | F35: 3.4189423 | G35: 0.8197 | H35: 0.99 | I35: 0 | J35: 62331.12 | K35: 25940.29 | L35: 49807.5 | M35: 0 | N35: 138078.91 | O35: 234621.83 | P35: 96542.92 | Q35: 96542.92 | R35: 234621.83 | S35: 234621.83 | T35: 234621.83 | U35: 24700 | V35: 22690 | W35: 23330 | X35: 25830 | Y35: 30880 | Z35: 10430 | AA35: 26890 | AB35: 28170 | AC35: 15410 | AD35: 28540 | AE35: 236870 | AF35: 333412.92 | AH35: 0.8511 | AI35: 0.7817 | AJ35: 0.9043 | AK35: 0.7883 | AL35: 0.9425 | AM35: 0.3031 | AN35: 0.921 | AO35: 0.9647 | AP35: 0.9191 | AQ35: 0.9388 | AR35: 1.7154684 | AS35: 3.4722781 | AT35: 4.5 | AV35: 4.3 | AX35: 4.3 | AY35: 4.3666667 | AZ35: 0.8536 | BB35: 1 | BC35: 67570 | BD35: 53692 | BE35: 21155 | BF35: 21130 | BG35: STS 2 and 6 Limited power due to adjusts the outgoing load given by dispatcher
C36: 45656 | E36: 4.1709677 | F36: 3.4189423 | G36: 0.8197 | H36: 0.99 | I36: 15340.37 | J36: 51952.12 | K36: 22038.94 | L36: 41999.28 | M36: 7836 | N36: 139166.71 | O36: 199990 | P36: 60823.29 | Q36: 60823.29 | R36: 199990 | S36: 199990 | T36: 199990 | U36: 23130 | V36: 21350 | W36: 22620 | X36: 24240 | Y36: 29580 | Z36: 9970 | AA36: 25480 | AB36: 28170 | AC36: 14590 | AD36: 28540 | AE36: 227670 | AF36: 288493.29 | AH36: 0.8159 | AI36: 0.7531 | AJ36: 0.8976 | AK36: 0.7574 | AL36: 0.9243 | AM36: 0.2967 | AN36: 0.8935 | AO36: 0.9878 | AP36: 0.8907 | AQ36: 0.9611 | AR36: 1.6359516 | AS36: 2.9597454 | AT36: 4.2 | AV36: 4.2 | AX36: 4.2 | AY36: 4.2 | AZ36: 0.8178 | BB36: 1 | BC36: 67570 | BD36: 53692 | BE36: 21155 | BF36: 26730 | BG36: STS 6 Limited power due to adjusts the outgoing load given by dispatcher
C37: 45657 | D37: 242264.38 | E37: 4.1709677 | F37: 3.4189423 | G37: 0.8197 | H37: 0.99 | I37: 42266.25 | J37: 42229.63 | K37: 21624.81 | L37: 35800.75 | M37: 27891 | N37: 169812.44 | O37: 186391.67 | P37: 16579.23 | Q37: 16579.23 | R37: 186391.67 | S37: 186391.67 | T37: 186391.67 | U37: 18550 | V37: 17680 | W37: 17640 | X37: 19940 | Y37: 22910 | Z37: 23600 | AA37: 20390 | AB37: 28170 | AC37: 10960 | AD37: 28540 | AE37: 208380 | AF37: 224959.23 | AH37: 0.8107 | AI37: 0.7726 | AJ37: 0.8673 | AK37: 0.7719 | AL37: 0.8869 | AM37: 0.7024 | AN37: 0.715 | AO37: 0.9878 | AP37: 0.6691 | AQ37: 0.9611 | AR37: 1.2271186 | AS37: 2.7584974 | AT37: 4.18 | AV37: 4.2 | AX37: 3.39 | AY37: 3.9233333 | AZ37: 0.9573 | BB37: 1 | BC37: 67570 | BD37: 53692 | BE37: 21155 | BF37: 26730 | BG37: STS 9 produces a small energy yield and has a small maximum setpoint.
C38: 45658 | D38: 244325.41 | E38: 4.2064516 | F38: 3.4480284 | G38: 0.8197 | H38: 0.99 | I38: 43637.85 | J38: 43687.125 | K38: 20979.046 | L38: 35653.185 | M38: 28459.5 | N38: 172416.71 | O38: 118826.5 | P38: -53590.206 | Q38: 0 | R38: 172416.71 | S38: 172416.71 | T38: 118826.5 | U38: 15560 | V38: 16150 | W38: 14460 | X38: 18130 | Y38: 19240 | Z38: 19610 | AA38: 16680 | AB38: 16770 | AC38: 9660 | AD38: 16970 | AE38: 163230 | AF38: 163230 | AG38: 1375.15 | AH38: 0.9076 | AI38: 0.942 | AJ38: 0.9488 | AK38: 0.9367 | AL38: 0.9941 | AM38: 0.9689 | AN38: 0.971 | AO38: 0.9762 | AP38: 0.979 | AQ38: 0.9487 | AR38: 0.94671801 | AS38: 2.5516754 | AT38: 2.54 | AV38: 2.53 | AX38: 2.54 | AY38: 2.5366667 | AZ38: 0.9573 | BA38: 1.0059167 | BB38: 1 | BC38: 67570 | BD38: 53692 | BE38: 10284 | BF38: 23852
C39: 45659 | D39: 244325.41 | E39: 4.2064516 | F39: 3.4480284 | G39: 0.8197 | H39: 0.99 | I39: 16561.15 | J39: 16559.375 | K39: 13015.254 | L39: 26938.525 | M39: 22459.5 | N39: 95533.804 | O39: 99361 | P39: 3827.196 | Q39: 3827.196 | R39: 99361 | S39: 99361 | T39: 99361 | U39: 2080 | V39: 2180 | W39: 1970 | X39: 2470 | Y39: 2580 | Z39: 8580 | AA39: 8240 | AB39: 8170 | AC39: 4780 | AD39: 8330 | AE39: 49380 | AF39: 53207.196 | AG39: 1416.98 | AH39: 0.2568 | AI39: 0.2691 | AJ39: 0.2204 | AK39: 0.2175 | AL39: 0.2272 | AM39: 0.7198 | AN39: 0.8989 | AO39: 0.8913 | AP39: 0.9079 | AQ39: 0.8728 | AR39: 0.5168851 | AS39: 1.4704899 | AT39: 1.35 | AV39: 1.49 | AX39: 1.2 | AY39: 1.3466667 | AZ39: 0.5482 | BA39: 1.0919479 | BB39: 1 | BC39: 67570 | BD39: 53692 | BE39: 24020 | BF39: 26730 | BG39: - STS 1-5 request outage Outgoing Busbar 1 to PH, OG.1 GSK 3, and OG.2 GSK 2 due to change of Tap CT Ratio and Reconfiguration of GFR Protection Function in GSK Substation - STS 6 limited power due to adjusts the outgoing load given by Dispatcher
C40: 45660 | D40: 244325.41 | E40: 4.2064516 | F40: 3.4480284 | G40: 0.8197 | H40: 0.99 | I40: 51458.375 | J40: 51387.62 | K40: 30371.4 | L40: 45836.1 | M40: 37679 | N40: 216732.49 | O40: 221662 | P40: 4929.505 | Q40: 4929.505 | R40: 221662 | S40: 221662 | T40: 218492.23 | U40: 22450 | V40: 23350 | W40: 21290 | X40: 26210 | Y40: 27410 | Z40: 31720 | AA40: 26720 | AB40: 26420 | AC40: 15080 | AD40: 27070 | AE40: 247720 | AF40: 252649.51 | AG40: 1495.81 | AH40: 0.7199 | AI40: 0.7488 | AJ40: 0.7799 | AK40: 0.756 | AL40: 0.7906 | AM40: 0.8714 | AN40: 0.8984 | AO40: 0.8884 | AP40: 0.8828 | AQ40: 0.8742 | AR40: 1.1429758 | AS40: 3.2804795 | AT40: 4.38 | AV40: 4.55 | AX40: 4.62 | AY40: 4.5166667 | AZ40: 0.821 | BA40: 0.72630542 | BB40: 0.9857 | BC40: 67570 | BD40: 53692 | BE40: 23987 | BF40: 26730 | BG40: STS 1-5 there was an overcurrent trip for 50 minutes caused by internal solar plant
C41: 45661 | D41: 244325.41 | E41: 4.2064516 | F41: 3.4480284 | G41: 0.8197 | H41: 0.99 | I41: 53580.625 | J41: 54039.755 | K41: 35352.38 | L41: 41586.69 | M41: 34027 | N41: 218586.45 | O41: 191621 | P41: -26965.45 | Q41: 0 | R41: 218586.45 | S41: 218586.45 | T41: 191621 | U41: 16810 | V41: 17690 | W41: 15850 | X41: 19950 | Y41: 20720 | Z41: 21130 | AA41: 18110 | AB41: 17770 | AC41: 10140 | AD41: 18550 | AE41: 176720 | AF41: 176720 | AG41: 1300.33 | AH41: 0.88 | AI41: 0.9261 | AJ41: 0.9606 | AK41: 0.952 | AL41: 0.9888 | AM41: 0.9605 | AN41: 0.9072 | AO41: 0.8902 | AP41: 0.8844 | AQ41: 0.8924 | AR41: 0.80846731 | AS41: 3.234963 | AT41: 2.94 | AV41: 2.75 | AX41: 2.83 | AY41: 2.84 | AZ41: 0.9242 | BA41: 1.1390715 | BB41: 1 | BC41: 67570 | BD41: 53692 | BE41: 23987 | BF41: 26730
C42: 45662 | D42: 244325.41 | E42: 4.2064516 | F42: 3.4480284 | G42: 0.8197 | H42: 0.99 | I42: 57444.25 | J42: 57350.125 | K42: 36391.122 | L42: 43396.497 | M42: 34258 | N42: 228839.99 | O42: 217355.17 | P42: -11484.824 | Q42: 0 | R42: 228839.99 | S42: 228839.99 | T42: 217355.17 | U42: 20000 | V42: 23080 | W42: 21080 | X42: 26210 | Y42: 28100 | Z42: 28760 | AA42: 24750 | AB42: 25210 | AC42: 15790 | AD42: 26830 | AE42: 239810 | AF42: 239810 | AG42: 1457.63 | AH42: 0.6891 | AI42: 0.7952 | AJ42: 0.7807 | AK42: 0.7644 | AL42: 0.8195 | AM42: 0.7989 | AN42: 0.8762 | AO42: 0.8925 | AP42: 0.9732 | AQ42: 0.9122 | AR42: 1.0479375 | AS42: 3.38671 | AT42: 4.16 | AV42: 4.5 | AX42: 4.3 | AY42: 4.32 | AZ42: 0.8302 | BA42: 0.78396065 | BB42: 1 | BC42: 67570 | BD42: 53692 | BE42: 24786 | BF42: 26730
C43: 45663 | D43: 244325.41 | E43: 4.2064516 | F43: 3.4480284 | G43: 0.8197 | H43: 0.99 | I43: 65372.5 | J43: 65280.375 | K43: 41548.125 | L43: 48472.813 | M43: 39838 | N43: 260511.81 | O43: 255595.17 | P43: -4916.643 | Q43: 0 | R43: 260511.81 | S43: 260511.81 | T43: 255595.17 | U43: 24820 | V43: 26340 | W43: 23580 | X43: 29960 | Y43: 30760 | Z43: 32830 | AA43: 27920 | AB43: 27020 | AC43: 15420 | AD43: 27100 | AE43: 265750 | AF43: 265750 | AG43: 1309.47 | AH43: 0.7645 | AI43: 0.8113 | AJ43: 0.8103 | AK43: 0.8107 | AL43: 0.8323 | AM43: 0.8461 | AN43: 0.8513 | AO43: 0.8239 | AP43: 0.8186 | AQ43: 0.7936 | AR43: 1.0201073 | AS43: 3.855436 | AT43: 4.83 | AV43: 4.85 | AX43: 4.81 | AY43: 4.83 | AZ43: 0.8163 | BA43: 0.79822692 | BB43: 1 | BC43: 67570 | BD43: 53692 | BE43: 23987 | BF43: 26730
C44: 45664 | D44: 244325.41 | E44: 4.2064516 | F44: 3.4480284 | G44: 0.8197 | H44: 0.99 | I44: 42648.5 | J44: 42640.875 | K44: 25717.153 | L44: 31546.88 | M44: 25027 | N44: 167580.41 | O44: 147900.5 | P44: -19679.908 | Q44: 0 | R44: 167580.41 | S44: 167580.41 | T44: 146672.93 | U44: 18210 | V44: 19070 | W44: 16890 | X44: 21300 | Y44: 21990 | Z44: 22160 | AA44: 18510 | AB44: 18620 | AC44: 11040 | AD44: 19350 | AE44: 187140 | AF44: 187140 | AG44: 1372.94 | AH44: 0.8537 | AI44: 0.894 | AJ44: 0.8824 | AK44: 0.8763 | AL44: 0.9046 | AM44: 0.8683 | AN44: 0.8737 | AO44: 0.8789 | AP44: 0.9073 | AQ44: 0.8772 | AR44: 1.1167177 | AS44: 2.4801008 | AT44: 3.12 | AV44: 3.19 | AX44: 3.16 | AY44: 3.1566667 | AZ44: 0.8817 | BA44: 0.78567078 | BB44: 0.9917 | BC44: 67570 | BD44: 53692 | BE44: 24786 | BF44: 26730 | BG44: Overcurrent trip at OG.4 and OG.5 for 60 minutes caused by internal solar plant
C45: 45665 | D45: 244325.41 | E45: 4.2064516 | F45: 3.4480284 | G45: 0.8197 | H45: 0.99 | I45: 36892.25 | J45: 36913 | K45: 21324.347 | L45: 28728.62 | M45: 23294 | N45: 147152.22 | O45: 115517.5 | P45: -31634.717 | Q45: 0 | R45: 147152.22 | S45: 147152.22 | T45: 115517.5 | U45: 13370 | V45: 13970 | W45: 12630 | X45: 15820 | Y45: 16500 | Z45: 16740 | AA45: 14160 | AB45: 14020 | AC45: 8040 | AD45: 14060 | AE45: 139310 | AF45: 139310 | AG45: 1455.51 | AH45: 0.917 | AI45: 0.9582 | AJ45: 0.9656 | AK45: 0.9523 | AL45: 0.9933 | AM45: 0.9599 | AN45: 0.961 | AO45: 0.9515 | AP45: 0.9092 | AQ45: 0.9164 | AR45: 0.94670677 | AS45: 2.1777744 | AT45: 2.17 | AV45: 2.18 | AX45: 2.16 | AY45: 2.17 | AZ45: 0.9484 | BA45: 1.0035827 | BB45: 1 | BC45: 67570 | BD45: 53692 | BE45: 24786 | BF45: 26730
C46: 45666 | D46: 244325.41 | E46: 4.2064516 | F46: 3.4480284 | G46: 0.8197 | H46: 0.99 | I46: 45448 | J46: 45443.13 | K46: 28511.875 | L46: 35869.5 | M46: 28914 | N46: 184186.51 | O46: 143451.67 | P46: -40734.835 | Q46: 0 | R46: 184186.51 | S46: 184186.51 | T46: 143451.67 | U46: 13110 | V46: 13750 | W46: 12440 | X46: 15670 | Y46: 16460 | Z46: 16770 | AA46: 14380 | AB46: 14240 | AC46: 8200 | AD46: 14900 | AE46: 139920 | AF46: 139920 | AG46: 1439.62 | AH46: 0.9034 | AI46: 0.9475 | AJ46: 0.9382 | AK46: 0.9305 | AL46: 0.9774 | AM46: 0.9485 | AN46: 0.9715 | AO46: 0.962 | AP46: 0.9231 | AQ46: 0.9863 | AR46: 0.75966478 | AS46: 2.7258621 | AT46: 2.18 | AV46: 2.21 | AX46: 2.15 | AY46: 2.18 | AZ46: 0.9488 | BA46: 1.2503955 | BB46: 1 | BC46: 67570 | BD46: 53692 | BE46: 24786 | BF46: 26730
C47: 45667 | D47: 244325.41 | E47: 4.2064516 | F47: 3.4480284 | G47: 0.8197 | H47: 0.99 | I47: 64155.25 | J47: 64107.745 | K47: 40552.594 | L47: 45762.687 | M47: 37648 | N47: 252226.28 | O47: 274399.33 | P47: 22173.054 | Q47: 22173.054 | R47: 252226.28 | S47: 274399.33 | T47: 274399.33 | U47: 25510 | V47: 26790 | W47: 23630 | X47: 28860 | Y47: 30260 | Z47: 33090 | AA47: 27300 | AB47: 28090 | AC47: 16500 | AD47: 28630 | AE47: 268660 | AF47: 290833.05 | AG47: 1360.42 | AH47: 0.7254 | AI47: 0.7618 | AJ47: 0.7559 | AK47: 0.7269 | AL47: 0.7622 | AM47: 0.7939 | AN47: 0.7717 | AO47: 0.794 | AP47: 0.7772 | AQ47: 0.793 | AR47: 1.0651547 | AS47: 3.7328145 | AT47: 5.21 | AV47: 5.21 | AX47: 5.21 | AY47: 5.21 | AZ47: 0.7662 | BA47: 0.71647111 | BB47: 1 | BC47: 67570 | BD47: 53692 | BE47: 24786 | BF47: 26730
C48: 45668 | D48: 244325.41 | E48: 4.2064516 | F48: 3.4480284 | G48: 0.8197 | H48: 0.99 | I48: 64870.75 | J48: 64834.375 | K48: 39387.719 | L48: 45621.813 | M48: 37394 | N48: 252108.66 | O48: 250746.5 | P48: -1362.157 | Q48: 0 | R48: 252108.66 | S48: 252108.66 | T48: 248865.9 | U48: 23570 | V48: 25220 | W48: 22360 | X48: 27820 | Y48: 29140 | Z48: 31100 | AA48: 26310 | AB48: 26680 | AC48: 16040 | AD48: 20420 | AE48: 248660 | AF48: 248660 | AG48: 1435.27 | AH48: 0.7641 | AI48: 0.8176 | AJ48: 0.8281 | AK48: 0.8113 | AL48: 0.8498 | AM48: 0.8639 | AN48: 0.8516 | AO48: 0.8636 | AP48: 0.8651 | AQ48: 0.6476 | AR48: 0.98632075 | AS48: 3.7310738 | AT48: 4.55 | AV48: 4.5 | AX48: 4.57 | AY48: 4.54 | AZ48: 0.8163 | BA48: 0.82182242 | BB48: 0.9925 | BC48: 67570 | BD48: 53692 | BE48: 24786 | BF48: 26730
C49: 45669 | D49: 244325.41 | E49: 4.2064516 | F49: 3.4480284 | G49: 0.8197 | H49: 0.99 | I49: 63291.5 | J49: 63164.25 | K49: 42758.062 | L49: 49866.937 | M49: 39215 | N49: 258295.75 | O49: 252307.17 | P49: -5988.579 | Q49: 0 | R49: 258295.75 | S49: 258295.75 | T49: 250667.17 | U49: 27250 | V49: 29350 | W49: 25670 | X49: 31790 | Y49: 33600 | Z49: 36100 | AA49: 30430 | AB49: 30710 | AC49: 18140 | AD49: 28010 | AE49: 291050 | AF49: 291050 | AG49: 1498.49 | AH49: 0.7532 | AI49: 0.8112 | AJ49: 0.7982 | AK49: 0.7783 | AL49: 0.8227 | AM49: 0.8419 | AN49: 0.8361 | AO49: 0.8438 | AP49: 0.8305 | AQ49: 0.7541 | AR49: 1.1268091 | AS49: 3.8226395 | AT49: 5.36 | AV49: 5.36 | AX49: 5.36 | AY49: 5.36 | AZ49: 0.807 | BA49: 0.71317901 | BB49: 0.9935 | BC49: 67570 | BD49: 53692 | BE49: 24796 | BF49: 26730
C50: 45670 | D50: 244325.41 | E50: 4.2064516 | F50: 3.4480284 | G50: 0.8197 | H50: 0.99 | I50: 44699.25 | J50: 44668.5 | K50: 36095.5 | L50: 30675.313 | M50: 35339 | N50: 191477.56 | O50: 151981.17 | P50: -39496.393 | Q50: 0 | R50: 191477.56 | S50: 191477.56 | T50: 151981.17 | U50: 14060 | V50: 14720 | W50: 12850 | X50: 16150 | Y50: 16520 | Z50: 16840 | AA50: 14030 | AB50: 14700 | AC50: 8060 | AD50: 14460 | AE50: 142390 | AF50: 142390 | AG50: 1490.11 | AH50: 0.8752 | AI50: 0.9163 | AJ50: 0.8999 | AK50: 0.8905 | AL50: 0.9109 | AM50: 0.8845 | AN50: 0.8682 | AO50: 0.9096 | AP50: 0.8574 | AQ50: 0.8767 | AR50: 0.74363804 | AS50: 2.8337659 | AT50: 2.38 | AV50: 2.38 | AX50: 2.38 | AY50: 2.38 | AZ50: 0.8889 | BA50: 1.1906579 | BB50: 1 | BC50: 67570 | BD50: 53692 | BE50: 22248 | BF50: 26730
C51: 45671 | D51: 244325.41 | E51: 4.2064516 | F51: 3.4480284 | G51: 0.8197 | H51: 0.99 | I51: 33498.5 | J51: 33584.75 | K51: 27204.443 | L51: 34408.687 | M51: 26008 | N51: 154704.38 | O51: 196920 | P51: 42215.62 | Q51: 42215.62 | R51: 154704.38 | S51: 196920 | T51: 196427.7 | U51: 15130 | V51: 15360 | W51: 14220 | X51: 16740 | Y51: 18500 | Z51: 26120 | AA51: 22190 | AB51: 22380 | AC51: 13630 | AD51: 23030 | AE51: 187300 | AF51: 229515.62 | AG51: 1357.87 | AH51: 0.5792 | AI51: 0.588 | AJ51: 0.6046 | AK51: 0.5604 | AL51: 0.6193 | AM51: 0.8329 | AN51: 0.8129 | AO51: 0.8408 | AP51: 0.8584 | AQ51: 0.8267 | AR51: 1.2106962 | AS51: 2.2895424 | AT51: 4.02 | AV51: 3.92 | AW51: 3.92 | AX51: 3.87 | AY51: 3.9325 | AZ51: 0.7123 | BA51: 0.5822104 | BB51: 0.9975 | BC51: 67570 | BD51: 53692 | BE51: 24796 | BF51: 26730 | BG51: There was a power outage at busbar 1 (STS1-STS5) due to a request from GI Gresik for 76 minutes
C52: 45672 | D52: 244325.41 | E52: 4.2064516 | F52: 3.4480284 | G52: 0.8197 | H52: 0.99 | I52: 65022.25 | J52: 64974 | K52: 43548.995 | L52: 52643.123 | M52: 34973 | N52: 261161.37 | O52: 236442.67 | P52: -24718.698 | Q52: 0 | R52: 261161.37 | S52: 261161.37 | T52: 236442.67 | U52: 20770 | V52: 21500 | W52: 19400 | X52: 23830 | Y52: 24850 | Z52: 25680 | AA52: 22360 | AB52: 22370 | AC52: 13100 | AD52: 23010 | AE52: 216870 | AF52: 216870 | AG52: 1392.3 | AH52: 0.8547 | AI52: 0.8848 | AJ52: 0.8981 | AK52: 0.8687 | AL52: 0.9034 | AM52: 0.8892 | AN52: 0.8973 | AO52: 0.9126 | AP52: 0.9037 | AQ52: 0.9047 | AR52: 0.83040613 | AS52: 3.8650491 | AT52: 3.67 | AV52: 3.61 | AW52: 3.6 | AX52: 3.6 | AY52: 3.62 | AZ52: 0.8917 | BA52: 1.0676931 | BB52: 1 | BC52: 67570 | BD52: 53692 | BE52: 24386 | BF52: 25305
C53: 45673 | D53: 244325.41 | E53: 4.2064516 | F53: 3.4480284 | G53: 0.8197 | H53: 0.99 | I53: 77247.25 | J53: 77162.75 | K53: 52098.875 | L53: 58477.06 | M53: 40600 | N53: 305585.93 | O53: 337694.67 | P53: 32108.735 | Q53: 32108.735 | R53: 337694.67 | S53: 337694.67 | T53: 335499.65 | U53: 32650 | V53: 34130 | W53: 28940 | X53: 34910 | Y53: 35570 | Z53: 37830 | AA53: 34600 | AB53: 35540 | AC53: 20940 | AD53: 33150 | AE53: 328260 | AF53: 360368.73 | AG53: 1355.55 | AH53: 0.7523 | AI53: 0.7864 | AJ53: 0.7443 | AK53: 0.707 | AL53: 0.7305 | AM53: 0.7297 | AN53: 0.7975 | AO53: 0.8077 | AP53: 0.8296 | AQ53: 0.7486 | AR53: 1.0741987 | AS53: 4.9977012 | AT53: 6.39 | AU53: 6.39 | AV53: 6.48 | AW53: 6.48 | AX53: 6.43 | AY53: 6.434 | AZ53: 0.7634 | BA53: 0.77676425 | BB53: 0.9935 | BC53: 67570 | BD53: 53692 | BE53: 23987 | BF53: 26730
C54: 45674 | D54: 244325.41 | E54: 4.2064516 | F54: 3.4480284 | G54: 0.8197 | H54: 0.99 | I54: 67558.5 | J54: 67613.5 | K54: 44414.81 | L54: 51667.5 | M54: 41462 | N54: 272716.31 | O54: 287770.33 | P54: 15054.02 | Q54: 15054.02 | R54: 287770.33 | S54: 287770.33 | T54: 284604.86 | U54: 26870 | V54: 27260 | W54: 23300 | X54: 27450 | Y54: 29570 | Z54: 31120 | AA54: 26970 | AB54: 28780 | AC54: 17030 | AD54: 28070 | AE54: 266420 | AF54: 281474.02 | AG54: 1453.91 | AH54: 0.7805 | AI54: 0.7919 | AJ54: 0.772 | AK54: 0.7162 | AL54: 0.7669 | AM54: 0.7911 | AN54: 0.7817 | AO54: 0.8441 | AP54: 0.8489 | AQ54: 0.7818 | AR54: 0.9769126 | AS54: 4.2588476 | AT54: 5.08 | AU54: 5.06 | AV54: 4.92 | AW54: 5.03 | AX54: 5.1 | AY54: 5.038 | AZ54: 0.7875 | BA54: 0.84534489 | BB54: 0.989 | BC54: 67570 | BD54: 53692 | BE54: 23987 | BF54: 26730
C55: 45675 | D55: 244325.41 | E55: 4.2064516 | F55: 3.4480284 | G55: 0.8197 | H55: 0.99 | I55: 74860.25 | J55: 74669 | K55: 51197.44 | L55: 57654.13 | M55: 45765 | N55: 304145.82 | O55: 316712.33 | P55: 12566.51 | Q55: 12566.51 | R55: 316712.33 | S55: 316712.33 | T55: 313386.85 | U55: 31800 | V55: 32980 | W55: 27990 | X55: 32590 | Y55: 34190 | Z55: 40080 | AA55: 32000 | AB55: 34190 | AC55: 20130 | AD55: 35150 | AE55: 321100 | AF55: 333666.51 | AG55: 1331.8 | AH55: 0.7466 | AI55: 0.7743 | AJ55: 0.75 | AK55: 0.6876 | AL55: 0.7308 | AM55: 0.8341 | AN55: 0.7749 | AO55: 0.8209 | AP55: 0.8384 | AQ55: 0.8179 | AR55: 1.0557436 | AS55: 4.6871737 | AT55: 6.08 | AU55: 6.14 | AV55: 6.01 | AW55: 6.22 | AX55: 6.31 | AY55: 6.152 | AZ55: 0.7776 | BA55: 0.7618943 | BB55: 0.9895 | BC55: 67570 | BD55: 53692 | BE55: 23987 | BF55: 26730
C56: 45676 | D56: 244325.41 | E56: 4.2064516 | F56: 3.4480284 | G56: 0.8197 | H56: 0.99 | I56: 55538.25 | J56: 55516.5 | K56: 35234.38 | L56: 42798 | M56: 33901 | N56: 222988.13 | O56: 207592.33 | P56: -15395.8 | Q56: 0 | R56: 222988.13 | S56: 222988.13 | T56: 205724 | U56: 20320 | V56: 20860 | W56: 18790 | X56: 22800 | Y56: 24450 | Z56: 25360 | AA56: 20330 | AB56: 21890 | AC56: 13130 | AD56: 22670 | AE56: 210600 | AF56: 210600 | AG56: 1439.1 | AH56: 0.8269 | AI56: 0.849 | AJ56: 0.8604 | AK56: 0.8222 | AL56: 0.8839 | AM56: 0.8665 | AN56: 0.8134 | AO56: 0.8631 | AP56: 0.9034 | AQ56: 0.8715 | AR56: 0.94444489 | AS56: 3.3001055 | AT56: 3.68 | AU56: 3.63 | AV56: 3.66 | AW56: 3.64 | AX56: 3.64 | AY56: 3.65 | AZ56: 0.856 | BA56: 0.9041385 | BB56: 0.991 | BC56: 67570 | BD56: 53692 | BE56: 23987 | BF56: 26730
C57: 45677 | D57: 244325.41 | E57: 4.2064516 | F57: 3.4480284 | G57: 0.8197 | H57: 0.99 | I57: 82187 | J57: 82084 | K57: 56291.995 | L57: 63762.5 | M57: 52354 | N57: 336679.49 | O57: 350846.67 | P57: 14167.175 | Q57: 14167.175 | R57: 350846.67 | S57: 350846.67 | T57: 346811.93 | U57: 31960 | V57: 33860 | W57: 28050 | X57: 34920 | Y57: 35100 | Z57: 42500 | AA57: 33120 | AB57: 35280 | AC57: 19760 | AD57: 36450 | AE57: 331000 | AF57: 345167.17 | AG57: 1442.62 | AH57: 0.748 | AI57: 0.7924 | AJ57: 0.7237 | AK57: 0.7093 | AL57: 0.7552 | AM57: 0.803 | AN57: 0.7866 | AO57: 0.7691 | AP57: 0.8071 | AQ57: 0.8319 | AR57: 0.98313086 | AS57: 5.1923438 | AT57: 6.2 | AU57: 6.1 | AV57: 6.62 | AW57: 6.46 | AX57: 6.33 | AY57: 6.342 | AZ57: 0.7726 | BA57: 0.8187234 | BB57: 0.9885 | BC57: 67570 | BD57: 53692 | BE57: 23987 | BF57: 26730
C58: 45678 | D58: 244325.41 | E58: 4.2064516 | F58: 3.4480284 | G58: 0.8197 | H58: 0.99 | I58: 76013 | J58: 66073 | K58: 41690.375 | L58: 50675.5 | M58: 42144 | N58: 276595.88 | O58: 271738.83 | P58: -4857.045 | Q58: 0 | R58: 276595.88 | S58: 276595.88 | T58: 268477.96 | U58: 28020 | V58: 28800 | W58: 24460 | X58: 30620 | Y58: 31410 | Z58: 34660 | AA58: 27790 | AB58: 27680 | AC58: 17430 | AD58: 30500 | AE58: 281370 | AF58: 281370 | AG58: 1450.61 | AH58: 0.7892 | AI58: 0.8112 | AJ58: 0.7706 | AK58: 0.7597 | AL58: 0.8099 | AM58: 0.8401 | AN58: 0.793 | AO58: 0.7741 | AP58: 0.8555 | AQ58: 0.8363 | AR58: 1.0172603 | AS58: 4.0934716 | AT58: 5.16 | AU58: 5.09 | AV58: 5.16 | AW58: 5.29 | AX58: 5.26 | AY58: 5.192 | AZ58: 0.804 | BA58: 0.78841903 | BB58: 0.988 | BC58: 67570 | BD58: 53692 | BE58: 23987 | BF58: 26730
C59: 45679 | D59: 244325.41 | E59: 4.2064516 | F59: 3.4480284 | G59: 0.8197 | H59: 0.99 | I59: 48647 | J59: 58537.75 | K59: 36494.13 | L59: 46577.75 | M59: 37535 | N59: 227791.63 | O59: 221339.33 | P59: -6452.3 | Q59: 0 | R59: 227791.63 | S59: 227791.63 | T59: 218683.26 | U59: 22960 | V59: 23670 | W59: 19940 | X59: 24900 | Y59: 25900 | Z59: 29380 | AA59: 23570 | AB59: 23550 | AC59: 14910 | AD59: 25850 | AE59: 234630 | AF59: 234630 | AG59: 1455.91 | AH59: 0.8236 | AI59: 0.8489 | AJ59: 0.8047 | AK59: 0.7912 | AL59: 0.8036 | AM59: 0.8812 | AN59: 0.8166 | AO59: 0.815 | AP59: 0.8886 | AQ59: 0.8605 | AR59: 1.0300203 | AS59: 3.3711948 | AT59: 4.25 | AU59: 4.23 | AV59: 4.17 | AW59: 4.13 | AX59: 4.13 | AY59: 4.182 | AZ59: 0.8334 | BA59: 0.80612022 | BB59: 0.988 | BC59: 67570 | BD59: 53692 | BE59: 16292 | BF59: 25370
C60: 45680 | D60: 244325.41 | E60: 4.2064516 | F60: 3.4480284 | G60: 0.8197 | H60: 0.99 | I60: 43282 | J60: 17580.5 | K60: 46450.87 | L60: 36073.375 | M60: 28918 | N60: 172304.74 | O60: 218528.5 | P60: 46223.755 | Q60: 46223.755 | R60: 218528.5 | S60: 218528.5 | T60: 216780.27 | U60: 18010 | V60: 18400 | W60: 12010 | X60: 14870 | Y60: 15250 | Z60: 28340 | AA60: 23090 | AB60: 23040 | AC60: 14360 | AD60: 25220 | AE60: 192590 | AF60: 238813.76 | AG60: 1440.19 | AH60: 0.6887 | AI60: 0.6832 | AJ60: 0.4847 | AK60: 0.4725 | AL60: 0.4834 | AM60: 0.8521 | AN60: 0.798 | AO60: 0.7992 | AP60: 0.8536 | AQ60: 0.8376 | AR60: 1.1177289 | AS60: 3.2341054 | AT60: 4.26 | AU60: 4.14 | AV60: 4.16 | AW60: 4.13 | AX60: 3.99 | AY60: 4.136 | AZ60: 0.6933 | BA60: 0.78194037 | BB60: 0.992 | BC60: 67570 | BD60: 53692 | BE60: 11900 | BF60: 26730 | BG60: There is a power limitation on STS3, STS4 and STS5
C61: 45681 | D61: 244325.41 | E61: 4.2064516 | F61: 3.4480284 | G61: 0.8197 | H61: 0.99 | I61: 54392.25 | J61: 0 | K61: 33104.88 | L61: 44453.255 | M61: 34955 | N61: 166905.39 | O61: 199635.83 | P61: 32730.445 | Q61: 32730.445 | R61: 199635.83 | S61: 199635.83 | T61: 198537.83 | U61: 17260 | V61: 18120 | W61: 4220 | X61: 4310 | Y61: 4310 | Z61: 21520 | AA61: 17840 | AB61: 18190 | AC61: 10650 | AD61: 19530 | AE61: 135950 | AF61: 168680.45 | AG61: 1477.13 | AH61: 0.8816 | AI61: 0.9256 | AJ61: 0.2408 | AK61: 0.1935 | AL61: 0.1963 | AM61: 0.941 | AN61: 0.8933 | AO61: 0.9179 | AP61: 0.917 | AQ61: 0.9398 | AR61: 0.81453334 | AS61: 2.9545039 | AT61: 2.94 | AU61: 2.88 | AV61: 2.86 | AW61: 2.92 | AX61: 2.9 | AY61: 2.9 | AZ61: 0.7047 | BA61: 1.0187945 | BB61: 0.9945 | BC61: 67570 | BD61: 53692 | BE61: 11900 | BF61: 26730
C62: 45682 | D62: 244325.41 | E62: 4.2064516 | F62: 3.4480284 | G62: 0.8197 | H62: 0.99 | I62: 39828 | J62: 0 | K62: 24534.98 | L62: 35750.5 | M62: 27042 | N62: 127155.48 | O62: 145504.33 | P62: 18348.85 | Q62: 18348.85 | R62: 145504.33 | S62: 145504.33 | T62: 145504.33 | U62: 20880 | V62: 20530 | W62: 4200 | X62: 4310 | Y62: 4320 | Z62: 26770 | AA62: 23530 | AB62: 24480 | AC62: 16340 | AD62: 25440 | AE62: 170800 | AF62: 189148.85 | AG62: 1397.39 | AH62: 0.8015 | AI62: 0.788 | AJ62: 0.185 | AK62: 0.1496 | AL62: 0.1414 | AM62: 0.8563 | AN62: 0.789 | AO62: 0.9033 | AP62: 0.9424 | AQ62: 0.82 | AR62: 1.3432374 | AS62: 2.1533866 | AT62: 4.39 | AU62: 4.01 | AV62: 3.91 | AW62: 3.78 | AX62: 3.86 | AY62: 3.99 | AZ62: 0.6376 | BA62: 0.53969588 | BB62: 1 | BC62: 67570 | BD62: 53692 | BE62: 11900 | BF62: 26730
C63: 45683 | D63: 244325.41 | E63: 4.2064516 | F63: 3.4480284 | G63: 0.8197 | H63: 0.99 | I63: 43619 | J63: 0 | K63: 25189.14 | L63: 36227.12 | M63: 26549 | N63: 131584.26 | O63: 140620 | P63: 9035.74 | Q63: 9035.74 | R63: 140620 | S63: 140620 | T63: 140338.76 | U63: 10290 | V63: 10300 | W63: 3430 | X63: 3690 | Y63: 3720 | Z63: 12890 | AA63: 11080 | AB63: 10890 | AC63: 6150 | AD63: 11400 | AE63: 83840 | AF63: 92875.74 | AG63: 1486.47 | AH63: 0.8662 | AI63: 0.8672 | AJ63: 0.3282 | AK63: 0.2784 | AL63: 0.2856 | AM63: 0.9316 | AN63: 0.9484 | AO63: 0.9086 | AP63: 0.9049 | AQ63: 0.9377 | AR63: 0.63715827 | AS63: 2.0811011 | AT63: 1.72 | AU63: 1.71 | AV63: 1.73 | AW63: 1.74 | AX63: 1.76 | AY63: 1.732 | AZ63: 0.7257 | BA63: 1.2015595 | BB63: 0.998 | BC63: 67570 | BD63: 53692 | BE63: 11900 | BF63: 26730
C64: 45684 | D64: 244325.41 | E64: 4.2064516 | F64: 3.4480284 | G64: 0.8197 | H64: 0.99 | I64: 60896.5 | J64: 0 | K64: 40090.5 | L64: 52330 | M64: 39809 | N64: 193126 | O64: 273904.5 | P64: 80778.5 | Q64: 80778.5 | R64: 273904.5 | S64: 273904.5 | T64: 273356.69 | U64: 28300 | V64: 28330 | W64: 4300 | X64: 4400 | Y64: 4410 | Z64: 35730 | AA64: 30590 | AB64: 30560 | AC64: 17800 | AD64: 31790 | AE64: 216210 | AF64: 296988.5 | AG64: 1471.89 | AH64: 0.7765 | AI64: 0.7772 | AJ64: 0.1338 | AK64: 0.1076 | AL64: 0.1106 | AM64: 0.8353 | AN64: 0.8324 | AO64: 0.8242 | AP64: 0.833 | AQ64: 0.8314 | AR64: 1.1195282 | AS64: 4.0536407 | AT64: 5.41 | AU64: 5.23 | AV64: 5.35 | AW64: 5.36 | AX64: 5.4 | AY64: 5.35 | AZ64: 0.6062 | BA64: 0.75768984 | BB64: 0.998 | BC64: 67570 | BD64: 53692 | BE64: 9256 | BF64: 26730
C65: 45685 | D65: 244325.41 | E65: 4.2064516 | F65: 3.4480284 | G65: 0.8197 | H65: 0.99 | I65: 32969.5 | J65: 0 | K65: 24176.875 | L65: 34210.25 | M65: 27011 | N65: 118367.62 | O65: 143367.17 | P65: 24999.545 | Q65: 24999.545 | R65: 143367.17 | S65: 143367.17 | T65: 143080.44 | U65: 13140 | V65: 13000 | W65: 3100 | X65: 3180 | Y65: 3190 | Z65: 21180 | AA65: 18200 | AB65: 17910 | AC65: 10370 | AD65: 18710 | AE65: 121980 | AF65: 146979.55 | AG65: 1314.88 | AH65: 0.678 | AI65: 0.6711 | AJ65: 0.1793 | AK65: 0.145 | AL65: 0.148 | AM65: 0.9261 | AN65: 0.9302 | AO65: 0.9036 | AP65: 0.9118 | AQ65: 0.919 | AR65: 1.0305183 | AS65: 2.1217577 | AT65: 2.88 | AU65: 2.83 | AV65: 2.86 | AW65: 2.88 | AX65: 2.87 | AY65: 2.864 | AZ65: 0.6412 | BA65: 0.7408372 | BB65: 0.998 | BC65: 67570 | BD65: 53692 | BE65: 11900 | BF65: 26730 | BG65: - There is a power limitation on STS3, STS4 and STS5 - Request outage OG.1 GSK.3 due to repair work of A3CS Medium Voltage Air Line (SUTM) cable that was detached from the insulator and fell into the traves
C66: 45686 | D66: 244325.41 | E66: 4.2064516 | F66: 3.4480284 | G66: 0.8197 | H66: 0.99 | I66: 36207.5 | J66: 0 | K66: 13821.255 | L66: 30329.12 | M66: 22996 | N66: 103353.88 | O66: 101943.5 | P66: -1410.375 | Q66: 0 | R66: 103353.88 | S66: 103353.88 | T66: 101739.61 | U66: 12510 | V66: 12470 | W66: 4290 | X66: 4370 | Y66: 4370 | Z66: 15510 | AA66: 13170 | AB66: 13060 | AC66: 7450 | AD66: 13590 | AE66: 100790 | AF66: 100790 | AG66: 1438.9 | AH66: 0.9171 | AI66: 0.9146 | AJ66: 0.359 | AK66: 0.288 | AL66: 0.2898 | AM66: 0.9798 | AN66: 0.9892 | AO66: 0.9519 | AP66: 0.962 | AQ66: 0.9807 | AR66: 0.97519324 | AS66: 1.5295823 | AT66: 1.96 | AU66: 1.98 | AV66: 1.98 | AW66: 1.99 | AX66: 2.02 | AY66: 1.986 | AZ66: 0.7632 | BA66: 0.77018242 | BB66: 0.998 | BC66: 67570 | BD66: 53692 | BE66: 11900 | BF66: 25411 | BG66: There is a power limitation on STS3, STS4 and STS5
C67: 45687 | D67: 244325.41 | E67: 4.2064516 | F67: 3.4480284 | G67: 0.8197 | H67: 0.99 | I67: 47274 | J67: 0 | K67: 39988.37 | L67: 14003.26 | M67: 43371 | N67: 144636.63 | O67: 173235.33 | P67: 28598.7 | Q67: 28598.7 | R67: 173235.33 | S67: 173235.33 | T67: 172888.86 | U67: 19520 | V67: 19480 | W67: 4010 | X67: 4130 | Y67: 4140 | Z67: 24280 | AA67: 20810 | AB67: 20570 | AC67: 11860 | AD67: 21450 | AE67: 150250 | AF67: 178848.7 | AG67: 1328.37 | AH67: 0.8685 | AI67: 0.8668 | AJ67: 0.2032 | AK67: 0.1646 | AL67: 0.1661 | AM67: 0.9288 | AN67: 0.9397 | AO67: 0.9076 | AP67: 0.9211 | AQ67: 0.9307 | AR67: 1.0388102 | AS67: 2.5637906 | AT67: 3.26 | AU67: 3.27 | AV67: 3.27 | AW67: 3.29 | AX67: 3.33 | AY67: 3.284 | AZ67: 0.6897 | BA67: 0.78069141 | BB67: 0.998 | BC67: 67570 | BD67: 53692 | BE67: 11900 | BF67: 11900 | BG67: - There is a power limitation on STS3, STS4 and STS5 - Request outage OG.4 NST.2 due to Relocation of Medium Voltage Cable Line (SKTM) affected by the KIPP Project and Rest Poll Jumper Configuration
C68: 45688 | D68: 244325.41 | E68: 4.2064516 | F68: 3.4480284 | G68: 0.8197 | H68: 0.99 | I68: 56274.5 | J68: 0 | K68: 25059.37 | L68: 38917.74 | M68: 44454 | N68: 164705.61 | O68: 212112.5 | P68: 47406.89 | Q68: 47406.89 | R68: 212112.5 | S68: 212112.5 | T68: 211688.27 | U68: 18110 | V68: 18400 | W68: 3850 | X68: 3970 | Y68: 3990 | Z68: 19760 | AA68: 16790 | AB68: 16820 | AC68: 9750 | AD68: 17250 | AE68: 128690 | AF68: 176096.89 | AG68: 1380.38 | AH68: 0.8491 | AI68: 0.8624 | AJ68: 0.2018 | AK68: 0.164 | AL68: 0.1684 | AM68: 0.7628 | AN68: 0.785 | AO68: 0.749 | AP68: 0.784 | AQ68: 0.7747 | AR68: 0.78133343 | AS68: 3.139152 | AT68: 3.15 | AU68: 3.11 | AV68: 3.24 | AW68: 3.18 | AX68: 3.16 | AY68: 3.168 | AZ68: 0.6101 | BA68: 0.99089394 | BB68: 0.998 | BC68: 67570 | BD68: 53692 | BE68: 11900 | BF68: 26730 | BG68: - There is a power limitation on STS3, STS4 and STS5. - There is a power limitation on the STS6-STS10 because only one feeder line is available
C69: 45689 | D69: 266354.31 | E69: 4.5857143 | F69: 3.75891 | G69: 0.8197 | H69: 0.99 | I69: 45115 | J69: 0 | K69: 28675.63 | L69: 27839.38 | M69: 30743 | N69: 132373.01 | O69: 139259.67 | P69: 6886.66 | Q69: 6886.66 | R69: 139259.67 | S69: 139259.67 | T69: 138981.15 | U69: 14890 | V69: 14730 | W69: 4330 | X69: 4430 | Y69: 4440 | Z69: 18450 | AA69: 15490 | AB69: 15650 | AC69: 9390 | AD69: 16210 | AE69: 118010 | AF69: 124896.66 | AG69: 1512.33 | AH69: 0.8847 | AI69: 0.875 | AJ69: 0.2916 | AK69: 0.2349 | AL69: 0.2302 | AM69: 0.9451 | AN69: 0.931 | AO69: 0.9439 | AP69: 0.9706 | AQ69: 0.9362 | AR69: 0.89149593 | AS69: 2.0609689 | AT69: 2.45 | AU69: 2.45 | AV69: 2.44 | AW69: 2.47 | AX69: 2.49 | AY69: 2.46 | AZ69: 0.7243 | BA69: 0.83779224 | BB69: 0.998 | BC69: 67570 | BD69: 53692 | BE69: 11900 | BF69: 26730 | BG69: There is a power limitation on STS3, STS4 and STS5.
C70: 45690 | D70: 266354.31 | E70: 4.5857143 | F70: 3.75891 | G70: 0.8197 | H70: 0.99 | I70: 65862 | J70: 0 | K70: 48569.125 | L70: 50649.75 | M70: 47193 | N70: 212273.88 | O70: 322495.67 | P70: 110221.79 | Q70: 110221.79 | R70: 322495.67 | S70: 322495.67 | T70: 321850.68 | U70: 29040 | V70: 28400 | W70: 4330 | X70: 4390 | Y70: 4400 | Z70: 37210 | AA70: 31040 | AB70: 31080 | AC70: 18350 | AD70: 32800 | AE70: 221040 | AF70: 331261.79 | AG70: 1500.24 | AH70: 0.8871 | AI70: 0.7404 | AJ70: 0.1256 | AK70: 0.1004 | AL70: 0.1021 | AM70: 0.8095 | AN70: 0.8133 | AO70: 0.8143 | AP70: 0.8273 | AQ70: 0.8259 | AR70: 1.0412963 | AS70: 4.7727641 | AT70: 5.62 | AU70: 5.49 | AV70: 5.75 | AW70: 5.75 | AX70: 5.68 | AY70: 5.658 | AZ70: 0.6046 | BA70: 0.84354261 | BB70: 0.998 | BC70: 67570 | BD70: 53692 | BE70: 11900 | BF70: 26730
C71: 45691 | D71: 266354.31 | E71: 4.5857143 | F71: 3.75891 | G71: 0.8197 | H71: 0.99 | I71: 41732.5 | J71: 0 | K71: 19355.625 | L71: 28036.63 | M71: 13713 | N71: 102837.76 | O71: 144178 | P71: 41340.245 | Q71: 41340.245 | R71: 144178 | S71: 144178 | T71: 143889.64 | U71: 16620 | V71: 16290 | W71: 3680 | X71: 3930 | Y71: 3940 | Z71: 14670 | AA71: 11960 | AB71: 12420 | AC71: 7800 | AD71: 12640 | AE71: 103950 | AF71: 145290.24 | AG71: 1440.52 | AH71: 0.81 | AI71: 0.7943 | AJ71: 0.2092 | AK71: 0.1756 | AL71: 0.1779 | AM71: 0.6463 | AN71: 0.6293 | AO71: 0.6442 | AP71: 0.7056 | AQ71: 0.6388 | AR71: 1.0108155 | AS71: 2.1337576 | AT71: 2.8 | AU71: 2.82 | AV71: 2.84 | AW71: 2.94 | AX71: 3.04 | AY71: 2.888 | AZ71: 0.5431 | BA71: 0.73883573 | BB71: 0.998 | BC71: 67570 | BD71: 53692 | BE71: 4611 | BF71: 17647 | BG71: There is a power limitation on STS3 - STS10.
C72: 45692 | D72: 266354.31 | E72: 4.5857143 | F72: 3.75891 | G72: 0.8197 | H72: 0.99 | I72: 17109.75 | J72: 0 | K72: 20247.75 | L72: 17634 | M72: 75710 | N72: 130701.5 | O72: 285766.17 | P72: 155064.67 | Q72: 155064.67 | R72: 285766.17 | S72: 285766.17 | T72: 285194.64 | U72: 5920 | V72: 5770 | W72: 1350 | X72: 1410 | Y72: 1410 | Z72: 23970 | AA72: 20300 | AB72: 20340 | AC72: 11910 | AD72: 20520 | AE72: 112900 | AF72: 267964.67 | AG72: 1474.87 | AH72: 0.1873 | AI72: 0.1825 | AJ72: 0.0472 | AK72: 0.0386 | AL72: 0.039 | AM72: 0.6389 | AN72: 0.6261 | AO72: 0.6384 | AP72: 0.6522 | AQ72: 0.6277 | AR72: 0.86380034 | AS72: 4.2291871 | AT72: 4.63 | AU72: 4.59 | AV72: 4.69 | AW72: 4.77 | AX72: 4.68 | AY72: 4.672 | AZ72: 0.3698 | BA72: 0.90521983 | BB72: 0.998 | BC72: 67570 | BD72: 53692 | BE72: 11900 | BF72: 23000 | BG72: - There is an outage on busbar 1 - There is a power limitation on the busbar 2
C73: 45693 | D73: 266354.31 | E73: 4.5857143 | F73: 3.75891 | G73: 0.8197 | H73: 0.99 | I73: 70116 | J73: 0 | K73: 13265 | L73: 70879 | M73: 62058 | N73: 216318 | O73: 307313.83 | P73: 90995.83 | Q73: 90995.83 | R73: 307313.83 | S73: 307313.83 | T73: 305777.26 | U73: 30810 | V73: 31410 | W73: 4170 | X73: 4430 | Y73: 4440 | Z73: 36860 | AA73: 30370 | AB73: 31190 | AC73: 19750 | AD73: 32510 | AE73: 225940 | AF73: 316935.83 | AG73: 1546.72 | AH73: 0.7492 | AI73: 0.764 | AJ73: 0.1144 | AK73: 0.0956 | AL73: 0.0968 | AM73: 0.7735 | AN73: 0.7396 | AO73: 0.7705 | AP73: 0.8272 | AQ73: 0.7607 | AR73: 1.0444808 | AS73: 4.548081 | AT73: 6.05 | AU73: 5.85 | AV73: 5.96 | AW73: 6.09 | AX73: 6.09 | AY73: 6.008 | AZ73: 0.5692 | BA73: 0.75700415 | BB73: 0.995 | BC73: 67570 | BD73: 53692 | BE73: 11900 | BF73: 16263 | BG73: There is a power limitation on STS3, STS4 and STS5.
C74: 45694 | D74: 266354.31 | E74: 4.5857143 | F74: 3.75891 | G74: 0.8197 | H74: 0.99 | I74: 53046.5 | J74: 0 | K74: 7092.63 | L74: 71502.75 | M74: 15444 | N74: 147085.88 | O74: 196738.17 | P74: 49652.29 | Q74: 49652.29 | R74: 196738.17 | S74: 196738.17 | T74: 196344.69 | U74: 20960 | V74: 21060 | W74: 4280 | X74: 4390 | Y74: 4400 | Z74: 24490 | AA74: 19370 | AB74: 18890 | AC74: 12900 | AD74: 18580 | AE74: 149320 | AF74: 198972.29 | AG74: 1382.41 | AH74: 0.8554 | AI74: 0.8596 | AJ74: 0.1966 | AK74: 0.1578 | AL74: 0.1603 | AM74: 0.8527 | AN74: 0.7919 | AO74: 0.7591 | AP74: 0.9103 | AQ74: 0.747 | AR74: 1.0151892 | AS74: 2.9116201 | AT74: 3.63 | AU74: 3.65 | AV74: 3.59 | AW74: 3.6 | AX74: 3.53 | AY74: 3.6 | AZ74: 0.5486 | BA74: 0.80878336 | BB74: 0.998 | BC74: 67570 | BD74: 53692 | BE74: 11900 | BF74: 11900 | BG74: There is a power limitation on STS3, STS4, STS5, STS6, STS7, STS8, and STS10.
C75: 45695 | D75: 266354.31 | E75: 4.5857143 | F75: 3.75891 | G75: 0.8197 | H75: 0.99 | I75: 58826.25 | J75: 0 | K75: 14819.5 | L75: 46216.5 | M75: 40791 | N75: 160653.25 | O75: 238908 | P75: 78254.75 | Q75: 78254.75 | R75: 238908 | S75: 238908 | T75: 238310.73 | U75: 21600 | V75: 21710 | W75: 3840 | X75: 3990 | Y75: 4000 | Z75: 21730 | AA75: 16390 | AB75: 15820 | AC75: 13400 | AD75: 15500 | AE75: 137980 | AF75: 216234.75 | AG75: 1457.45 | AH75: 0.82 | AI75: 0.83 | AJ75: 0.16 | AK75: 0.13 | AL75: 0.13 | AM75: 0.7 | AN75: 0.62 | AO75: 0.59 | AP75: 0.88 | AQ75: 0.47 | AR75: 0.8588684 | AS75: 3.5357111 | AT75: 3.87 | AU75: 3.88 | AV75: 3.86 | AW75: 3.85 | AX75: 3.76 | AY75: 3.844 | AZ75: 0.5486 | BA75: 0.91979998 | BB75: 0.9975 | BC75: 67570 | BD75: 53692 | BE75: 11900 | BF75: 26730 | BG75: There is a power limitation on STS3, STS4 and STS5
C76: 45696 | D76: 266354.31 | E76: 4.5857143 | F76: 3.75891 | G76: 0.8197 | H76: 0.99 | I76: 63807 | J76: 0 | K76: 46623 | L76: 52040 | M76: 46417 | N76: 208887 | O76: 292267.17 | P76: 83380.17 | Q76: 83380.17 | R76: 292267.17 | S76: 292267.17 | T76: 291682.64 | U76: 28050 | V76: 27960 | W76: 3840 | X76: 3930 | Y76: 3940 | Z76: 36390 | AA76: 30900 | AB76: 31160 | AC76: 18020 | AD76: 31790 | AE76: 215980 | AF76: 299360.17 | AG76: 1453.64 | AH76: 0.7782 | AI76: 0.7756 | AJ76: 0.1199 | AK76: 0.0952 | AL76: 0.0973 | AM76: 0.8392 | AN76: 0.8302 | AO76: 0.8295 | AP76: 0.836 | AQ76: 0.8463 | AR76: 1.0339562 | AS76: 4.3253984 | AT76: 5.34 | AU76: 5.42 | AV76: 5.42 | AW76: 5.32 | AX76: 5.37 | AY76: 5.374 | AZ76: 0.7319 | BA76: 0.80487503 | BB76: 0.998 | BC76: 67570 | BD76: 53692 | BE76: 11900 | BF76: 26730
C77: 45697 | D77: 266354.31 | E77: 4.5857143 | F77: 3.75891 | G77: 0.8197 | H77: 0.99 | I77: 50189 | J77: 0 | K77: 33927 | L77: 40874 | M77: 35718 | N77: 160708 | O77: 205084.5 | P77: 44376.5 | Q77: 44376.5 | R77: 205084.5 | S77: 205084.5 | T77: 204674.33 | U77: 17920 | V77: 18010 | W77: 4110 | X77: 4200 | Y77: 4210 | Z77: 23920 | AA77: 20370 | AB77: 20630 | AC77: 12280 | AD77: 21510 | AE77: 147160 | AF77: 191536.5 | AG77: 1364.33 | AH77: 0.8399 | AI77: 0.8442 | AJ77: 0.2168 | AK77: 0.1689 | AL77: 0.1642 | AM77: 0.8952 | AN77: 0.8595 | AO77: 0.8912 | AP77: 0.8944 | AQ77: 0.9241 | AR77: 0.91569804 | AS77: 3.0351413 | AT77: 3.16 | AU77: 3.26 | AV77: 3.34 | AW77: 3.36 | AX77: 3.42 | AY77: 3.308 | AZ77: 0.6704 | BA77: 0.91751552 | BB77: 0.998 | BC77: 67570 | BD77: 53692 | BE77: 11900 | BF77: 26730
C78: 45698 | D78: 266354.31 | E78: 4.5857143 | F78: 3.75891 | G78: 0.8197 | H78: 0.99 | I78: 53026 | J78: 0 | K78: 34096 | L78: 41646 | M78: 36261 | N78: 165029 | O78: 206953.33 | P78: 41924.33 | Q78: 41924.33 | R78: 206953.33 | S78: 206953.33 | T78: 206746.38 | U78: 20890 | V78: 20960 | W78: 4210 | X78: 4300 | Y78: 4310 | Z78: 26310 | AA78: 22410 | AB78: 22380 | AC78: 13250 | AD78: 23700 | AE78: 162720 | AF78: 204644.33 | AG78: 1437.89 | AH78: 0.8254 | AI78: 0.8279 | AJ78: 0.1869 | AK78: 0.1513 | AL78: 0.1568 | AM78: 0.8889 | AN78: 0.8717 | AO78: 0.8729 | AP78: 0.8895 | AQ78: 0.9243 | AR78: 0.98600852 | AS78: 3.062799 | AT78: 3.75 | AU78: 3.73 | AV78: 3.7 | AW78: 3.61 | AX78: 3.71 | AY78: 3.7 | AZ78: 0.6595 | BA78: 0.82778352 | BB78: 0.999 | BC78: 67570 | BD78: 53692 | BE78: 11900 | BF78: 26730
C79: 45699 | D79: 266354.31 | E79: 4.5857143 | F79: 3.75891 | G79: 0.8197 | H79: 0.99 | I79: 43598.25 | J79: 0 | K79: 20349 | L79: 28532.75 | M79: 25949 | N79: 118429 | O79: 158758 | P79: 40329 | Q79: 40329 | R79: 158758 | S79: 158758 | T79: 158758 | U79: 20080 | V79: 20480 | W79: 4130 | X79: 4260 | Y79: 4280 | Z79: 25540 | AA79: 21460 | AB79: 21890 | AC79: 13190 | AD79: 22630 | AE79: 157940 | AF79: 198269 | AG79: 1514.79 | AH79: 0.8381 | AI79: 0.8548 | AJ79: 0.1937 | AK79: 0.1558 | AL79: 0.1555 | AM79: 0.8843 | AN79: 0.8532 | AO79: 0.8748 | AP79: 0.9048 | AQ79: 0.9044 | AR79: 1.3336261 | AS79: 2.3495338 | AT79: 3.55 | AU79: 3.59 | AV79: 3.61 | AW79: 3.61 | AX79: 3.63 | AY79: 3.598 | AZ79: 0.662 | BA79: 0.65301107 | BB79: 1 | BC79: 67570 | BD79: 53692 | BE79: 23900 | BF79: 26730
C80: 45700 | D80: 266354.31 | E80: 4.5857143 | F80: 3.75891 | G80: 0.8197 | H80: 0.99 | I80: 45713 | J80: 45534 | K80: 28173 | L80: 35209 | M80: 29573 | N80: 184202 | O80: 161667 | P80: -22535 | Q80: 0 | R80: 184202 | S80: 184202 | T80: 161667 | U80: 15590 | V80: 16270 | W80: 13030 | X80: 16280 | Y80: 16780 | Z80: 19540 | AA80: 16470 | AB80: 16500 | AC80: 9530 | AD80: 17210 | AE80: 157200 | AF80: 157200 | AG80: 1492.65 | AH80: 0.8881 | AI80: 0.9272 | AJ80: 0.8351 | AK80: 0.8148 | AL80: 0.8634 | AM80: 0.9615 | AN80: 0.9394 | AO80: 0.9394 | AP80: 0.9372 | AQ80: 0.9778 | AR80: 0.85341093 | AS80: 2.7260915 | AT80: 2.6 | AU80: 2.59 | AV80: 2.54 | AW80: 2.55 | AX80: 2.53 | AY80: 2.562 | AZ80: 0.9093 | BA80: 1.0640482 | BB80: 1 | BC80: 67570 | BD80: 53692 | BE80: 23900 | BF80: 26730
C81: 45701 | D81: 266354.31 | E81: 4.5857143 | F81: 3.75891 | G81: 0.8197 | H81: 0.99 | I81: 49544.75 | J81: 49547.25 | K81: 32364.13 | L81: 38717.25 | M81: 29640 | N81: 199813.38 | O81: 182890.83 | P81: -16922.55 | Q81: 0 | R81: 199813.38 | S81: 199813.38 | T81: 182890.83 | U81: 19510 | V81: 20280 | W81: 18280 | X81: 22080 | Y81: 22980 | Z81: 24780 | AA81: 21180 | AB81: 20990 | AC81: 12400 | AD81: 21750 | AE81: 204230 | AF81: 204230 | AG81: 1459.69 | AH81: 0.8578 | AI81: 0.8914 | AJ81: 0.9039 | AK81: 0.8572 | AL81: 0.8818 | AM81: 0.9163 | AN81: 0.8962 | AO81: 0.8962 | AP81: 0.9058 | AQ81: 0.9285 | AR81: 1.0221037 | AS81: 2.9571316 | AT81: 3.37 | AU81: 3.38 | AV81: 3.38 | AW81: 3.42 | AX81: 3.41 | AY81: 3.392 | AZ81: 0.8935 | BA81: 0.87179586 | BB81: 1 | BC81: 67570 | BD81: 53692 | BE81: 23900 | BF81: 26730
C82: 45702 | D82: 266354.31 | E82: 4.5857143 | F82: 3.75891 | G82: 0.8197 | H82: 0.99 | I82: 71285 | J82: 71247.75 | K82: 49191.5 | L82: 54493.75 | M82: 45261 | N82: 291479 | O82: 283405.33 | P82: -8073.67 | Q82: 0 | R82: 291479 | S82: 291479 | T82: 283405.33 | U82: 25380 | V82: 26630 | W82: 23800 | X82: 28570 | Y82: 29250 | Z82: 32390 | AA82: 27840 | AB82: 27850 | AC82: 15670 | AD82: 28950 | AE82: 266330 | AF82: 266330 | AG82: 1452.47 | AH82: 0.8155 | AI82: 0.8559 | AJ82: 0.8604 | AK82: 0.8132 | AL82: 0.8491 | AM82: 0.8822 | AN82: 0.879 | AO82: 0.8754 | AP82: 0.8539 | AQ82: 0.91 | AR82: 0.91371934 | AS82: 4.3137339 | AT82: 4.61 | AU82: 4.59 | AV82: 4.61 | AW82: 4.52 | AX82: 4.57 | AY82: 4.58 | AZ82: 0.8594 | BA82: 0.9418633 | BB82: 1 | BC82: 67570 | BD82: 53692 | BE82: 23900 | BF82: 26730
C83: 45703 | D83: 266354.31 | E83: 4.5857143 | F83: 3.75891 | G83: 0.8197 | H83: 0.99 | I83: 57082 | J83: 57060.5 | K83: 34994.38 | L83: 43202 | M83: 37928 | N83: 230266.88 | O83: 228373.5 | P83: -1893.38 | Q83: 0 | R83: 230266.88 | S83: 230266.88 | T83: 228373.5 | U83: 23760 | V83: 24270 | W83: 21640 | X83: 25330 | Y83: 26060 | Z83: 29310 | AA83: 24570 | AB83: 24720 | AC83: 14590 | AD83: 25420 | AE83: 239670 | AF83: 239670 | AG83: 1464.22 | AH83: 0.7823 | AI83: 0.7991 | AJ83: 0.8014 | AK83: 0.7605 | AL83: 0.8144 | AM83: 0.852 | AN83: 0.8324 | AO83: 0.8297 | AP83: 0.8533 | AQ83: 0.8529 | AR83: 1.0408357 | AS83: 3.4078271 | AT83: 4.5 | AU83: 4.3 | AV83: 4.37 | AW83: 4.2 | AX83: 4.26 | AY83: 4.326 | AZ83: 0.8178 | BA83: 0.78775477 | BB83: 1 | BC83: 67570 | BD83: 53692 | BE83: 23900 | BF83: 26730
C84: 45704 | D84: 266354.31 | E84: 4.5857143 | F84: 3.75891 | G84: 0.8197 | H84: 0.99 | I84: 39791 | J84: 39849 | K84: 22816.25 | L84: 31055.5 | M84: 27181 | N84: 160692.75 | O84: 150131.5 | P84: -10561.25 | Q84: 0 | R84: 160692.75 | S84: 160692.75 | T84: 150131.5 | U84: 18240 | V84: 18720 | W84: 16600 | X84: 19180 | Y84: 19740 | Z84: 21990 | AA84: 18920 | AB84: 18690 | AC84: 11180 | AD84: 18690 | AE84: 181950 | AF84: 181950 | AG84: 1317.19 | AH84: 0.7923 | AI84: 0.8133 | AJ84: 0.8115 | AK84: 0.7468 | AL84: 0.7666 | AM84: 0.8535 | AN84: 0.81 | AO84: 0.8374 | AP84: 0.8261 | AQ84: 0.8375 | AR84: 1.1322851 | AS84: 2.3781671 | AT84: 3.41 | AU84: 3.22 | AV84: 3.37 | AW84: 3.38 | AX84: 3.37 | AY84: 3.35 | AZ84: 0.8095 | BA84: 0.70990062 | BB84: 1 | BC84: 67570 | BD84: 53692 | BE84: 23900 | BF84: 26730
C85: 45705 | D85: 266354.31 | E85: 4.5857143 | F85: 3.75891 | G85: 0.8197 | H85: 0.99 | I85: 66424.5 | J85: 66380.25 | K85: 40044.88 | L85: 44302.25 | M85: 42999 | N85: 260150.88 | O85: 248116.33 | P85: -12034.55 | Q85: 0 | R85: 260150.88 | S85: 260150.88 | T85: 248116.33 | U85: 21990 | V85: 22760 | W85: 20370 | X85: 24910 | Y85: 25700 | Z85: 27210 | AA85: 23150 | AB85: 22910 | AC85: 13110 | AD85: 23820 | AE85: 225930 | AF85: 225930 | AG85: 1341.14 | AH85: 0.8757 | AI85: 0.9065 | AJ85: 0.9125 | AK85: 0.8788 | AL85: 0.9213 | AM85: 0.9266 | AN85: 0.9305 | AO85: 0.9007 | AP85: 0.9097 | AQ85: 0.9365 | AR85: 0.86845757 | AS85: 3.8500944 | AT85: 3.72 | AU85: 3.67 | AV85: 3.72 | AW85: 3.66 | AX85: 3.59 | AY85: 3.672 | AZ85: 0.9099 | BA85: 1.0485007 | BB85: 1 | BC85: 67570 | BD85: 53692 | BE85: 23900 | BF85: 21560
C86: 45706 | D86: 266354.31 | E86: 4.5857143 | F86: 3.75891 | G86: 0.8197 | H86: 0.99 | I86: 65879.5 | J86: 65808.75 | K86: 60198.8 | L86: 24487.5 | M86: 68762 | N86: 285136.55 | O86: 256050.83 | P86: -29085.72 | Q86: 0 | R86: 285136.55 | S86: 285136.55 | T86: 255538.73 | U86: 23910 | V86: 23640 | W86: 22170 | X86: 26560 | Y86: 27510 | Z86: 21960 | AA86: 20300 | AB86: 20230 | AC86: 14150 | AD86: 20770 | AE86: 221200 | AF86: 221200 | AG86: 1491.86 | AH86: 0.8514 | AI86: 0.8418 | AJ86: 0.8883 | AK86: 0.844 | AL86: 0.8849 | AM86: 0.6777 | AN86: 0.7143 | AO86: 0.7208 | AP86: 0.8596 | AQ86: 0.74 | AR86: 0.77576866 | AS86: 4.219869 | AT86: 4.16 | AU86: 4.05 | AV86: 4.13 | AW86: 4.08 | AX86: 4.1 | AY86: 4.104 | AZ86: 0.8023 | BA86: 1.0282332 | BB86: 0.998 | BC86: 67570 | BD86: 53692 | BE86: 23900 | BF86: 26730 | BG86: Request outage OG.3 and OG.4 because relocation of 20 kV Medium Voltage Network (JTM) due to IKN toll road project
C87: 45707 | D87: 266354.31 | E87: 4.5857143 | F87: 3.75891 | G87: 0.8197 | H87: 0.99 | I87: 43388 | J87: 43357.75 | K87: 67952.5 | L87: 46979.25 | M87: 46507 | N87: 248184.5 | O87: 188615.33 | P87: -59569.17 | Q87: 0 | R87: 248184.5 | S87: 248184.5 | T87: 187766.56 | U87: 26430 | V87: 25760 | W87: 21970 | X87: 26090 | Y87: 26200 | Z87: 31120 | AA87: 25680 | AB87: 26330 | AC87: 16250 | AD87: 27250 | AE87: 253080 | AF87: 253080 | AG87: 1308.11 | AH87: 0.7959 | AI87: 0.7755 | AJ87: 0.7442 | AK87: 0.6946 | AL87: 0.741 | AM87: 0.8172 | AN87: 0.7578 | AO87: 0.7983 | AP87: 0.8275 | AQ87: 0.8259 | AR87: 1.0197252 | AS87: 3.6729984 | AT87: 4.92 | AU87: 4.76 | AV87: 4.93 | AW87: 4.64 | AX87: 4.89 | AY87: 4.828 | AZ87: 0.7778 | BA87: 0.76077017 | BB87: 0.9955 | BC87: 67570 | BD87: 53692 | BE87: 23900 | BF87: 26730
C88: 45708 | D88: 266354.31 | E88: 4.5857143 | F88: 3.75891 | G88: 0.8197 | H88: 0.99 | I88: 48001 | J88: 48122.75 | K88: 25741.12 | L88: 41092 | M88: 25744 | N88: 188700.87 | O88: 167797.33 | P88: -20903.54 | Q88: 0 | R88: 188700.87 | S88: 188700.87 | T88: 166874.44 | U88: 13040 | V88: 13000 | W88: 10860 | X88: 14650 | Y88: 15310 | Z88: 15580 | AA88: 13260 | AB88: 13170 | AC88: 7620 | AD88: 13730 | AE88: 130220 | AF88: 130220 | AG88: 1342.8 | AH88: 0.9505 | AI88: 0.9471 | AJ88: 0.8903 | AK88: 0.9615 | AL88: 0.9789 | AM88: 0.9786 | AN88: 0.9712 | AO88: 0.9553 | AP88: 0.963 | AQ88: 0.9957 | AR88: 0.69008691 | AS88: 2.7926723 | AT88: 2.03 | AU88: 1.99 | AV88: 2 | AW88: 1.99 | AX88: 1.97 | AY88: 1.996 | AZ88: 0.9623 | BA88: 1.3991344 | BB88: 0.9945 | BC88: 67570 | BD88: 53692 | BE88: 23900 | BF88: 26730
C89: 45709 | D89: 266354.31 | E89: 4.5857143 | F89: 3.75891 | G89: 0.8197 | H89: 0.99 | I89: 58328.5 | J89: 58340.75 | K89: 38621.38 | L89: 47854.75 | M89: 38940 | N89: 242085.38 | O89: 239888.33 | P89: -2197.05 | Q89: 0 | R89: 242085.38 | S89: 242085.38 | T89: 238568.94 | U89: 25710 | V89: 25240 | W89: 21610 | X89: 26870 | Y89: 27460 | Z89: 31440 | AA89: 25880 | AB89: 26560 | AC89: 15840 | AD89: 27520 | AE89: 254130 | AF89: 254130 | AG89: 1354.92 | AH89: 0.8445 | AI89: 0.8291 | AJ89: 0.7986 | AK89: 0.76 | AL89: 0.8009 | AM89: 0.8601 | AN89: 0.8374 | AO89: 0.8385 | AP89: 0.8843 | AQ89: 0.8689 | AR89: 1.0497536 | AS89: 3.5827346 | AT89: 4.51 | AU89: 4.57 | AV89: 4.64 | AW89: 4.5 | AX89: 4.46 | AY89: 4.536 | AZ89: 0.8322 | BA89: 0.7898445 | BB89: 0.9945 | BC89: 67570 | BD89: 53692 | BE89: 16008 | BF89: 26730
C90: 45710 | D90: 266354.31 | E90: 4.5857143 | F90: 3.75891 | G90: 0.8197 | H90: 0.99 | I90: 26232.5 | J90: 69273.5 | K90: 34954.87 | L90: 43248 | M90: 36518 | N90: 210226.87 | O90: 221186.5 | P90: 10959.63 | Q90: 10959.63 | R90: 221186.5 | S90: 221186.5 | T90: 220301.75 | U90: 20200 | V90: 19730 | W90: 17740 | X90: 21030 | Y90: 21490 | Z90: 28780 | AA90: 23490 | AB90: 23740 | AC90: 13590 | AD90: 24260 | AE90: 214050 | AF90: 225009.63 | AG90: 1521.83 | AH90: 0.7559 | AI90: 0.7381 | AJ90: 0.7468 | AK90: 0.6525 | AL90: 0.6879 | AM90: 0.8366 | AN90: 0.8474 | AO90: 0.7967 | AP90: 0.8462 | AQ90: 0.8141 | AR90: 1.0181857 | AS90: 3.2734424 | AT90: 3.96 | AU90: 4.3 | AV90: 4.23 | AW90: 4.1 | AX90: 4 | AY90: 4.118 | AZ90: 0.7722 | BA90: 0.79491072 | BB90: 0.996 | BC90: 67570 | BD90: 53692 | BE90: 12000 | BF90: 26730 | BG90: Power limitation on Busbar 1 (STS1-STS5) due to considerations of the feeder line capacity.
C91: 45711 | D91: 266354.31 | E91: 4.5857143 | F91: 3.75891 | G91: 0.8197 | H91: 0.99 | I91: 0 | J91: 66184 | K91: 17095.63 | L91: 28042.75 | M91: 22887 | N91: 134209.38 | O91: 101355 | P91: -32854.38 | Q91: 0 | R91: 134209.38 | S91: 134209.38 | T91: 101152.29 | U91: 13110 | V91: 12540 | W91: 11700 | X91: 14680 | Y91: 15370 | Z91: 15970 | AA91: 13550 | AB91: 13530 | AC91: 7960 | AD91: 14100 | AE91: 132510 | AF91: 132510 | AG91: 1561.14 | AH91: 0.9335 | AI91: 0.8929 | AJ91: 0.9374 | AK91: 0.9354 | AL91: 0.9746 | AM91: 0.9836 | AN91: 0.9583 | AO91: 0.962 | AP91: 0.9722 | AQ91: 1 | AR91: 0.98733784 | AS91: 1.9862273 | AT91: 2.08 | AU91: 2.03 | AV91: 2.06 | AW91: 2.07 | AX91: 2.04 | AY91: 2.056 | AZ91: 0.9553 | BA91: 0.96606387 | BB91: 0.998 | BC91: 67570 | BD91: 53692 | BE91: 12000 | BF91: 26730
C92: 45712 | D92: 266354.31 | E92: 4.5857143 | F92: 3.75891 | G92: 0.8197 | H92: 0.99 | I92: 0 | J92: 102544.75 | K92: 38760.12 | L92: 48280.25 | M92: 40417 | N92: 230002.12 | O92: 241149.67 | P92: 11147.55 | Q92: 11147.55 | R92: 241149.67 | S92: 241149.67 | T92: 240667.37 | U92: 18380 | V92: 17950 | W92: 16540 | X92: 20900 | Y92: 21370 | Z92: 25280 | AA92: 22120 | AB92: 21570 | AC92: 12380 | AD92: 22890 | AE92: 199380 | AF92: 210527.55 | AG92: 1490.95 | AH92: 0.7987 | AI92: 0.7797 | AJ92: 0.8084 | AK92: 0.8091 | AL92: 0.8273 | AM92: 0.9351 | AN92: 0.9334 | AO92: 0.9209 | AP92: 0.9016 | AQ92: 0.9773 | AR92: 0.86686158 | AS92: 3.5688866 | AT92: 3.41 | AU92: 3.38 | AV92: 3.39 | AW92: 3.39 | AX92: 3.42 | AY92: 3.398 | AZ92: 0.8691 | BA92: 1.0502904 | BB92: 0.998 | BC92: 67570 | BD92: 53692 | BE92: 12000 | BF92: 26730
C93: 45713 | D93: 266354.31 | E93: 4.5857143 | F93: 3.75891 | G93: 0.8197 | H93: 0.99 | I93: 0 | J93: 108977.5 | K93: 52175.75 | L93: 61450.5 | M93: 49928 | N93: 272531.75 | O93: 317418 | P93: 44886.25 | Q93: 44886.25 | R93: 317418 | S93: 317418 | T93: 311545.77 | U93: 20200 | V93: 19830 | W93: 18430 | X93: 23280 | Y93: 23500 | Z93: 40920 | AA93: 32740 | AB93: 33290 | AC93: 20590 | AD93: 34740 | AE93: 267520 | AF93: 312406.25 | AG93: 1481.27 | AH93: 0.4706 | AI93: 0.462 | AJ93: 0.4829 | AK93: 0.4812 | AL93: 0.5149 | AM93: 0.8343 | AN93: 0.7796 | AO93: 0.7836 | AP93: 0.846 | AQ93: 0.8179 | AR93: 0.9816104 | AS93: 4.6976173 | AT93: 6.36 | AU93: 6.13 | AV93: 6.35 | AW93: 5.99 | AX93: 6.06 | AY93: 6.178 | AZ93: 0.6473 | BA93: 0.76037832 | BB93: 0.9815 | BC93: 67570 | BD93: 53692 | BE93: 12000 | BF93: 26730
C94: 45714 | D94: 266354.31 | E94: 4.5857143 | F94: 3.75891 | G94: 0.8197 | H94: 0.99 | I94: 0 | J94: 85098.5 | K94: 31083.6 | L94: 41919.25 | M94: 33441 | N94: 191542.35 | O94: 248155.67 | P94: 56613.32 | Q94: 56613.32 | R94: 248155.67 | S94: 248155.67 | T94: 244061.1 | U94: 20750 | V94: 20620 | W94: 18820 | X94: 24020 | Y94: 24010 | Z94: 32910 | AA94: 27380 | AB94: 26980 | AC94: 15730 | AD94: 28620 | AE94: 239840 | AF94: 296453.32 | AG94: 1447.66 | AH94: 0.6299 | AI94: 0.6261 | AJ94: 0.6428 | AK94: 0.6526 | AL94: 0.6879 | AM94: 0.8802 | AN94: 0.874 | AO94: 0.833 | AP94: 0.8666 | AQ94: 0.8836 | AR94: 1.2521513 | AS94: 3.6725717 | AT94: 4.88 | AU94: 4.67 | AV94: 4.83 | AW94: 4.58 | AX94: 4.52 | AY94: 4.696 | AZ94: 0.7577 | BA94: 0.78206382 | BB94: 0.9835 | BC94: 67570 | BD94: 53692 | BE94: 12000 | BF94: 26730
C95: 45715 | D95: 266354.31 | E95: 4.5857143 | F95: 3.75891 | G95: 0.8197 | H95: 0.99 | I95: 0 | J95: 32414.25 | K95: 12019.03 | L95: 18471 | M95: 14865 | N95: 77769.28 | O95: 337697 | P95: 259927.72 | Q95: 259927.72 | R95: 337697 | S95: 337697 | T95: 336177.36 | U95: 17920 | V95: 17680 | W95: 16270 | X95: 20520 | Y95: 20720 | Z95: 35640 | AA95: 29450 | AB95: 29060 | AC95: 16950 | AD95: 30150 | AE95: 234360 | AF95: 494287.72 | AG95: 1379.22 | AH95: 0.497 | AI95: 0.4904 | AJ95: 0.5076 | AK95: 0.4896 | AL95: 0.515 | AM95: 0.8114 | AN95: 0.8204 | AO95: 0.7639 | AP95: 0.8149 | AQ95: 0.7925 | AR95: 3.0135292 | AS95: 4.9977357 | AT95: 5.34 | AU95: 5.49 | AV95: 5.5 | AW95: 5.28 | AX95: 5.18 | AY95: 5.358 | AZ95: 0.6503 | BA95: 0.93276142 | BB95: 0.9955 | BC95: 67570 | BD95: 53692 | BE95: 12000 | BF95: 26730 | BG95: - Rectifier Charger 110 VDC panel lost its supply, causing the control system, energy meter ION8650, and relay protection on the 20 kV panel to become inoperative - Power limitation on Busbar 1 (STS1-STS5) due to considerations of the feeder line capacity.
C96: 45716 | D96: 266354.31 | E96: 4.5857143 | F96: 3.75891 | G96: 0.8197 | H96: 0.99 | I96: 0 | J96: 106719.75 | K96: 48361 | L96: 56381.5 | M96: 49264 | N96: 260726.25 | O96: 327749.67 | P96: 67023.42 | Q96: 67023.42 | R96: 327749.67 | S96: 327749.67 | T96: 321030.8 | U96: 21900 | V96: 21460 | W96: 19920 | X96: 25070 | Y96: 25290 | Z96: 43010 | AA96: 34480 | AB96: 32670 | AC96: 21390 | AD96: 35500 | AE96: 280690 | AF96: 347713.42 | AG96: 1322.69 | AH96: 0.4806 | AI96: 0.471 | AJ96: 0.4918 | AK96: 0.4962 | AL96: 0.5193 | AM96: 0.8246 | AN96: 0.7922 | AO96: 0.7231 | AP96: 0.8481 | AQ96: 0.7856 | AR96: 1.0765698 | AS96: 4.8505205 | AT96: 6.75 | AU96: 6.52 | AV96: 6.63 | AW96: 6.39 | AX96: 6.28 | AY96: 6.514 | AZ96: 0.6433 | BA96: 0.7446301 | BB96: 0.9795 | BC96: 67570 | BD96: 53692 | BE96: 12000 | BF96: 26730 | BG96: Power limitation on Busbar 1 (STS1-STS5) due to considerations of the feeder line capacity.
C97: 45717 | D97: 267184.08 | E97: 4.6 | F97: 3.77062 | G97: 0.8197 | H97: 0.99 | I97: 0 | J97: 94944 | K97: 43344.62 | L97: 48507.5 | M97: 42076 | N97: 228872.12 | O97: 296272.67 | P97: 67400.55 | Q97: 67400.55 | R97: 296272.67 | S97: 296272.67 | T97: 289606.53 | U97: 18120 | V97: 17790 | W97: 16510 | X97: 20610 | Y97: 21060 | Z97: 35140 | AA97: 27040 | AB97: 25190 | AC97: 17880 | AD97: 27340 | AE97: 226680 | AF97: 294080.55 | AG97: 1523.06 | AH97: 0.5265 | AI97: 0.5168 | AJ97: 0.5394 | AK97: 0.5253 | AL97: 0.5176 | AM97: 0.8351 | AN97: 0.7081 | AO97: 0.691 | AP97: 0.8081 | AQ97: 0.7501 | AR97: 0.99042207 | AS97: 4.3846777 | AT97: 5.1 | AU97: 5.26 | AV97: 5.15 | AW97: 5.34 | AX97: 5.51 | AY97: 5.272 | AZ97: 0.6418 | BA97: 0.83169152 | BB97: 0.9775 | BC97: 67570 | BD97: 53692 | BE97: 12000 | BF97: 26730
C98: 45718 | D98: 267184.08 | E98: 4.6 | F98: 3.77062 | G98: 0.8197 | H98: 0.99 | I98: 0 | J98: 106051.75 | K98: 42359.25 | L98: 50324 | M98: 43456 | N98: 242191 | O98: 283379.67 | P98: 41188.67 | Q98: 41188.67 | R98: 283379.67 | S98: 283379.67 | T98: 277003.63 | U98: 19770 | V98: 19200 | W98: 17990 | X98: 22640 | Y98: 22970 | Z98: 33040 | AA98: 25210 | AB98: 23250 | AC98: 16540 | AD98: 25910 | AE98: 226520 | AF98: 267708.67 | AG98: 1260.31 | AH98: 0.6129 | AI98: 0.5952 | AJ98: 0.6274 | AK98: 0.639 | AL98: 0.6442 | AM98: 0.8881 | AN98: 0.7857 | AO98: 0.7213 | AP98: 0.8895 | AQ98: 0.8039 | AR98: 0.93529487 | AS98: 4.1938681 | AT98: 4.78 | AU98: 4.65 | AV98: 4.65 | AW98: 4.68 | AX98: 4.63 | AY98: 4.678 | AZ98: 0.7207 | BA98: 0.89650879 | BB98: 0.9775 | BC98: 67570 | BD98: 53692 | BE98: 12000 | BF98: 26730
C99: 45719 | D99: 267184.08 | E99: 4.6 | F99: 3.77062 | G99: 0.8197 | H99: 0.99 | I99: 0 | J99: 95312.25 | K99: 36035.5 | L99: 45620.5 | M99: 39039 | N99: 216007.25 | O99: 244905.17 | P99: 28897.92 | Q99: 28897.92 | R99: 244905.17 | S99: 244905.17 | T99: 239394.8 | U99: 20510 | V99: 19660 | W99: 18700 | X99: 23450 | Y99: 23900 | Z99: 34400 | AA99: 25530 | AB99: 23860 | AC99: 17860 | AD99: 26700 | AE99: 234570 | AF99: 263467.92 | AG99: 1364.98 | AH99: 0.6478 | AI99: 0.6209 | AJ99: 0.6642 | AK99: 0.6217 | AL99: 0.6298 | AM99: 0.8901 | AN99: 0.7938 | AO99: 0.7127 | AP99: 0.9586 | AQ99: 0.7975 | AR99: 1.0859358 | AS99: 3.624466 | AT99: 4.64 | AU99: 4.98 | AV99: 4.83 | AW99: 4.95 | AX99: 4.69 | AY99: 4.818 | AZ99: 0.7337 | BA99: 0.75227606 | BB99: 0.9775 | BC99: 67570 | BD99: 53692 | BE99: 12000 | BF99: 26730
C100: 45720 | D100: 267184.08 | E100: 4.6 | F100: 3.77062 | G100: 0.8197 | H100: 0.99 | I100: 0 | J100: 98275 | K100: 36422.5 | L100: 45670.75 | M100: 39618 | N100: 219986.25 | O100: 245305 | P100: 25318.75 | Q100: 25318.75 | R100: 245305 | S100: 245305 | T100: 239785.64 | U100: 16820 | V100: 16310 | W100: 15370 | X100: 19420 | Y100: 19740 | Z100: 27340 | AA100: 20710 | AB100: 19320 | AC100: 13570 | AD100: 21910 | AE100: 190510 | AF100: 215828.75 | AG100: 1568.06 | AH100: 0.6625 | AI100: 0.6425 | AJ100: 0.6813 | AK100: 0.6795 | AL100: 0.6946 | AM100: 0.9112 | AN100: 0.7968 | AO100: 0.7435 | AP100: 0.9011 | AQ100: 0.8429 | AR100: 0.86600867 | AS100: 3.6303833 | AT100: 3.76 | AU100: 3.75 | AV100: 3.75 | AW100: 3.73 | AX100: 3.75 | AY100: 3.748 | AZ100: 0.7556 | BA100: 0.96861881 | BB100: 0.9775 | BC100: 67570 | BD100: 53692 | BE100: 12000 | BF100: 26730
C101: 45721 | D101: 267184.08 | E101: 4.6 | F101: 3.77062 | G101: 0.8197 | H101: 0.99 | I101: 0 | J101: 92166.5 | K101: 31935.75 | L101: 41940 | M101: 35463 | N101: 201505.25 | O101: 211033.67 | P101: 9528.42 | Q101: 9528.42 | R101: 211033.67 | S101: 211033.67 | T101: 206285.41 | U101: 18120 | V101: 17320 | W101: 16490 | X101: 20690 | Y101: 21180 | Z101: 26570 | AA101: 19900 | AB101: 18550 | AC101: 13760 | AD101: 20830 | AE101: 193410 | AF101: 202938.42 | AG101: 1570.33 | AH101: 0.6779 | AI101: 0.648 | AJ101: 0.6939 | AK101: 0.6418 | AL101: 0.678 | AM101: 0.7724 | AN101: 0.718 | AO101: 0.6226 | AP101: 0.8566 | AQ101: 0.6989 | AR101: 0.95982611 | AS101: 3.1231859 | AT101: 3.96 | AU101: 4.3 | AV101: 4.23 | AW101: 4.1 | AX101: 4 | AY101: 4.118 | AZ101: 0.7008 | BA101: 0.75842299 | BB101: 0.9775 | BC101: 67570 | BD101: 53692 | BE101: 8783 | BF101: 26730
C102: 45722 | D102: 267184.08 | E102: 4.6 | F102: 3.77062 | G102: 0.8197 | H102: 0.99 | I102: 15936 | J102: 24781 | K102: 26867.25 | L102: 36545.75 | M102: 30959 | N102: 135089 | O102: 209066.67 | P102: 73977.67 | Q102: 73977.67 | R102: 209066.67 | S102: 209066.67 | T102: 204362.67 | U102: 10100 | V102: 10180 | W102: 9220 | X102: 11680 | Y102: 11850 | Z102: 29970 | AA102: 22080 | AB102: 21400 | AC102: 16230 | AD102: 24400 | AE102: 167110 | AF102: 241087.67 | AG102: 1552.33 | AH102: 0.3579 | AI102: 0.3607 | AJ102: 0.3677 | AK102: 0.3369 | AL102: 0.3566 | AM102: 0.8685 | AN102: 0.6867 | AO102: 0.8831 | AP102: 0.871 | AQ102: 0.7445 | AR102: 1.2370363 | AS102: 3.0940753 | AT102: 4.18 | AU102: 4.44 | AV102: 4.55 | AW102: 4.36 | AX102: 4.64 | AY102: 4.434 | AZ102: 0.4768 | BA102: 0.6978068 | BB102: 0.9775 | BC102: 67570 | BD102: 53692 | BE102: 12000 | BF102: 26730 | BG102: - Power limitation on Busbar 1 (STS1-STS5) due to considerations of the feeder line capacity. - The measurement at Weather Station 3 (STS-6) is not normal.
C103: 45723 | D103: 267184.08 | E103: 4.6 | F103: 3.77062 | G103: 0.8197 | H103: 0.99 | I103: 94487.5 | J103: 0 | K103: 36774 | L103: 45938 | M103: 38120 | N103: 215319.5 | O103: 251826.67 | P103: 36507.17 | Q103: 36507.17 | R103: 251826.67 | S103: 251826.67 | T103: 246160.57 | U103: 18160 | V103: 17930 | W103: 16560 | X103: 20930 | Y103: 21110 | Z103: 31270 | AA103: 23520 | AB103: 21770 | AC103: 15130 | AD103: 24400 | AE103: 210780 | AF103: 247287.17 | AG103: 1270.21 | AH103: 0.6127 | AI103: 0.6051 | AJ103: 0.6285 | AK103: 0.633 | AL103: 0.6504 | AM103: 1 | AN103: 0.8043 | AO103: 0.8799 | AP103: 0.8929 | AQ103: 0.9862 | AR103: 0.97891738 | AS103: 3.7269005 | AT103: 4.22 | AU103: 4.26 | AW103: 4.34 | AX103: 4.39 | AY103: 4.3025 | AZ103: 0.7788 | BA103: 0.86621744 | BB103: 0.9775 | BC103: 67570 | BD103: 53692 | BE103: 12000 | BF103: 26730
...

Sheet Sheet6
A2: Years (Date) | B2: Months (Date) | C2: Sum of PAE Energy (kWh) | D2: Sum of Generation (kWh) | E2: Sum of Corrected Meter Generation (kWh)
A3: 2024 | B3: Dec | C3: 880168 | D3: 880168 | E3: 880168
A4: 2024 Total | C4: 880168 | D4: 880168 | E4: 880168
A5: 2025 | B5: Jan | C5: 6476633.5 | D5: 6700932.8 | E5: 6765321.4
B6: Feb | C6: 6399370.3 | D6: 6616000.6 | E6: 6616000.6
B7: Mar | C7: 7108889.7 | D7: 7219550 | E7: 7219550
B8: Apr | C8: 6745867.8 | D8: 6994868.1 | E8: 6994868.1
B9: May | C9: 7656075 | D9: 7863240.8 | E9: 7863240.8
B10: Jun | C10: 7002048.5 | D10: 7182481 | E10: 7182481
B11: Jul | C11: 8350819.3 | D11: 8497574.3 | E11: 8497574.3
B12: Aug | C12: 6746830.8 | D12: 6970899.3 | E12: 6970899.3
B13: Sep | C13: 7412533.8 | D13: 7627301.5 | E13: 7627301.5
B14: Oct | D14: 1639067 | E14: 1639067
B15: Nov | D15: 0 | E15: 0
B16: Dec | D16: 0 | E16: 0
A17: 2025 Total | C17: 63899069 | D17: 67311915 | E17: 67376304
A18: 2026 | D18: 0 | E18: 0
A19: 2027 | D19: 0 | E19: 0
A20: 2028 | D20: 0 | E20: 0
A21: 2029 | D21: 0 | E21: 0
A22: Grand Total | C22: 64779237 | D22: 68192083 | E22: 68256472

Sheet Detail3
A1: Details for Sum of Generation STS (kWh) - Months (Date): Aug, Years (Date): 2025
A3: Date | B3: Energy (kWh) | C3: GHI | D3: SY | E3: PR | F3: Availability | G3: OG1 | H3: OG2 | I3: OG3 | J3: OG4 | K3: OG5 | L3: Total Meter Generation (kWh) (Technical) | M3: Total Meter Generation (kWh) (PLN Billing) | N3: PAE Energy (kWh) from 10 am to 10 am | O3: PAE Energy - Total Meter Generation (kWh) | P3: Curtailed Energy (kWh) | Q3: Generation (kWh) (Technical) | R3: Corrected Meter Generation (kWh) | S3: PLN Meter Generation (kWh) | T3: PLN Meter Generation (kWh)2 | U3: STS1 | V3: STS2 | W3: STS3 | X3: STS4 | Y3: STS5 | Z3: STS6 | AA3: STS7 | AB3: STS8 | AC3: STS9 | AD3: STS10 | AE3: Total STS Generation (kWh) | AF3: PAE Energy (kWh) from 00.00 to 24.00 | AG3: Corrected STS Generation (kWh) | AH3: Generation STS (kWh) | AI3: Auxiliary Energy (kWh) | AJ3: STS12 | AK3: STS22 | AL3: STS32 | AM3: STS42 | AN3: STS52 | AO3: STS62 | AP3: STS72 | AQ3: STS82 | AR3: STS92 | AS3: STS102 | AT3: MTR-STS Ratio (Mtr/Inv) | AU3: Daily Specific Yield (Technical) | AV3: Daily Specific Yield (PLN Billing) | AW3: WS01 | AX3: WS02 | AY3: WS03 | AZ3: WS04 | BA3: WS05 | BB3: Average GHI | BC3: Plant Performance Ratio (PR) | BD3: Corrected Plant PR | BE3: System Availability (%) | BF3: PV Capacity (kWp) | BG3: AC Capacity | BH3: Busbar 1 (STS 1 - 5) | BI3: Busbar 2 (STS 6 - 10) | BJ3: Special remarks (any event happened causing low Performance?)
A4: 45900 | B4: 261950.63 | C4: 4.4193548 | D4: 3.6225452 | E4: 0.8197 | F4: 0.99 | G4: 30995 | H4: 31226 | I4: 19157 | J4: 25544 | K4: 27280 | L4: 134202 | M4: 131221.85 | N4: 123393.83 | O4: -10808.17 | P4: 0 | Q4: 131221.85 | R4: 134202 | S4: 131221.85 | T4: 123393.83 | U4: 8030 | V4: 7980 | W4: 7140 | X4: 9040 | Y4: 9150 | Z4: 9560 | AA4: 8040 | AB4: 8060 | AC4: 9260 | AD4: 8330 | AE4: 84590 | AF4: 76465.941 | AG4: 84590 | AH4: 84590 | AI4: 1601.16 | AJ4: 0.9371 | AK4: 0.9303 | AL4: 0.9367 | AM4: 0.9338 | AN4: 0.9529 | AO4: 0.941 | AP4: 0.9514 | AQ4: 0.9152 | AR4: 0.9491 | AS4: 0.9462 | AT4: 0.63031848 | AU4: 1.8352706 | AV4: 1.8352706 | AW4: 1.22 | AX4: 1.26 | AY4: 1.26 | AZ4: 1.27 | BB4: 1.2525 | BC4: 0.9394 | BD4: 1.4652859 | BE4: 1 | BF4: 71500 | BG4: 56992 | BH4: 24000 | BI4: 30030 | BJ4: - Power limitation on Busbar 1 (STS1-STS5) due to considerations of the feeder line capacity. - The power cable of the pyranometer at Weather Station 5 is suspected to be faulty
A5: 45899 | B5: 261950.63 | C5: 4.4193548 | D5: 3.6225452 | E5: 0.8197 | F5: 0.99 | G5: 40859 | H5: 40941 | I5: 27190 | J5: 33495 | K5: 34122 | L5: 176607 | M5: 170857.25 | N5: 161206.17 | O5: -15400.83 | P5: 0 | Q5: 170857.25 | R5: 176607 | S5: 170857.25 | T5: 161206.17 | U5: 21440 | V5: 21040 | W5: 18920 | X5: 23480 | Y5: 24070 | Z5: 25740 | AA5: 21470 | AB5: 21610 | AC5: 25850 | AD5: 22100 | AE5: 225720 | AF5: 210750.29 | AG5: 225720 | AH5: 225720 | AI5: 1421.77 | AJ5: 0.9048 | AK5: 0.8878 | AL5: 0.8981 | AM5: 0.8778 | AN5: 0.8999 | AO5: 0.9166 | AP5: 0.9058 | AQ5: 0.8884 | AR5: 0.9449 | AS5: 0.9086 | AT5: 1.278092 | AU5: 2.3896118 | AV5: 2.3896118 | AW5: 3.42 | AX5: 3.51 | AY5: 3.41 | AZ5: 3.51 | BB5: 3.4625 | BC5: 0.9033 | BD5: 0.69014061 | BE5: 1 | BF5: 71500 | BG5: 56992 | BH5: 24000 | BI5: 30030 | BJ5: - Power limitation on Busbar 1 (STS1-STS5) due to considerations of the feeder line capacity. - The power cable of the pyranometer at Weather Station 5 is suspected to be faulty
A6: 45898 | B6: 261950.63 | C6: 4.4193548 | D6: 3.6225452 | E6: 0.8197 | F6: 0.99 | G6: 59612 | H6: 59685 | I6: 43460 | J6: 48214 | K6: 49234 | L6: 260205 | M6: 252499.34 | N6: 261305.67 | O6: 1100.67 | P6: 1100.67 | Q6: 261305.67 | R6: 261305.67 | S6: 252644.75 | T6: 261305.67 | U6: 25960 | V6: 25170 | W6: 21490 | X6: 27470 | Y6: 28670 | Z6: 32230 | AA6: 26570 | AB6: 27100 | AC6: 32630 | AD6: 27280 | AE6: 274570 | AF6: 280213.71 | AG6: 275670.67 | AH6: 280213.71 | AI6: 1725.43 | AJ6: 0.8325 | AK6: 0.8072 | AL6: 0.7753 | AM6: 0.7804 | AN6: 0.8021 | AO6: 0.8719 | AP6: 0.8559 | AQ6: 0.8465 | AR6: 0.9104 | AS6: 0.852 | AT6: 1.0552065 | AU6: 3.6546248 | AV6: 3.5334929 | AW6: 4.48 | AX6: 4.69 | AY6: 4.51 | AZ6: 4.62 | BB6: 4.575 | BC6: 0.8334 | BD6: 0.79882508 | BE6: 1 | BF6: 71500 | BG6: 56992 | BH6: 23333 | BI6: 30030 | BJ6: - Power limitation on Busbar 1 (STS1-STS5) due to considerations of the feeder line capacity. - Loss of feedback voltage at busbar 1. External Outage, Trip Earth Fault stage 1 at OG.1 and GSK.2 due to disturbances at 20 kV network distribution. - The power cable of the pyranometer at Weather Station 5 is suspected to be faulty
A7: 45897 | B7: 261950.63 | C7: 4.4193548 | D7: 3.6225452 | E7: 0.8197 | F7: 0.99 | G7: 72372 | H7: 72533 | I7: 52110 | J7: 56806 | K7: 56228 | L7: 310049 | M7: 306627.87 | N7: 300956.17 | O7: -9092.83 | P7: 0 | Q7: 306627.87 | R7: 310049 | S7: 306627.87 | T7: 300956.17 | U7: 22930 | V7: 22970 | W7: 20300 | X7: 25580 | Y7: 26100 | Z7: 28760 | AA7: 24310 | AB7: 24320 | AC7: 27640 | AD7: 25600 | AE7: 248510 | AF7: 240448.42 | AG7: 248510 | AH7: 248510 | AI7: 1728.24 | AJ7: 0.8623 | AK7: 0.8638 | AL7: 0.8585 | AM7: 0.8519 | AN7: 0.8543 | AO7: 0.9125 | AP7: 0.9112 | AQ7: 0.8908 | AR7: 0.8974 | AS7: 0.9377 | AT7: 0.80151847 | AU7: 4.2885017 | AV7: 4.2885017 | AW7: 3.85 | AX7: 4.01 | AY7: 4.01 | AZ7: 3.94 | BB7: 3.9525 | BC7: 0.884 | BD7: 1.0850099 | BE7: 1 | BF7: 71500 | BG7: 56992 | BH7: 24000 | BI7: 30030 | BJ7: - Power limitation on Busbar 1 (STS1-STS5) due to considerations of the feeder line capacity. - The power cable of the pyranometer at Weather Station 5 is suspected to be faulty
A8: 45896 | B8: 261950.63 | C8: 4.4193548 | D8: 3.6225452 | E8: 0.8197 | F8: 0.99 | G8: 52914 | H8: 53050 | I8: 35473 | J8: 41529 | K8: 42558 | L8: 225524 | M8: 219572.45 | N8: 196550 | O8: -28974 | P8: 0 | Q8: 219572.45 | R8: 225524 | S8: 221928.12 | T8: 196550 | U8: 23550 | V8: 23420 | W8: 21030 | X8: 26570 | Y8: 26950 | Z8: 27080 | AA8: 23050 | AB8: 22830 | AC8: 26020 | AD8: 23900 | AE8: 244400 | AF8: 224410.43 | AG8: 244400 | AH8: 244400 | AI8: 1729.79 | AJ8: 0.9379 | AK8: 0.9328 | AL8: 0.9421 | AM8: 0.9373 | AN8: 0.938 | AO8: 0.9099 | AP8: 0.9215 | AQ8: 0.8854 | AR8: 0.901 | AS8: 0.927 | AT8: 1.0836984 | AU8: 3.0709434 | AV8: 3.1038897 | AW8: 3.61 | AX8: 3.77 | AY8: 3.75 | AZ8: 3.72 | BB8: 3.7125 | BC8: 0.9233 | BD8: 0.82719013 | BE8: 1 | BF8: 71500 | BG8: 56992 | BH8: 24000 | BI8: 27986 | BJ8: - Power limitation on Busbar 1 (STS1-STS5) due to considerations of the feeder line capacity. - Loss of feedback voltage at busbar 2. External Outage, OG3, OG4, and OG5 experienced a loss of voltage due to a disturbance in the MVTIC (Medium Voltage Twisted Insukated Cable) in 20kV network distribution, while the circuit breaker remained in the CLOSED position - The power cable of the pyranometer at Weather Station 5 is suspected to be faulty
A9: 45895 | B9: 261950.63 | C9: 4.4193548 | D9: 3.6225452 | E9: 0.8197 | F9: 0.99 | G9: 70698 | H9: 70808 | I9: 47318 | J9: 51617 | K9: 49492 | L9: 289933 | M9: 283497.01 | N9: 285846.5 | O9: -4086.5 | P9: 0 | Q9: 285846.5 | R9: 289933 | S9: 283497.01 | T9: 285846.5 | U9: 28520 | V9: 28800 | W9: 25380 | X9: 32140 | Y9: 32420 | Z9: 35630 | AA9: 30190 | AB9: 29930 | AC9: 34030 | AD9: 30960 | AE9: 308000 | AF9: 299657.24 | AG9: 308000 | AH9: 308000 | AI9: 1514.78 | AJ9: 0.8452 | AK9: 0.85334 | AL9: 0.846 | AM9: 0.8435 | AN9: 0.8492 | AO9: 0.8907 | AP9: 0.9075 | AQ9: 0.8639 | AR9: 0.8861 | AS9: 0.8935 | AT9: 1.0623144 | AU9: 3.9978531 | AV9: 3.9649932 | AW9: 4.8 | AX9: 5.01 | AY9: 4.92 | AZ9: 5 | BB9: 4.9325 | BC9: 0.8679 | BD9: 0.81051255 | BE9: 1 | BF9: 71500 | BG9: 56992 | BH9: 24000 | BI9: 30030 | BJ9: - Power limitation on Busbar 1 (STS1-STS5) due to considerations of the feeder line capacity. - The power cable of the pyranometer at Weather Station 5 is suspected to be faulty
A10: 45894 | B10: 261950.63 | C10: 4.4193548 | D10: 3.6225452 | E10: 0.8197 | F10: 0.99 | G10: 62222 | H10: 62364 | I10: 43425 | J10: 48659 | K10: 49230 | L10: 265900 | M10: 265902.05 | N10: 263643.67 | O10: -2256.33 | P10: 0 | Q10: 265902.05 | R10: 265900 | S10: 272053.27 | T10: 263643.67 | U10: 24540 | V10: 24130 | W10: 21720 | X10: 27310 | Y10: 28090 | Z10: 26980 | AA10: 22900 | AB10: 22730 | AC10: 26510 | AD10: 23650 | AE10: 248560 | AF10: 263014.02 | AG10: 248560 | AH10: 263014.02 | AI10: 1630.88 | AJ10: 0.9417 | AK10: 0.9261 | AL10: 0.9378 | AM10: 0.9285 | AN10: 0.9475 | AO10: 0.8736 | AP10: 0.8765 | AQ10: 0.8497 | AR10: 0.8788 | AS10: 0.8842 | AT10: 0.93478751 | AU10: 3.7189097 | AV10: 3.8049408 | AW10: 3.77 | AX10: 3.89 | AY10: 3.83 | AZ10: 3.86 | BB10: 3.8375 | BC10: 0.9044 | BD10: 0.969097 | BE10: 1 | BF10: 71500 | BG10: 56992 | BH10: 24000 | BI10: 27694 | BJ10: - Power limitation on Busbar 1 (STS1-STS5) due to considerations of the feeder line capacity. - Loss of feedback voltage at busbar 2. External Outage, OG3, OG4, and OG5 experienced a loss of voltage due to a disturbance in the MVTIC (Medium Voltage Twisted Insukated Cable) in 20kV network distribution, while the circuit breaker remained in the CLOSED position - The power cable of the pyranometer at Weather Station 5 is suspected to be faulty
A11: 45893 | B11: 261950.63 | C11: 4.4193548 | D11: 3.6225452 | E11: 0.8197 | F11: 0.99 | G11: 42350 | H11: 42519 | I11: 26540 | J11: 31380 | K11: 26098 | L11: 168887 | M11: 161831.53 | N11: 167039 | O11: -1848 | P11: 0 | Q11: 167039 | R11: 168887 | S11: 161831.53 | T11: 167039 | U11: 11940 | V11: 11860 | W11: 10700 | X11: 13590 | Y11: 13910 | Z11: 14530 | AA11: 12260 | AB11: 12290 | AC11: 14320 | AD11: 12770 | AE11: 128170 | AF11: 112570.84 | AG11: 128170 | AH11: 128170 | AI11: 1506.81 | AJ11: 0.951 | AK11: 0.9445 | AL11: 0.9591 | AM11: 0.9585 | AN11: 0.9759 | AO11: 0.9761 | AP11: 0.9616 | AQ11: 0.9532 | AR11: 0.9728 | AS11: 0.9903 | AT11: 0.7589098 | AU11: 2.3362098 | AV11: 2.263378 | AW11: 1.84 | AX11: 1.87 | AY11: 1.85 | AZ11: 1.86 | BB11: 1.855 | BC11: 0.9643 | BD11: 1.2594123 | BE11: 1 | BF11: 71500 | BG11: 56992 | BH11: 24000 | BI11: 30030 | BJ11: - Power limitation on Busbar 1 (STS1-STS5) due to considerations of the feeder line capacity. - The power cable of the pyranometer at Weather Station 5 is suspected to be faulty
A12: 45892 | B12: 261950.63 | C12: 4.4193548 | D12: 3.6225452 | E12: 0.8197 | F12: 0.99 | G12: 40451 | H12: 40499 | I12: 29442 | J12: 33852 | K12: 27044 | L12: 171288 | M12: 168360.32 | N12: 152708.17 | O12: -18579.83 | P12: 0 | Q12: 168360.32 | R12: 171288 | S12: 168360.32 | T12: 152708.17 | U12: 20310 | V12: 19750 | W12: 17890 | X12: 22160 | Y12: 23050 | Z12: 23770 | AA12: 20350 | AB12: 20340 | AC12: 24020 | AD12: 21150 | AE12: 212790 | AF12: 193837.57 | AG12: 212790 | AH12: 212790 | AI12: 1776.42 | AJ12: 0.9489 | AK12: 0.9229 | AL12: 0.9405 | AM12: 0.9176 | AN12: 0.9367 | AO12: 0.9373 | AP12: 0.9295 | AQ12: 0.9261 | AR12: 0.95 | AS12: 0.9627 | AT12: 1.2422937 | AU12: 2.3546898 | AV12: 2.3546898 | AW12: 3.16 | AX12: 3.23 | AY12: 3.11 | AZ12: 3.17 | BB12: 3.1675 | BC12: 0.9372 | BD12: 0.74339064 | BE12: 1 | BF12: 71500 | BG12: 56992 | BH12: 24000 | BI12: 30030 | BJ12: - Power limitation on Busbar 1 (STS1-STS5) due to considerations of the feeder line capacity. - The power cable of the pyranometer at Weather Station 5 is suspected to be faulty
A13: 45891 | B13: 261950.63 | C13: 4.4193548 | D13: 3.6225452 | E13: 0.8197 | F13: 0.99 | G13: 75100 | H13: 75261 | I13: 57807 | J13: 59583 | K13: 51168 | L13: 318919 | M13: 316946.46 | N13: 323925.33 | O13: 5006.33 | P13: 5006.33 | Q13: 323925.33 | R13: 323925.33 | S13: 316946.46 | T13: 323925.33 | U13: 27600 | V13: 27630 | W13: 23890 | X13: 30150 | Y13: 30410 | Z13: 34840 | AA13: 29590 | AB13: 29500 | AC13: 33250 | AD13: 30470 | AE13: 297330 | AF13: 295623.82 | AG13: 302336.33 | AH13: 297330 | AI13: 1742.69 | AJ13: 0.8162 | AK13: 0.8171 | AL13: 0.7946 | AM13: 0.7897 | AN13: 0.803 | AO13: 0.8693 | AP13: 0.8804 | AQ13: 0.8498 | AR13: 0.857 | AS13: 0.8775 | AT13: 0.9323057 | AU13: 4.5304242 | AV13: 4.4328177 | AW13: 4.85 | AX13: 4.97 | AY13: 4.99 | AZ13: 5.01 | BB13: 4.955 | BC13: 0.8355 | BD13: 0.91431366 | BE13: 1 | BF13: 71500 | BG13: 56992 | BH13: 24000 | BI13: 30030 | BJ13: - Power limitation on Busbar 1 (STS1-STS5) due to considerations of the feeder line capacity. - The power cable of the pyranometer at Weather Station 5 is suspected to be faulty
A14: 45890 | B14: 261950.63 | C14: 4.4193548 | D14: 3.6225452 | E14: 0.8197 | F14: 0.99 | G14: 47737 | H14: 47891 | I14: 34509 | J14: 37211 | K14: 32102 | L14: 199450 | M14: 198526.47 | N14: 183674.67 | O14: -15775.33 | P14: 0 | Q14: 198526.47 | R14: 199450 | S14: 198526.47 | T14: 183674.67 | U14: 18970 | V14: 18890 | W14: 16660 | X14: 21130 | Y14: 21400 | Z14: 22530 | AA14: 18980 | AB14: 18940 | AC14: 21670 | AD14: 19570 | AE14: 198740 | AF14: 181357.94 | AG14: 198740 | AH14: 198740 | AI14: 1435.65 | AJ14: 0.9276 | AK14: 0.9235 | AL14: 0.9163 | AM14: 0.9153 | AN14: 0.936 | AO14: 0.9296 | AP14: 0.9476 | AQ14: 0.9019 | AR14: 0.9372 | AS14: 0.9321 | AT14: 0.99644021 | AU14: 2.7765939 | AV14: 2.7765939 | AW14: 2.89 | AX14: 3 | AY14: 3 | AZ14: 3.03 | BB14: 2.98 | BC14: 0.9267 | BD14: 0.93174293 | BE14: 1 | BF14: 71500 | BG14: 56992 | BH14: 24000 | BI14: 30030 | BJ14: - Power limitation on Busbar 1 (STS1-STS5) due to considerations of the feeder line capacity. - The power cable of the pyranometer at Weather Station 5 is suspected to be faulty
A15: 45889 | B15: 261950.63 | C15: 4.4193548 | D15: 3.6225452 | E15: 0.8197 | F15: 0.99 | G15: 62419 | H15: 62487 | I15: 49197 | J15: 51069 | K15: 43662 | L15: 268834 | M15: 267525.19 | N15: 273304.33 | O15: 4470.33 | P15: 4470.33 | Q15: 273304.33 | R15: 273304.33 | S15: 267525.19 | T15: 273304.33 | U15: 27240 | V15: 26940 | W15: 23890 | X15: 29550 | Y15: 30220 | Z15: 34670 | AA15: 29530 | AB15: 29880 | AC15: 34420 | AD15: 30580 | AE15: 296920 | AF15: 296717.44 | AG15: 301390.33 | AH15: 296920 | AI15: 1668.26 | AJ15: 0.7687 | AK15: 0.7603 | AL15: 0.7583 | AM15: 0.7387 | AN15: 0.754 | AO15: 0.8255 | AP15: 0.8194 | AQ15: 0.8212 | AR15: 0.8275 | AS15: 0.8405 | AT15: 1.1044734 | AU15: 3.8224382 | AV15: 3.7416111 | AW15: 5.2 | AX15: 5.26 | AY15: 5.16 | AZ15: 5.25 | BB15: 5.2175 | BC15: 0.7914 | BD15: 0.73261872 | BE15: 1 | BF15: 71500 | BG15: 56992 | BH15: 24000 | BI15: 30030 | BJ15: - Power limitation on Busbar 1 (STS1-STS5) due to considerations of the feeder line capacity. - The power cable of the pyranometer at Weather Station 5 is suspected to be faulty
... A33: 45871 | B33: 261950.63 | C33: 4.4193548 | D33: 3.6225452 | E33: 0.8197 | F33: 0.99 | G33: 67521 | H33: 0 | I33: 30346.5 | J33: 36639 | K33: 38144 | L33: 172650.5 | M33: 169598.36 | N33: 187576.67 | O33: 14926.17 | P33: 14926.17 | Q33: 187576.67 | R33: 187576.67 | S33: 182981.42 | T33: 187576.67 | U33: 13240 | V33: 12200 | W33: 11580 | X33: 14460 | Y33: 14610 | Z33: 22090 | AA33: 18520 | AB33: 18830 | AC33: 22490 | AD33: 19010 | AE33: 167030 | AF33: 183769.58 | AG33: 181956.17 | AH33: 183769.58 | AI33: 1440.88 | AJ33: 0.6019 | AK33: 0.5543 | AL33: 0.592 | AM33: 0.5822 | AN33: 0.5844 | AO33: 0.9205 | AP33: 0.9029 | AQ33: 0.9056 | AR33: 0.9499 | AS33: 0.9141 | AT33: 0.96744579 | AU33: 2.6234499 | AV33: 2.5591807 | AW33: 2.96 | AX33: 3.28 | AY33: 3 | AZ33: 3.26 | BB33: 3.125 | BC33: 0.7508 | BD33: 0.83950398 | BE33: 1 | BF33: 71500 | BG33: 56992 | BH33: 11550 | BI33: 30030 | BJ33: - Power limitation on Busbar 1 (STS1-STS5) due to considerations of the feeder line capacity. -Loss of feedback voltage at busbar 1. External Outage, Trip at GSK.3 due to disturbances at 20 kV network distribution. OG.2 has been outaged since August 1th at 12:34 - The power cable of the pyranometer at Weather Station 5 is suspected to be faulty.
A34: 45870 | B34: 261950.63 | C34: 4.4193548 | D34: 3.6225452 | E34: 0.8197 | F34: 0.99 | G34: 81970 | H34: 20072 | I34: 12624 | J34: 76348 | K34: 74753 | L34: 265767 | M34: 258408.11 | N34: 308087 | O34: 42320 | P34: 42320 | Q34: 308087 | R34: 308087 | S34: 279511.08 | T34: 306423.33 | U34: 19310 | V34: 18860 | W34: 16120 | X34: 20920 | Y34: 20930 | Z34: 33490 | AA34: 28150 | AB34: 28660 | AC34: 33290 | AD34: 28930 | AE34: 248660 | AF34: 304156.91 | AG34: 290980 | AH34: 304156.91 | AI34: 1776.44 | AJ34: 0.5248 | AK34: 0.5128 | AL34: 0.4931 | AM34: 0.523 | AN34: 0.5191 | AO34: 0.7988 | AP34: 0.8091 | AQ34: 0.7892 | AR34: 0.8289 | AS34: 0.7965 | AT34: 0.93563159 | AU34: 4.3089091 | AV34: 3.9092459 | AW34: 5.02 | AX34: 5.29 | AY34: 5.24 | AZ34: 5.25 | BA34: 5.45 | BB34: 5.25 | BC34: 0.6595 | BD34: 0.82074459 | BE34: 0.9946 | BF34: 71500 | BG34: 56992 | BH34: 13933 | BI34: 24000 | BJ34: - Power limitation on Busbar 1 (STS1-STS5) due to considerations of the feeder line capacity. - Loss of feedback voltage at busbar 1. External Outage, Trip at GSK.3 and GSK.2 due to disturbances at 20 kV network distribution - OG.3 NST.5 has been outage from July 31 at 16.35 due to a fault was identified at the 20 kV medium voltage overhead line (SUTM) termination in GIS.4 Substation. OG.3 normalized in August 1th at 17.39
