Workbook
Name cfg_critical_below: Config!$C$4
Name cfg_high_below: Config!$C$5
Name cfg_medium_below: Config!$C$6
Name cfg_info_below: Config!$C$7
Name cfg_emit_normal: Config!$C$8
Name cfg_pstr_zero_threshold_kw: Config!$C$9
Name cfg_sibling_median_active_kw: Config!$C$10
Name cfg_min_active_siblings_pct: Config!$C$11
Name cfg_debounce_consecutive_steps: Config!$C$12
Name cfg_interval_minutes: Config!$C$13
Name cfg_pv_max: Config!$C$14
Name cfg_n_pv_total_in_workbook: Config!$C$15
Name cfg_poa_threshold_wm2: Config!$C$16
Name cfg_poa_floor_wm2: Config!$C$17
Name cfg_z_threshold: Config!$C$18
Name cfg_z_high_threshold: Config!$C$19
Name cfg_voc_ratio_threshold: Config!$C$20
Name cfg_stat_method: Config!$C$21
Name cfg_min_peer_strings: Config!$C$22
Name cfg_min_daylight_samples: Config!$C$23
Name cfg_i_clip_floor_a: Config!$C$24
Name cfg_i_threshold_a: Config!$C$25
Name cfg_min_voc_v: Config!$C$26
Name cfg_min_samples: Config!$C$27
Name cfg_hampel_window: Config!$C$28
Name cfg_hampel_max_deviation: Config!$C$29
Name cfg_enabled: Config!$C$30
Name cfg_default_source: Config!$C$31
Name panel_voc_stc_v: PanelSpec!$B$6
Name panel_vmp_stc_v: PanelSpec!$B$7
Name panel_imp_stc_a: PanelSpec!$B$8
Name panel_isc_stc_a: PanelSpec!$B$9
Name panel_pmax_stc_w: PanelSpec!$B$10
Name panel_voc_noct_v: PanelSpec!$B$11
Name panel_temp_coef_voc_pct_per_c: PanelSpec!$B$12
Name panel_temp_coef_pmax_pct_per_c: PanelSpec!$B$13
Name panel_temp_coef_isc_pct_per_c: PanelSpec!$B$14
Name panel_t_stc_c: PanelSpec!$B$15
Name panel_max_system_voltage_v: PanelSpec!$B$16
Name panel_default_modules_per_string: PanelSpec!$B$17
Name panel_modules_per_string_WB01: PanelSpec!$B$18
Name panel_modules_per_string_WB02: PanelSpec!$B$19
Name panel_modules_per_string_WB03_10: PanelSpec!$B$20
Name voc_per_module_calc: PanelSpec!$B$24
Name voc_string_24_calc: PanelSpec!$B$25
Name voc_string_26_calc: PanelSpec!$B$26
Name tcell_dummy_c: PanelSpec!$B$23
Name rstr_fleet_mean: M2b_PeerZScore!$B$15
Name rstr_fleet_median: M2b_PeerZScore!$B$16
Name rstr_fleet_std: M2b_PeerZScore!$B$17

Sheet README
A1: M2 PV Performance — Workbook Excel
A2: Reverse engineering dari pv_pipeline/ (notebook 20260514stringmap_v1.5.ipynb)
A4: Iterasi log
A5: Iterasi | B5: Tanggal | C5: Detector | D5: Sheet yang ditambah
A6: 1 (Phase 1) | B6: 2026-05-28 | C6: — | D6: Hanya dokumen overview (.docx + .md). Belum ada Excel.
A7: 2 | B7: 2026-05-28 | C7: M2eAvailability | D7: README, Config, Raw_Data, EmptyPVMap, Helpers_M2e, M2e_Availability, M2e_AllStrings, Findings_Summary
A8: 3 | B8: 2026-05-28 | C8: M2bPeerZScore | D8: Meteo_Dummy, PanelSpec, Raw_Data_M2b, Helpers_M2b, M2b_PeerZScore, M2b_StringStatus, Hampel_Preprocessing, M2b_StatComparison
A10: Cara membaca
A11: • Sheet 'Config' adalah single source of truth untuk semua threshold. Edit di sini → seluruh workbook recalc.
A12: • Sheet 'Raw_Data' berisi data dummy realistis. Ganti dengan data aktual mu (paste over) untuk pakai workbook ini di lapangan.
A13: • Sheet 'Helpers_M2e' adalah JEMBATAN antara Raw_Data dan M2e_Availability. Tiap kolom punya formula yang ekuivalen dengan satu langkah di pv_pipeline/availability.py.
A14: • Sheet 'M2e_Availability' menampilkan hasil akhir per inverter & per string + severity. Sheet 'M2e_AllStrings' mereplika output sheet xlsx Python.
A15: • Severity dihitung via IFS() dari uptime_pct ke threshold di Config.
A16: • Workbook ini akan TUMBUH per iterasi — sheet baru ditambah tanpa mengubah yang lama.

Sheet Config
A1: M2 Configuration (mirror config/m2_config.yaml)
A3: Section | B3: Key | C3: Value | D3: Unit / Notes
A4: m2e.severity | B4: critical_below | C4: 90 | D4: % uptime; < ini → CRITICAL
A5: m2e.severity | B5: high_below | C5: 95 | D5: % uptime; < ini → HIGH
A6: m2e.severity | B6: medium_below | C6: 97 | D6: % uptime; < ini → MEDIUM
A7: m2e.severity | B7: info_below | C7: 99 | D7: % uptime; < ini → INFO; ≥ ini → NORMAL
A8: m2e.severity | B8: emit_normal | C8: 0 | D8: 1=emit NORMAL findings, 0=skip
A9: m2e.string_proxy | B9: pstr_zero_threshold_kw | C9: 0.1 | D9: kW; PV power < ini → string dianggap mati
A10: m2e.string_proxy | B10: sibling_median_active_kw | C10: 1 | D10: kW; median sibling >= ini → timestamp 'produktif'
A11: m2e.string_proxy | B11: min_active_siblings_pct | C11: 50 | D11: %; minimum % sibling aktif → 'qualified' timestamp
A12: m2e.string_proxy | B12: debounce_consecutive_steps | C12: 2 | D12: step; run candidate >= ini → genuine event. DUMMY=2 (original spec). PRODUKSI IKN=20 (~1h40m persist).
A13: system | B13: interval_minutes | C13: 5 | D13: menit; median selisih Start Time (auto-detected, override saat dummy)
A14: system | B14: pv_max | C14: 28 | D14: PV string per inverter (hardcoded Huawei cap)
A15: system | B15: n_pv_total_in_workbook | C15: 5 | D15: PV string yang ada di sheet ini (PV1..PV5)
... A20: m2b | B20: voc_ratio_threshold | C20: 0.95 | D20: voc_actual/voc_string_nominal > ini → confirm high_R (spec 4.2.3)
A21: m2b | B21: stat_method | C21: median | D21: mean | median | both (z_primary picker)
A22: m2b | B22: min_peer_strings | C22: 3 | D22: min sibling per inverter untuk valid peer comparison
A23: m2b | B23: min_daylight_samples | C23: 10 | D23: min samples lulus POA gate per inverter
A24: m2b | B24: i_clip_floor_a | C24: 0.1 | D24: clip(lower=0.1A) untuk hindari divide-by-zero saat R=V/I
A25: voc_estimator | B25: i_threshold_a | C25: 0.5 | D25: I < ini → dianggap open-circuit (sunrise/sunset)
A26: voc_estimator | B26: min_voc_v | C26: 10 | D26: V > ini → buang zero-reading sample
A27: voc_estimator | B27: min_samples | C27: 3 | D27: minimum samples valid untuk median voc
A28: preprocessing | B28: hampel_window | C28: 15 | D28: samples; rolling window (75 menit @ 5-min)
A29: preprocessing | B29: hampel_max_deviation | C29: 3 | D29: MAD-sigma; |x - median| / MAD > ini → outlier
A30: preprocessing | B30: enabled | C30: 0 | D30: 1=apply Hampel cleaning, 0=skip (raw V/I)
A31: poa | B31: default_source | C31: pyranometer_avg | D31: single source di dummy (production: 5 sources)

Sheet Raw_Data
A1: Raw_Data (dummy realistis — 2 inverter × 12 timestep)
A2: Skenario: INV01 punya PV3 fault 6-timestep; INV02 down 4-timestep. PV5 (kedua inverter) ada di EmptyPVMap.
A4: Inverter_ID | B4: Start Time | C4: Inverter status | D4: PV1 Power(kW) | E4: PV2 Power(kW) | F4: PV3 Power(kW) | G4: PV4 Power(kW) | H4: PV5 Power(kW)
A5: WB02-INV01 | B5: 46156.417 | C5: Grid connected | D5: 5 | E5: 4.9 | F5: 5.1 | G5: 5 | H5: 0
A6: WB02-INV01 | B6: 46156.42 | C6: Grid connected | D6: 5.05 | E6: 4.94 | F6: 5.1 | G6: 5.03 | H6: 0
A7: WB02-INV01 | B7: 46156.424 | C7: Grid connected | D7: 5.1 | E7: 4.98 | F7: 5.1 | G7: 5.06 | H7: 0
A8: WB02-INV01 | B8: 46156.427 | C8: Grid connected | D8: 5.15 | E8: 5.02 | F8: 0 | G8: 5 | H8: 0
A9: WB02-INV01 | B9: 46156.431 | C9: Grid connected | D9: 5 | E9: 5.06 | F9: 0 | G9: 5.03 | H9: 0
A10: WB02-INV01 | B10: 46156.434 | C10: Grid connected | D10: 5.05 | E10: 4.9 | F10: 0 | G10: 5.06 | H10: 0
A11: WB02-INV01 | B11: 46156.438 | C11: Grid connected | D11: 5.1 | E11: 4.94 | F11: 0 | G11: 5 | H11: 0
A12: WB02-INV01 | B12: 46156.441 | C12: Grid connected | D12: 5.15 | E12: 4.98 | F12: 0 | G12: 5.03 | H12: 0
A13: WB02-INV01 | B13: 46156.444 | C13: Grid connected | D13: 5 | E13: 5.02 | F13: 0 | G13: 5.06 | H13: 0
A14: WB02-INV01 | B14: 46156.448 | C14: Grid connected | D14: 5.05 | E14: 5.06 | F14: 5.1 | G14: 5 | H14: 0
A15: WB02-INV01 | B15: 46156.451 | C15: Grid connected | D15: 5.1 | E15: 4.9 | F15: 5.1 | G15: 5.03 | H15: 0
A16: WB02-INV01 | B16: 46156.455 | C16: Grid connected | D16: 5.15 | E16: 4.94 | F16: 5.1 | G16: 5.06 | H16: 0
... A28: WB02-INV02 | B28: 46156.455 | C28: Grid connected | D28: 5 | E28: 5 | F28: 5 | G28: 5 | H28: 0

Sheet EmptyPVMap
A1: EmptyPVMap — slot PV yang fisik tidak terpasang (skip dari peer comparison)
A2: Replica config/strings.yaml (245 inverter dalam file aktual). Di sini hanya entry yang relevan untuk dummy.
A4: Inverter_ID | B4: Empty PV indices (CSV) | C4: Note
A5: WB02-INV01 | B5: 5 | C5: DEMO: PV5 EMPTY by design
A6: WB02-INV02 | B6: 5 | C6: DEMO: PV5 EMPTY by design
A7: WB01-INV01 | B7: 19,20,21,22,23,24,25,26,27,28 | C7: Pola WB01 produksi (PV19-28 kosong)
A8: WB03-INV01 | C8: (contoh: tidak ada slot kosong)
A9: WB05-INV05 | B9: 5 | C9: DEMO M2b: PV5 EMPTY

Sheet Helpers_M2e
A1: Helpers_M2e — derived columns dari Raw_Data (per-row formulas)
A2: Setiap kolom = 1 langkah di pv_pipeline/availability.py. Edit Raw_Data → recalc otomatis.
A4: Inverter_ID | B4: Start Time | C4: status_raw | D4: _status_class | E4: sib_median_kW | F4: active_count | G4: active_pct | H4: qualified | I4: is_on | J4: cand_PV1 | K4: run_id_PV1 | L4: run_len_PV1 | M4: in_event_PV1 | N4: cand_PV2 | O4: run_id_PV2 | P4: run_len_PV2 | Q4: in_event_PV2 | R4: cand_PV3 | S4: run_id_PV3 | T4: run_len_PV3 | U4: in_event_PV3 | V4: cand_PV4 | W4: run_id_PV4 | X4: run_len_PV4 | Y4: in_event_PV4 | Z4: cand_PV5 | AA4: run_id_PV5 | AB4: run_len_PV5 | AC4: in_event_PV5
A5: =Raw_Data!A5 | B5: =Raw_Data!B5 | C5: =Raw_Data!C5 | D5: =IF(ISNUMBER(SEARCH("shutdown",LOWER(C5)))+ISNUMBER(SEARCH("fault",LOWER(C5))),"DOWN",IF(ISNUMBER(SEARCH("grid connected",LOWER(C5)))+ISNUMBER(SEARCH("on-grid",LOWER(C5))),"ON",IF(ISNUMBER(SEARCH("standby",LOWER(C5)))+ISNUMBER(SEARCH("no sunlight",LOWER(C5))),"TRANSITIONAL","UNKNOWN"))) | E5: =MEDIAN(Raw_Data!D5:H5) | F5: =COUNTIF(Raw_Data!D5:H5, ">"&cfg_pstr_zero_threshold_kw) | G5: =100*F5/cfg_n_pv_total_in_workbook | H5: =IF(AND(E5>=cfg_sibling_median_active_kw, G5>=cfg_min_active_siblings_pct),1,0) | I5: =IF(D5="ON",1,0) | J5: =IF(AND(I5=1, H5=1, Raw_Data!D5<cfg_pstr_zero_threshold_kw),1,0) | K5: =IF(J5=1,1,0) | L5: =IF(J5=1,COUNTIFS($A$5:$A$28,A5,$K$5:$K$28,K5,$J$5:$J$28,1),0) | M5: =IF(AND(J5=1, L5>=cfg_debounce_consecutive_steps),1,0) | N5: =IF(AND(I5=1, H5=1, Raw_Data!E5<cfg_pstr_zero_threshold_kw),1,0) | O5: =IF(N5=1,1,0) | P5: =IF(N5=1,COUNTIFS($A$5:$A$28,A5,$O$5:$O$28,O5,$N$5:$N$28,1),0) | Q5: =IF(AND(N5=1, P5>=cfg_debounce_consecutive_steps),1,0) | R5: =IF(AND(I5=1, H5=1, Raw_Data!F5<cfg_pstr_zero_threshold_kw),1,0) | S5: =IF(R5=1,1,0) | T5: =IF(R5=1,COUNTIFS($A$5:$A$28,A5,$S$5:$S$28,S5,$R$5:$R$28,1),0) | U5: =IF(AND(R5=1, T5>=cfg_debounce_consecutive_steps),1,0) | V5: =IF(AND(I5=1, H5=1, Raw_Data!G5<cfg_pstr_zero_threshold_kw),1,0) | W5: =IF(V5=1,1,0) | X5: =IF(V5=1,COUNTIFS($A$5:$A$28,A5,$W$5:$W$28,W5,$V$5:$V$28,1),0) | Y5: =IF(AND(V5=1, X5>=cfg_debounce_consecutive_steps),1,0) | Z5: =IF(AND(I5=1, H5=1, Raw_Data!H5<cfg_pstr_zero_threshold_kw),1,0) | AA5: =IF(Z5=1,1,0) | AB5: =IF(Z5=1,COUNTIFS($A$5:$A$28,A5,$AA$5:$AA$28,AA5,$Z$5:$Z$28,1),0) | AC5: =IF(AND(Z5=1, AB5>=cfg_debounce_consecutive_steps),1,0)
A6: =Raw_Data!A6 | B6: =Raw_Data!B6 | C6: =Raw_Data!C6 | D6: =IF(ISNUMBER(SEARCH("shutdown",LOWER(C6)))+ISNUMBER(SEARCH("fault",LOWER(C6))),"DOWN",IF(ISNUMBER(SEARCH("grid connected",LOWER(C6)))+ISNUMBER(SEARCH("on-grid",LOWER(C6))),"ON",IF(ISNUMBER(SEARCH("standby",LOWER(C6)))+ISNUMBER(SEARCH("no sunlight",LOWER(C6))),"TRANSITIONAL","UNKNOWN"))) | E6: =MEDIAN(Raw_Data!D6:H6) | F6: =COUNTIF(Raw_Data!D6:H6, ">"&cfg_pstr_zero_threshold_kw) | G6: =100*F6/cfg_n_pv_total_in_workbook | H6: =IF(AND(E6>=cfg_sibling_median_active_kw, G6>=cfg_min_active_siblings_pct),1,0) | I6: =IF(D6="ON",1,0) | J6: =IF(AND(I6=1, H6=1, Raw_Data!D6<cfg_pstr_zero_threshold_kw),1,0) | K6: =IF(A6<>A5,IF(J6=1, MAX($K$5:K5)+1, 0),IF(AND(J6=1, J5=0), K5+1,IF(J6=1, K5, K5))) | L6: =IF(J6=1,COUNTIFS($A$5:$A$28,A6,$K$5:$K$28,K6,$J$5:$J$28,1),0) | M6: =IF(AND(J6=1, L6>=cfg_debounce_consecutive_steps),1,0) | N6: =IF(AND(I6=1, H6=1, Raw_Data!E6<cfg_pstr_zero_threshold_kw),1,0) | O6: =IF(A6<>A5,IF(N6=1, MAX($O$5:O5)+1, 0),IF(AND(N6=1, N5=0), O5+1,IF(N6=1, O5, O5))) | P6: =IF(N6=1,COUNTIFS($A$5:$A$28,A6,$O$5:$O$28,O6,$N$5:$N$28,1),0) | Q6: =IF(AND(N6=1, P6>=cfg_debounce_consecutive_steps),1,0) | R6: =IF(AND(I6=1, H6=1, Raw_Data!F6<cfg_pstr_zero_threshold_kw),1,0) | S6: =IF(A6<>A5,IF(R6=1, MAX($S$5:S5)+1, 0),IF(AND(R6=1, R5=0), S5+1,IF(R6=1, S5, S5))) | T6: =IF(R6=1,COUNTIFS($A$5:$A$28,A6,$S$5:$S$28,S6,$R$5:$R$28,1),0) | U6: =IF(AND(R6=1, T6>=cfg_debounce_consecutive_steps),1,0) | V6: =IF(AND(I6=1, H6=1, Raw_Data!G6<cfg_pstr_zero_threshold_kw),1,0) | W6: =IF(A6<>A5,IF(V6=1, MAX($W$5:W5)+1, 0),IF(AND(V6=1, V5=0), W5+1,IF(V6=1, W5, W5))) | X6: =IF(V6=1,COUNTIFS($A$5:$A$28,A6,$W$5:$W$28,W6,$V$5:$V$28,1),0) | Y6: =IF(AND(V6=1, X6>=cfg_debounce_consecutive_steps),1,0) | Z6: =IF(AND(I6=1, H6=1, Raw_Data!H6<cfg_pstr_zero_threshold_kw),1,0) | AA6: =IF(A6<>A5,IF(Z6=1, MAX($AA$5:AA5)+1, 0),IF(AND(Z6=1, Z5=0), AA5+1,IF(Z6=1, AA5, AA5))) | AB6: =IF(Z6=1,COUNTIFS($A$5:$A$28,A6,$AA$5:$AA$28,AA6,$Z$5:$Z$28,1),0) | AC6: =IF(AND(Z6=1, AB6>=cfg_debounce_consecutive_steps),1,0)
A7: =Raw_Data!A7 | B7: =Raw_Data!B7 | C7: =Raw_Data!C7 | D7: =IF(ISNUMBER(SEARCH("shutdown",LOWER(C7)))+ISNUMBER(SEARCH("fault",LOWER(C7))),"DOWN",IF(ISNUMBER(SEARCH("grid connected",LOWER(C7)))+ISNUMBER(SEARCH("on-grid",LOWER(C7))),"ON",IF(ISNUMBER(SEARCH("standby",LOWER(C7)))+ISNUMBER(SEARCH("no sunlight",LOWER(C7))),"TRANSITIONAL","UNKNOWN"))) | E7: =MEDIAN(Raw_Data!D7:H7) | F7: =COUNTIF(Raw_Data!D7:H7, ">"&cfg_pstr_zero_threshold_kw) | G7: =100*F7/cfg_n_pv_total_in_workbook | H7: =IF(AND(E7>=cfg_sibling_median_active_kw, G7>=cfg_min_active_siblings_pct),1,0) | I7: =IF(D7="ON",1,0) | J7: =IF(AND(I7=1, H7=1, Raw_Data!D7<cfg_pstr_zero_threshold_kw),1,0) | K7: =IF(A7<>A6,IF(J7=1, MAX($K$5:K6)+1, 0),IF(AND(J7=1, J6=0), K6+1,IF(J7=1, K6, K6))) | L7: =IF(J7=1,COUNTIFS($A$5:$A$28,A7,$K$5:$K$28,K7,$J$5:$J$28,1),0) | M7: =IF(AND(J7=1, L7>=cfg_debounce_consecutive_steps),1,0) | N7: =IF(AND(I7=1, H7=1, Raw_Data!E7<cfg_pstr_zero_threshold_kw),1,0) | O7: =IF(A7<>A6,IF(N7=1, MAX($O$5:O6)+1, 0),IF(AND(N7=1, N6=0), O6+1,IF(N7=1, O6, O6))) | P7: =IF(N7=1,COUNTIFS($A$5:$A$28,A7,$O$5:$O$28,O7,$N$5:$N$28,1),0) | Q7: =IF(AND(N7=1, P7>=cfg_debounce_consecutive_steps),1,0) | R7: =IF(AND(I7=1, H7=1, Raw_Data!F7<cfg_pstr_zero_threshold_kw),1,0) | S7: =IF(A7<>A6,IF(R7=1, MAX($S$5:S6)+1, 0),IF(AND(R7=1, R6=0), S6+1,IF(R7=1, S6, S6))) | T7: =IF(R7=1,COUNTIFS($A$5:$A$28,A7,$S$5:$S$28,S7,$R$5:$R$28,1),0) | U7: =IF(AND(R7=1, T7>=cfg_debounce_consecutive_steps),1,0) | V7: =IF(AND(I7=1, H7=1, Raw_Data!G7<cfg_pstr_zero_threshold_kw),1,0) | W7: =IF(A7<>A6,IF(V7=1, MAX($W$5:W6)+1, 0),IF(AND(V7=1, V6=0), W6+1,IF(V7=1, W6, W6))) | X7: =IF(V7=1,COUNTIFS($A$5:$A$28,A7,$W$5:$W$28,W7,$V$5:$V$28,1),0) | Y7: =IF(AND(V7=1, X7>=cfg_debounce_consecutive_steps),1,0) | Z7: =IF(AND(I7=1, H7=1, Raw_Data!H7<cfg_pstr_zero_threshold_kw),1,0) | AA7: =IF(A7<>A6,IF(Z7=1, MAX($AA$5:AA6)+1, 0),IF(AND(Z7=1, Z6=0), AA6+1,IF(Z7=1, AA6, AA6))) | AB7: =IF(Z7=1,COUNTIFS($A$5:$A$28,A7,$AA$5:$AA$28,AA7,$Z$5:$Z$28,1),0) | AC7: =IF(AND(Z7=1, AB7>=cfg_debounce_consecutive_steps),1,0)
A8: =Raw_Data!A8 | B8: =Raw_Data!B8 | C8: =Raw_Data!C8 | D8: =IF(ISNUMBER(SEARCH("shutdown",LOWER(C8)))+ISNUMBER(SEARCH("fault",LOWER(C8))),"DOWN",IF(ISNUMBER(SEARCH("grid connected",LOWER(C8)))+ISNUMBER(SEARCH("on-grid",LOWER(C8))),"ON",IF(ISNUMBER(SEARCH("standby",LOWER(C8)))+ISNUMBER(SEARCH("no sunlight",LOWER(C8))),"TRANSITIONAL","UNKNOWN"))) | E8: =MEDIAN(Raw_Data!D8:H8) | F8: =COUNTIF(Raw_Data!D8:H8, ">"&cfg_pstr_zero_threshold_kw) | G8: =100*F8/cfg_n_pv_total_in_workbook | H8: =IF(AND(E8>=cfg_sibling_median_active_kw, G8>=cfg_min_active_siblings_pct),1,0) | I8: =IF(D8="ON",1,0) | J8: =IF(AND(I8=1, H8=1, Raw_Data!D8<cfg_pstr_zero_threshold_kw),1,0) | K8: =IF(A8<>A7,IF(J8=1, MAX($K$5:K7)+1, 0),IF(AND(J8=1, J7=0), K7+1,IF(J8=1, K7, K7))) | L8: =IF(J8=1,COUNTIFS($A$5:$A$28,A8,$K$5:$K$28,K8,$J$5:$J$28,1),0) | M8: =IF(AND(J8=1, L8>=cfg_debounce_consecutive_steps),1,0) | N8: =IF(AND(I8=1, H8=1, Raw_Data!E8<cfg_pstr_zero_threshold_kw),1,0) | O8: =IF(A8<>A7,IF(N8=1, MAX($O$5:O7)+1, 0),IF(AND(N8=1, N7=0), O7+1,IF(N8=1, O7, O7))) | P8: =IF(N8=1,COUNTIFS($A$5:$A$28,A8,$O$5:$O$28,O8,$N$5:$N$28,1),0) | Q8: =IF(AND(N8=1, P8>=cfg_debounce_consecutive_steps),1,0) | R8: =IF(AND(I8=1, H8=1, Raw_Data!F8<cfg_pstr_zero_threshold_kw),1,0) | S8: =IF(A8<>A7,IF(R8=1, MAX($S$5:S7)+1, 0),IF(AND(R8=1, R7=0), S7+1,IF(R8=1, S7, S7))) | T8: =IF(R8=1,COUNTIFS($A$5:$A$28,A8,$S$5:$S$28,S8,$R$5:$R$28,1),0) | U8: =IF(AND(R8=1, T8>=cfg_debounce_consecutive_steps),1,0) | V8: =IF(AND(I8=1, H8=1, Raw_Data!G8<cfg_pstr_zero_threshold_kw),1,0) | W8: =IF(A8<>A7,IF(V8=1, MAX($W$5:W7)+1, 0),IF(AND(V8=1, V7=0), W7+1,IF(V8=1, W7, W7))) | X8: =IF(V8=1,COUNTIFS($A$5:$A$28,A8,$W$5:$W$28,W8,$V$5:$V$28,1),0) | Y8: =IF(AND(V8=1, X8>=cfg_debounce_consecutive_steps),1,0) | Z8: =IF(AND(I8=1, H8=1, Raw_Data!H8<cfg_pstr_zero_threshold_kw),1,0) | AA8: =IF(A8<>A7,IF(Z8=1, MAX($AA$5:AA7)+1, 0),IF(AND(Z8=1, Z7=0), AA7+1,IF(Z8=1, AA7, AA7))) | AB8: =IF(Z8=1,COUNTIFS($A$5:$A$28,A8,$AA$5:$AA$28,AA8,$Z$5:$Z$28,1),0) | AC8: =IF(AND(Z8=1, AB8>=cfg_debounce_consecutive_steps),1,0)
A9: =Raw_Data!A9 | B9: =Raw_Data!B9 | C9: =Raw_Data!C9 | D9: =IF(ISNUMBER(SEARCH("shutdown",LOWER(C9)))+ISNUMBER(SEARCH("fault",LOWER(C9))),"DOWN",IF(ISNUMBER(SEARCH("grid connected",LOWER(C9)))+ISNUMBER(SEARCH("on-grid",LOWER(C9))),"ON",IF(ISNUMBER(SEARCH("standby",LOWER(C9)))+ISNUMBER(SEARCH("no sunlight",LOWER(C9))),"TRANSITIONAL","UNKNOWN"))) | E9: =MEDIAN(Raw_Data!D9:H9) | F9: =COUNTIF(Raw_Data!D9:H9, ">"&cfg_pstr_zero_threshold_kw) | G9: =100*F9/cfg_n_pv_total_in_workbook | H9: =IF(AND(E9>=cfg_sibling_median_active_kw, G9>=cfg_min_active_siblings_pct),1,0) | I9: =IF(D9="ON",1,0) | J9: =IF(AND(I9=1, H9=1, Raw_Data!D9<cfg_pstr_zero_threshold_kw),1,0) | K9: =IF(A9<>A8,IF(J9=1, MAX($K$5:K8)+1, 0),IF(AND(J9=1, J8=0), K8+1,IF(J9=1, K8, K8))) | L9: =IF(J9=1,COUNTIFS($A$5:$A$28,A9,$K$5:$K$28,K9,$J$5:$J$28,1),0) | M9: =IF(AND(J9=1, L9>=cfg_debounce_consecutive_steps),1,0) | N9: =IF(AND(I9=1, H9=1, Raw_Data!E9<cfg_pstr_zero_threshold_kw),1,0) | O9: =IF(A9<>A8,IF(N9=1, MAX($O$5:O8)+1, 0),IF(AND(N9=1, N8=0), O8+1,IF(N9=1, O8, O8))) | P9: =IF(N9=1,COUNTIFS($A$5:$A$28,A9,$O$5:$O$28,O9,$N$5:$N$28,1),0) | Q9: =IF(AND(N9=1, P9>=cfg_debounce_consecutive_steps),1,0) | R9: =IF(AND(I9=1, H9=1, Raw_Data!F9<cfg_pstr_zero_threshold_kw),1,0) | S9: =IF(A9<>A8,IF(R9=1, MAX($S$5:S8)+1, 0),IF(AND(R9=1, R8=0), S8+1,IF(R9=1, S8, S8))) | T9: =IF(R9=1,COUNTIFS($A$5:$A$28,A9,$S$5:$S$28,S9,$R$5:$R$28,1),0) | U9: =IF(AND(R9=1, T9>=cfg_debounce_consecutive_steps),1,0) | V9: =IF(AND(I9=1, H9=1, Raw_Data!G9<cfg_pstr_zero_threshold_kw),1,0) | W9: =IF(A9<>A8,IF(V9=1, MAX($W$5:W8)+1, 0),IF(AND(V9=1, V8=0), W8+1,IF(V9=1, W8, W8))) | X9: =IF(V9=1,COUNTIFS($A$5:$A$28,A9,$W$5:$W$28,W9,$V$5:$V$28,1),0) | Y9: =IF(AND(V9=1, X9>=cfg_debounce_consecutive_steps),1,0) | Z9: =IF(AND(I9=1, H9=1, Raw_Data!H9<cfg_pstr_zero_threshold_kw),1,0) | AA9: =IF(A9<>A8,IF(Z9=1, MAX($AA$5:AA8)+1, 0),IF(AND(Z9=1, Z8=0), AA8+1,IF(Z9=1, AA8, AA8))) | AB9: =IF(Z9=1,COUNTIFS($A$5:$A$28,A9,$AA$5:$AA$28,AA9,$Z$5:$Z$28,1),0) | AC9: =IF(AND(Z9=1, AB9>=cfg_debounce_consecutive_steps),1,0)
A10: =Raw_Data!A10 | B10: =Raw_Data!B10 | C10: =Raw_Data!C10 | D10: =IF(ISNUMBER(SEARCH("shutdown",LOWER(C10)))+ISNUMBER(SEARCH("fault",LOWER(C10))),"DOWN",IF(ISNUMBER(SEARCH("grid connected",LOWER(C10)))+ISNUMBER(SEARCH("on-grid",LOWER(C10))),"ON",IF(ISNUMBER(SEARCH("standby",LOWER(C10)))+ISNUMBER(SEARCH("no sunlight",LOWER(C10))),"TRANSITIONAL","UNKNOWN"))) | E10: =MEDIAN(Raw_Data!D10:H10) | F10: =COUNTIF(Raw_Data!D10:H10, ">"&cfg_pstr_zero_threshold_kw) | G10: =100*F10/cfg_n_pv_total_in_workbook | H10: =IF(AND(E10>=cfg_sibling_median_active_kw, G10>=cfg_min_active_siblings_pct),1,0) | I10: =IF(D10="ON",1,0) | J10: =IF(AND(I10=1, H10=1, Raw_Data!D10<cfg_pstr_zero_threshold_kw),1,0) | K10: =IF(A10<>A9,IF(J10=1, MAX($K$5:K9)+1, 0),IF(AND(J10=1, J9=0), K9+1,IF(J10=1, K9, K9))) | L10: =IF(J10=1,COUNTIFS($A$5:$A$28,A10,$K$5:$K$28,K10,$J$5:$J$28,1),0) | M10: =IF(AND(J10=1, L10>=cfg_debounce_consecutive_steps),1,0) | N10: =IF(AND(I10=1, H10=1, Raw_Data!E10<cfg_pstr_zero_threshold_kw),1,0) | O10: =IF(A10<>A9,IF(N10=1, MAX($O$5:O9)+1, 0),IF(AND(N10=1, N9=0), O9+1,IF(N10=1, O9, O9))) | P10: =IF(N10=1,COUNTIFS($A$5:$A$28,A10,$O$5:$O$28,O10,$N$5:$N$28,1),0) | Q10: =IF(AND(N10=1, P10>=cfg_debounce_consecutive_steps),1,0) | R10: =IF(AND(I10=1, H10=1, Raw_Data!F10<cfg_pstr_zero_threshold_kw),1,0) | S10: =IF(A10<>A9,IF(R10=1, MAX($S$5:S9)+1, 0),IF(AND(R10=1, R9=0), S9+1,IF(R10=1, S9, S9))) | T10: =IF(R10=1,COUNTIFS($A$5:$A$28,A10,$S$5:$S$28,S10,$R$5:$R$28,1),0) | U10: =IF(AND(R10=1, T10>=cfg_debounce_consecutive_steps),1,0) | V10: =IF(AND(I10=1, H10=1, Raw_Data!G10<cfg_pstr_zero_threshold_kw),1,0) | W10: =IF(A10<>A9,IF(V10=1, MAX($W$5:W9)+1, 0),IF(AND(V10=1, V9=0), W9+1,IF(V10=1, W9, W9))) | X10: =IF(V10=1,COUNTIFS($A$5:$A$28,A10,$W$5:$W$28,W10,$V$5:$V$28,1),0) | Y10: =IF(AND(V10=1, X10>=cfg_debounce_consecutive_steps),1,0) | Z10: =IF(AND(I10=1, H10=1, Raw_Data!H10<cfg_pstr_zero_threshold_kw),1,0) | AA10: =IF(A10<>A9,IF(Z10=1, MAX($AA$5:AA9)+1, 0),IF(AND(Z10=1, Z9=0), AA9+1,IF(Z10=1, AA9, AA9))) | AB10: =IF(Z10=1,COUNTIFS($A$5:$A$28,A10,$AA$5:$AA$28,AA10,$Z$5:$Z$28,1),0) | AC10: =IF(AND(Z10=1, AB10>=cfg_debounce_consecutive_steps),1,0)
A11: =Raw_Data!A11 | B11: =Raw_Data!B11 | C11: =Raw_Data!C11 | D11: =IF(ISNUMBER(SEARCH("shutdown",LOWER(C11)))+ISNUMBER(SEARCH("fault",LOWER(C11))),"DOWN",IF(ISNUMBER(SEARCH("grid connected",LOWER(C11)))+ISNUMBER(SEARCH("on-grid",LOWER(C11))),"ON",IF(ISNUMBER(SEARCH("standby",LOWER(C11)))+ISNUMBER(SEARCH("no sunlight",LOWER(C11))),"TRANSITIONAL","UNKNOWN"))) | E11: =MEDIAN(Raw_Data!D11:H11) | F11: =COUNTIF(Raw_Data!D11:H11, ">"&cfg_pstr_zero_threshold_kw) | G11: =100*F11/cfg_n_pv_total_in_workbook | H11: =IF(AND(E11>=cfg_sibling_median_active_kw, G11>=cfg_min_active_siblings_pct),1,0) | I11: =IF(D11="ON",1,0) | J11: =IF(AND(I11=1, H11=1, Raw_Data!D11<cfg_pstr_zero_threshold_kw),1,0) | K11: =IF(A11<>A10,IF(J11=1, MAX($K$5:K10)+1, 0),IF(AND(J11=1, J10=0), K10+1,IF(J11=1, K10, K10))) | L11: =IF(J11=1,COUNTIFS($A$5:$A$28,A11,$K$5:$K$28,K11,$J$5:$J$28,1),0) | M11: =IF(AND(J11=1, L11>=cfg_debounce_consecutive_steps),1,0) | N11: =IF(AND(I11=1, H11=1, Raw_Data!E11<cfg_pstr_zero_threshold_kw),1,0) | O11: =IF(A11<>A10,IF(N11=1, MAX($O$5:O10)+1, 0),IF(AND(N11=1, N10=0), O10+1,IF(N11=1, O10, O10))) | P11: =IF(N11=1,COUNTIFS($A$5:$A$28,A11,$O$5:$O$28,O11,$N$5:$N$28,1),0) | Q11: =IF(AND(N11=1, P11>=cfg_debounce_consecutive_steps),1,0) | R11: =IF(AND(I11=1, H11=1, Raw_Data!F11<cfg_pstr_zero_threshold_kw),1,0) | S11: =IF(A11<>A10,IF(R11=1, MAX($S$5:S10)+1, 0),IF(AND(R11=1, R10=0), S10+1,IF(R11=1, S10, S10))) | T11: =IF(R11=1,COUNTIFS($A$5:$A$28,A11,$S$5:$S$28,S11,$R$5:$R$28,1),0) | U11: =IF(AND(R11=1, T11>=cfg_debounce_consecutive_steps),1,0) | V11: =IF(AND(I11=1, H11=1, Raw_Data!G11<cfg_pstr_zero_threshold_kw),1,0) | W11: =IF(A11<>A10,IF(V11=1, MAX($W$5:W10)+1, 0),IF(AND(V11=1, V10=0), W10+1,IF(V11=1, W10, W10))) | X11: =IF(V11=1,COUNTIFS($A$5:$A$28,A11,$W$5:$W$28,W11,$V$5:$V$28,1),0) | Y11: =IF(AND(V11=1, X11>=cfg_debounce_consecutive_steps),1,0) | Z11: =IF(AND(I11=1, H11=1, Raw_Data!H11<cfg_pstr_zero_threshold_kw),1,0) | AA11: =IF(A11<>A10,IF(Z11=1, MAX($AA$5:AA10)+1, 0),IF(AND(Z11=1, Z10=0), AA10+1,IF(Z11=1, AA10, AA10))) | AB11: =IF(Z11=1,COUNTIFS($A$5:$A$28,A11,$AA$5:$AA$28,AA11,$Z$5:$Z$28,1),0) | AC11: =IF(AND(Z11=1, AB11>=cfg_debounce_consecutive_steps),1,0)
A12: =Raw_Data!A12 | B12: =Raw_Data!B12 | C12: =Raw_Data!C12 | D12: =IF(ISNUMBER(SEARCH("shutdown",LOWER(C12)))+ISNUMBER(SEARCH("fault",LOWER(C12))),"DOWN",IF(ISNUMBER(SEARCH("grid connected",LOWER(C12)))+ISNUMBER(SEARCH("on-grid",LOWER(C12))),"ON",IF(ISNUMBER(SEARCH("standby",LOWER(C12)))+ISNUMBER(SEARCH("no sunlight",LOWER(C12))),"TRANSITIONAL","UNKNOWN"))) | E12: =MEDIAN(Raw_Data!D12:H12) | F12: =COUNTIF(Raw_Data!D12:H12, ">"&cfg_pstr_zero_threshold_kw) | G12: =100*F12/cfg_n_pv_total_in_workbook | H12: =IF(AND(E12>=cfg_sibling_median_active_kw, G12>=cfg_min_active_siblings_pct),1,0) | I12: =IF(D12="ON",1,0) | J12: =IF(AND(I12=1, H12=1, Raw_Data!D12<cfg_pstr_zero_threshold_kw),1,0) | K12: =IF(A12<>A11,IF(J12=1, MAX($K$5:K11)+1, 0),IF(AND(J12=1, J11=0), K11+1,IF(J12=1, K11, K11))) | L12: =IF(J12=1,COUNTIFS($A$5:$A$28,A12,$K$5:$K$28,K12,$J$5:$J$28,1),0) | M12: =IF(AND(J12=1, L12>=cfg_debounce_consecutive_steps),1,0) | N12: =IF(AND(I12=1, H12=1, Raw_Data!E12<cfg_pstr_zero_threshold_kw),1,0) | O12: =IF(A12<>A11,IF(N12=1, MAX($O$5:O11)+1, 0),IF(AND(N12=1, N11=0), O11+1,IF(N12=1, O11, O11))) | P12: =IF(N12=1,COUNTIFS($A$5:$A$28,A12,$O$5:$O$28,O12,$N$5:$N$28,1),0) | Q12: =IF(AND(N12=1, P12>=cfg_debounce_consecutive_steps),1,0) | R12: =IF(AND(I12=1, H12=1, Raw_Data!F12<cfg_pstr_zero_threshold_kw),1,0) | S12: =IF(A12<>A11,IF(R12=1, MAX($S$5:S11)+1, 0),IF(AND(R12=1, R11=0), S11+1,IF(R12=1, S11, S11))) | T12: =IF(R12=1,COUNTIFS($A$5:$A$28,A12,$S$5:$S$28,S12,$R$5:$R$28,1),0) | U12: =IF(AND(R12=1, T12>=cfg_debounce_consecutive_steps),1,0) | V12: =IF(AND(I12=1, H12=1, Raw_Data!G12<cfg_pstr_zero_threshold_kw),1,0) | W12: =IF(A12<>A11,IF(V12=1, MAX($W$5:W11)+1, 0),IF(AND(V12=1, V11=0), W11+1,IF(V12=1, W11, W11))) | X12: =IF(V12=1,COUNTIFS($A$5:$A$28,A12,$W$5:$W$28,W12,$V$5:$V$28,1),0) | Y12: =IF(AND(V12=1, X12>=cfg_debounce_consecutive_steps),1,0) | Z12: =IF(AND(I12=1, H12=1, Raw_Data!H12<cfg_pstr_zero_threshold_kw),1,0) | AA12: =IF(A12<>A11,IF(Z12=1, MAX($AA$5:AA11)+1, 0),IF(AND(Z12=1, Z11=0), AA11+1,IF(Z12=1, AA11, AA11))) | AB12: =IF(Z12=1,COUNTIFS($A$5:$A$28,A12,$AA$5:$AA$28,AA12,$Z$5:$Z$28,1),0) | AC12: =IF(AND(Z12=1, AB12>=cfg_debounce_consecutive_steps),1,0)
A13: =Raw_Data!A13 | B13: =Raw_Data!B13 | C13: =Raw_Data!C13 | D13: =IF(ISNUMBER(SEARCH("shutdown",LOWER(C13)))+ISNUMBER(SEARCH("fault",LOWER(C13))),"DOWN",IF(ISNUMBER(SEARCH("grid connected",LOWER(C13)))+ISNUMBER(SEARCH("on-grid",LOWER(C13))),"ON",IF(ISNUMBER(SEARCH("standby",LOWER(C13)))+ISNUMBER(SEARCH("no sunlight",LOWER(C13))),"TRANSITIONAL","UNKNOWN"))) | E13: =MEDIAN(Raw_Data!D13:H13) | F13: =COUNTIF(Raw_Data!D13:H13, ">"&cfg_pstr_zero_threshold_kw) | G13: =100*F13/cfg_n_pv_total_in_workbook | H13: =IF(AND(E13>=cfg_sibling_median_active_kw, G13>=cfg_min_active_siblings_pct),1,0) | I13: =IF(D13="ON",1,0) | J13: =IF(AND(I13=1, H13=1, Raw_Data!D13<cfg_pstr_zero_threshold_kw),1,0) | K13: =IF(A13<>A12,IF(J13=1, MAX($K$5:K12)+1, 0),IF(AND(J13=1, J12=0), K12+1,IF(J13=1, K12, K12))) | L13: =IF(J13=1,COUNTIFS($A$5:$A$28,A13,$K$5:$K$28,K13,$J$5:$J$28,1),0) | M13: =IF(AND(J13=1, L13>=cfg_debounce_consecutive_steps),1,0) | N13: =IF(AND(I13=1, H13=1, Raw_Data!E13<cfg_pstr_zero_threshold_kw),1,0) | O13: =IF(A13<>A12,IF(N13=1, MAX($O$5:O12)+1, 0),IF(AND(N13=1, N12=0), O12+1,IF(N13=1, O12, O12))) | P13: =IF(N13=1,COUNTIFS($A$5:$A$28,A13,$O$5:$O$28,O13,$N$5:$N$28,1),0) | Q13: =IF(AND(N13=1, P13>=cfg_debounce_consecutive_steps),1,0) | R13: =IF(AND(I13=1, H13=1, Raw_Data!F13<cfg_pstr_zero_threshold_kw),1,0) | S13: =IF(A13<>A12,IF(R13=1, MAX($S$5:S12)+1, 0),IF(AND(R13=1, R12=0), S12+1,IF(R13=1, S12, S12))) | T13: =IF(R13=1,COUNTIFS($A$5:$A$28,A13,$S$5:$S$28,S13,$R$5:$R$28,1),0) | U13: =IF(AND(R13=1, T13>=cfg_debounce_consecutive_steps),1,0) | V13: =IF(AND(I13=1, H13=1, Raw_Data!G13<cfg_pstr_zero_threshold_kw),1,0) | W13: =IF(A13<>A12,IF(V13=1, MAX($W$5:W12)+1, 0),IF(AND(V13=1, V12=0), W12+1,IF(V13=1, W12, W12))) | X13: =IF(V13=1,COUNTIFS($A$5:$A$28,A13,$W$5:$W$28,W13,$V$5:$V$28,1),0) | Y13: =IF(AND(V13=1, X13>=cfg_debounce_consecutive_steps),1,0) | Z13: =IF(AND(I13=1, H13=1, Raw_Data!H13<cfg_pstr_zero_threshold_kw),1,0) | AA13: =IF(A13<>A12,IF(Z13=1, MAX($AA$5:AA12)+1, 0),IF(AND(Z13=1, Z12=0), AA12+1,IF(Z13=1, AA12, AA12))) | AB13: =IF(Z13=1,COUNTIFS($A$5:$A$28,A13,$AA$5:$AA$28,AA13,$Z$5:$Z$28,1),0) | AC13: =IF(AND(Z13=1, AB13>=cfg_debounce_consecutive_steps),1,0)
A14: =Raw_Data!A14 | B14: =Raw_Data!B14 | C14: =Raw_Data!C14 | D14: =IF(ISNUMBER(SEARCH("shutdown",LOWER(C14)))+ISNUMBER(SEARCH("fault",LOWER(C14))),"DOWN",IF(ISNUMBER(SEARCH("grid connected",LOWER(C14)))+ISNUMBER(SEARCH("on-grid",LOWER(C14))),"ON",IF(ISNUMBER(SEARCH("standby",LOWER(C14)))+ISNUMBER(SEARCH("no sunlight",LOWER(C14))),"TRANSITIONAL","UNKNOWN"))) | E14: =MEDIAN(Raw_Data!D14:H14) | F14: =COUNTIF(Raw_Data!D14:H14, ">"&cfg_pstr_zero_threshold_kw) | G14: =100*F14/cfg_n_pv_total_in_workbook | H14: =IF(AND(E14>=cfg_sibling_median_active_kw, G14>=cfg_min_active_siblings_pct),1,0) | I14: =IF(D14="ON",1,0) | J14: =IF(AND(I14=1, H14=1, Raw_Data!D14<cfg_pstr_zero_threshold_kw),1,0) | K14: =IF(A14<>A13,IF(J14=1, MAX($K$5:K13)+1, 0),IF(AND(J14=1, J13=0), K13+1,IF(J14=1, K13, K13))) | L14: =IF(J14=1,COUNTIFS($A$5:$A$28,A14,$K$5:$K$28,K14,$J$5:$J$28,1),0) | M14: =IF(AND(J14=1, L14>=cfg_debounce_consecutive_steps),1,0) | N14: =IF(AND(I14=1, H14=1, Raw_Data!E14<cfg_pstr_zero_threshold_kw),1,0) | O14: =IF(A14<>A13,IF(N14=1, MAX($O$5:O13)+1, 0),IF(AND(N14=1, N13=0), O13+1,IF(N14=1, O13, O13))) | P14: =IF(N14=1,COUNTIFS($A$5:$A$28,A14,$O$5:$O$28,O14,$N$5:$N$28,1),0) | Q14: =IF(AND(N14=1, P14>=cfg_debounce_consecutive_steps),1,0) | R14: =IF(AND(I14=1, H14=1, Raw_Data!F14<cfg_pstr_zero_threshold_kw),1,0) | S14: =IF(A14<>A13,IF(R14=1, MAX($S$5:S13)+1, 0),IF(AND(R14=1, R13=0), S13+1,IF(R14=1, S13, S13))) | T14: =IF(R14=1,COUNTIFS($A$5:$A$28,A14,$S$5:$S$28,S14,$R$5:$R$28,1),0) | U14: =IF(AND(R14=1, T14>=cfg_debounce_consecutive_steps),1,0) | V14: =IF(AND(I14=1, H14=1, Raw_Data!G14<cfg_pstr_zero_threshold_kw),1,0) | W14: =IF(A14<>A13,IF(V14=1, MAX($W$5:W13)+1, 0),IF(AND(V14=1, V13=0), W13+1,IF(V14=1, W13, W13))) | X14: =IF(V14=1,COUNTIFS($A$5:$A$28,A14,$W$5:$W$28,W14,$V$5:$V$28,1),0) | Y14: =IF(AND(V14=1, X14>=cfg_debounce_consecutive_steps),1,0) | Z14: =IF(AND(I14=1, H14=1, Raw_Data!H14<cfg_pstr_zero_threshold_kw),1,0) | AA14: =IF(A14<>A13,IF(Z14=1, MAX($AA$5:AA13)+1, 0),IF(AND(Z14=1, Z13=0), AA13+1,IF(Z14=1, AA13, AA13))) | AB14: =IF(Z14=1,COUNTIFS($A$5:$A$28,A14,$AA$5:$AA$28,AA14,$Z$5:$Z$28,1),0) | AC14: =IF(AND(Z14=1, AB14>=cfg_debounce_consecutive_steps),1,0)
A15: =Raw_Data!A15 | B15: =Raw_Data!B15 | C15: =Raw_Data!C15 | D15: =IF(ISNUMBER(SEARCH("shutdown",LOWER(C15)))+ISNUMBER(SEARCH("fault",LOWER(C15))),"DOWN",IF(ISNUMBER(SEARCH("grid connected",LOWER(C15)))+ISNUMBER(SEARCH("on-grid",LOWER(C15))),"ON",IF(ISNUMBER(SEARCH("standby",LOWER(C15)))+ISNUMBER(SEARCH("no sunlight",LOWER(C15))),"TRANSITIONAL","UNKNOWN"))) | E15: =MEDIAN(Raw_Data!D15:H15) | F15: =COUNTIF(Raw_Data!D15:H15, ">"&cfg_pstr_zero_threshold_kw) | G15: =100*F15/cfg_n_pv_total_in_workbook | H15: =IF(AND(E15>=cfg_sibling_median_active_kw, G15>=cfg_min_active_siblings_pct),1,0) | I15: =IF(D15="ON",1,0) | J15: =IF(AND(I15=1, H15=1, Raw_Data!D15<cfg_pstr_zero_threshold_kw),1,0) | K15: =IF(A15<>A14,IF(J15=1, MAX($K$5:K14)+1, 0),IF(AND(J15=1, J14=0), K14+1,IF(J15=1, K14, K14))) | L15: =IF(J15=1,COUNTIFS($A$5:$A$28,A15,$K$5:$K$28,K15,$J$5:$J$28,1),0) | M15: =IF(AND(J15=1, L15>=cfg_debounce_consecutive_steps),1,0) | N15: =IF(AND(I15=1, H15=1, Raw_Data!E15<cfg_pstr_zero_threshold_kw),1,0) | O15: =IF(A15<>A14,IF(N15=1, MAX($O$5:O14)+1, 0),IF(AND(N15=1, N14=0), O14+1,IF(N15=1, O14, O14))) | P15: =IF(N15=1,COUNTIFS($A$5:$A$28,A15,$O$5:$O$28,O15,$N$5:$N$28,1),0) | Q15: =IF(AND(N15=1, P15>=cfg_debounce_consecutive_steps),1,0) | R15: =IF(AND(I15=1, H15=1, Raw_Data!F15<cfg_pstr_zero_threshold_kw),1,0) | S15: =IF(A15<>A14,IF(R15=1, MAX($S$5:S14)+1, 0),IF(AND(R15=1, R14=0), S14+1,IF(R15=1, S14, S14))) | T15: =IF(R15=1,COUNTIFS($A$5:$A$28,A15,$S$5:$S$28,S15,$R$5:$R$28,1),0) | U15: =IF(AND(R15=1, T15>=cfg_debounce_consecutive_steps),1,0) | V15: =IF(AND(I15=1, H15=1, Raw_Data!G15<cfg_pstr_zero_threshold_kw),1,0) | W15: =IF(A15<>A14,IF(V15=1, MAX($W$5:W14)+1, 0),IF(AND(V15=1, V14=0), W14+1,IF(V15=1, W14, W14))) | X15: =IF(V15=1,COUNTIFS($A$5:$A$28,A15,$W$5:$W$28,W15,$V$5:$V$28,1),0) | Y15: =IF(AND(V15=1, X15>=cfg_debounce_consecutive_steps),1,0) | Z15: =IF(AND(I15=1, H15=1, Raw_Data!H15<cfg_pstr_zero_threshold_kw),1,0) | AA15: =IF(A15<>A14,IF(Z15=1, MAX($AA$5:AA14)+1, 0),IF(AND(Z15=1, Z14=0), AA14+1,IF(Z15=1, AA14, AA14))) | AB15: =IF(Z15=1,COUNTIFS($A$5:$A$28,A15,$AA$5:$AA$28,AA15,$Z$5:$Z$28,1),0) | AC15: =IF(AND(Z15=1, AB15>=cfg_debounce_consecutive_steps),1,0)
A16: =Raw_Data!A16 | B16: =Raw_Data!B16 | C16: =Raw_Data!C16 | D16: =IF(ISNUMBER(SEARCH("shutdown",LOWER(C16)))+ISNUMBER(SEARCH("fault",LOWER(C16))),"DOWN",IF(ISNUMBER(SEARCH("grid connected",LOWER(C16)))+ISNUMBER(SEARCH("on-grid",LOWER(C16))),"ON",IF(ISNUMBER(SEARCH("standby",LOWER(C16)))+ISNUMBER(SEARCH("no sunlight",LOWER(C16))),"TRANSITIONAL","UNKNOWN"))) | E16: =MEDIAN(Raw_Data!D16:H16) | F16: =COUNTIF(Raw_Data!D16:H16, ">"&cfg_pstr_zero_threshold_kw) | G16: =100*F16/cfg_n_pv_total_in_workbook | H16: =IF(AND(E16>=cfg_sibling_median_active_kw, G16>=cfg_min_active_siblings_pct),1,0) | I16: =IF(D16="ON",1,0) | J16: =IF(AND(I16=1, H16=1, Raw_Data!D16<cfg_pstr_zero_threshold_kw),1,0) | K16: =IF(A16<>A15,IF(J16=1, MAX($K$5:K15)+1, 0),IF(AND(J16=1, J15=0), K15+1,IF(J16=1, K15, K15))) | L16: =IF(J16=1,COUNTIFS($A$5:$A$28,A16,$K$5:$K$28,K16,$J$5:$J$28,1),0) | M16: =IF(AND(J16=1, L16>=cfg_debounce_consecutive_steps),1,0) | N16: =IF(AND(I16=1, H16=1, Raw_Data!E16<cfg_pstr_zero_threshold_kw),1,0) | O16: =IF(A16<>A15,IF(N16=1, MAX($O$5:O15)+1, 0),IF(AND(N16=1, N15=0), O15+1,IF(N16=1, O15, O15))) | P16: =IF(N16=1,COUNTIFS($A$5:$A$28,A16,$O$5:$O$28,O16,$N$5:$N$28,1),0) | Q16: =IF(AND(N16=1, P16>=cfg_debounce_consecutive_steps),1,0) | R16: =IF(AND(I16=1, H16=1, Raw_Data!F16<cfg_pstr_zero_threshold_kw),1,0) | S16: =IF(A16<>A15,IF(R16=1, MAX($S$5:S15)+1, 0),IF(AND(R16=1, R15=0), S15+1,IF(R16=1, S15, S15))) | T16: =IF(R16=1,COUNTIFS($A$5:$A$28,A16,$S$5:$S$28,S16,$R$5:$R$28,1),0) | U16: =IF(AND(R16=1, T16>=cfg_debounce_consecutive_steps),1,0) | V16: =IF(AND(I16=1, H16=1, Raw_Data!G16<cfg_pstr_zero_threshold_kw),1,0) | W16: =IF(A16<>A15,IF(V16=1, MAX($W$5:W15)+1, 0),IF(AND(V16=1, V15=0), W15+1,IF(V16=1, W15, W15))) | X16: =IF(V16=1,COUNTIFS($A$5:$A$28,A16,$W$5:$W$28,W16,$V$5:$V$28,1),0) | Y16: =IF(AND(V16=1, X16>=cfg_debounce_consecutive_steps),1,0) | Z16: =IF(AND(I16=1, H16=1, Raw_Data!H16<cfg_pstr_zero_threshold_kw),1,0) | AA16: =IF(A16<>A15,IF(Z16=1, MAX($AA$5:AA15)+1, 0),IF(AND(Z16=1, Z15=0), AA15+1,IF(Z16=1, AA15, AA15))) | AB16: =IF(Z16=1,COUNTIFS($A$5:$A$28,A16,$AA$5:$AA$28,AA16,$Z$5:$Z$28,1),0) | AC16: =IF(AND(Z16=1, AB16>=cfg_debounce_consecutive_steps),1,0)
A17: =Raw_Data!A17 | B17: =Raw_Data!B17 | C17: =Raw_Data!C17 | D17: =IF(ISNUMBER(SEARCH("shutdown",LOWER(C17)))+ISNUMBER(SEARCH("fault",LOWER(C17))),"DOWN",IF(ISNUMBER(SEARCH("grid connected",LOWER(C17)))+ISNUMBER(SEARCH("on-grid",LOWER(C17))),"ON",IF(ISNUMBER(SEARCH("standby",LOWER(C17)))+ISNUMBER(SEARCH("no sunlight",LOWER(C17))),"TRANSITIONAL","UNKNOWN"))) | E17: =MEDIAN(Raw_Data!D17:H17) | F17: =COUNTIF(Raw_Data!D17:H17, ">"&cfg_pstr_zero_threshold_kw) | G17: =100*F17/cfg_n_pv_total_in_workbook | H17: =IF(AND(E17>=cfg_sibling_median_active_kw, G17>=cfg_min_active_siblings_pct),1,0) | I17: =IF(D17="ON",1,0) | J17: =IF(AND(I17=1, H17=1, Raw_Data!D17<cfg_pstr_zero_threshold_kw),1,0) | K17: =IF(A17<>A16,IF(J17=1, MAX($K$5:K16)+1, 0),IF(AND(J17=1, J16=0), K16+1,IF(J17=1, K16, K16))) | L17: =IF(J17=1,COUNTIFS($A$5:$A$28,A17,$K$5:$K$28,K17,$J$5:$J$28,1),0) | M17: =IF(AND(J17=1, L17>=cfg_debounce_consecutive_steps),1,0) | N17: =IF(AND(I17=1, H17=1, Raw_Data!E17<cfg_pstr_zero_threshold_kw),1,0) | O17: =IF(A17<>A16,IF(N17=1, MAX($O$5:O16)+1, 0),IF(AND(N17=1, N16=0), O16+1,IF(N17=1, O16, O16))) | P17: =IF(N17=1,COUNTIFS($A$5:$A$28,A17,$O$5:$O$28,O17,$N$5:$N$28,1),0) | Q17: =IF(AND(N17=1, P17>=cfg_debounce_consecutive_steps),1,0) | R17: =IF(AND(I17=1, H17=1, Raw_Data!F17<cfg_pstr_zero_threshold_kw),1,0) | S17: =IF(A17<>A16,IF(R17=1, MAX($S$5:S16)+1, 0),IF(AND(R17=1, R16=0), S16+1,IF(R17=1, S16, S16))) | T17: =IF(R17=1,COUNTIFS($A$5:$A$28,A17,$S$5:$S$28,S17,$R$5:$R$28,1),0) | U17: =IF(AND(R17=1, T17>=cfg_debounce_consecutive_steps),1,0) | V17: =IF(AND(I17=1, H17=1, Raw_Data!G17<cfg_pstr_zero_threshold_kw),1,0) | W17: =IF(A17<>A16,IF(V17=1, MAX($W$5:W16)+1, 0),IF(AND(V17=1, V16=0), W16+1,IF(V17=1, W16, W16))) | X17: =IF(V17=1,COUNTIFS($A$5:$A$28,A17,$W$5:$W$28,W17,$V$5:$V$28,1),0) | Y17: =IF(AND(V17=1, X17>=cfg_debounce_consecutive_steps),1,0) | Z17: =IF(AND(I17=1, H17=1, Raw_Data!H17<cfg_pstr_zero_threshold_kw),1,0) | AA17: =IF(A17<>A16,IF(Z17=1, MAX($AA$5:AA16)+1, 0),IF(AND(Z17=1, Z16=0), AA16+1,IF(Z17=1, AA16, AA16))) | AB17: =IF(Z17=1,COUNTIFS($A$5:$A$28,A17,$AA$5:$AA$28,AA17,$Z$5:$Z$28,1),0) | AC17: =IF(AND(Z17=1, AB17>=cfg_debounce_consecutive_steps),1,0)
... A28: =Raw_Data!A28 | B28: =Raw_Data!B28 | C28: =Raw_Data!C28 | D28: =IF(ISNUMBER(SEARCH("shutdown",LOWER(C28)))+ISNUMBER(SEARCH("fault",LOWER(C28))),"DOWN",IF(ISNUMBER(SEARCH("grid connected",LOWER(C28)))+ISNUMBER(SEARCH("on-grid",LOWER(C28))),"ON",IF(ISNUMBER(SEARCH("standby",LOWER(C28)))+ISNUMBER(SEARCH("no sunlight",LOWER(C28))),"TRANSITIONAL","UNKNOWN"))) | E28: =MEDIAN(Raw_Data!D28:H28) | F28: =COUNTIF(Raw_Data!D28:H28, ">"&cfg_pstr_zero_threshold_kw) | G28: =100*F28/cfg_n_pv_total_in_workbook | H28: =IF(AND(E28>=cfg_sibling_median_active_kw, G28>=cfg_min_active_siblings_pct),1,0) | I28: =IF(D28="ON",1,0) | J28: =IF(AND(I28=1, H28=1, Raw_Data!D28<cfg_pstr_zero_threshold_kw),1,0) | K28: =IF(A28<>A27,IF(J28=1, MAX($K$5:K27)+1, 0),IF(AND(J28=1, J27=0), K27+1,IF(J28=1, K27, K27))) | L28: =IF(J28=1,COUNTIFS($A$5:$A$28,A28,$K$5:$K$28,K28,$J$5:$J$28,1),0) | M28: =IF(AND(J28=1, L28>=cfg_debounce_consecutive_steps),1,0) | N28: =IF(AND(I28=1, H28=1, Raw_Data!E28<cfg_pstr_zero_threshold_kw),1,0) | O28: =IF(A28<>A27,IF(N28=1, MAX($O$5:O27)+1, 0),IF(AND(N28=1, N27=0), O27+1,IF(N28=1, O27, O27))) | P28: =IF(N28=1,COUNTIFS($A$5:$A$28,A28,$O$5:$O$28,O28,$N$5:$N$28,1),0) | Q28: =IF(AND(N28=1, P28>=cfg_debounce_consecutive_steps),1,0) | R28: =IF(AND(I28=1, H28=1, Raw_Data!F28<cfg_pstr_zero_threshold_kw),1,0) | S28: =IF(A28<>A27,IF(R28=1, MAX($S$5:S27)+1, 0),IF(AND(R28=1, R27=0), S27+1,IF(R28=1, S27, S27))) | T28: =IF(R28=1,COUNTIFS($A$5:$A$28,A28,$S$5:$S$28,S28,$R$5:$R$28,1),0) | U28: =IF(AND(R28=1, T28>=cfg_debounce_consecutive_steps),1,0) | V28: =IF(AND(I28=1, H28=1, Raw_Data!G28<cfg_pstr_zero_threshold_kw),1,0) | W28: =IF(A28<>A27,IF(V28=1, MAX($W$5:W27)+1, 0),IF(AND(V28=1, V27=0), W27+1,IF(V28=1, W27, W27))) | X28: =IF(V28=1,COUNTIFS($A$5:$A$28,A28,$W$5:$W$28,W28,$V$5:$V$28,1),0) | Y28: =IF(AND(V28=1, X28>=cfg_debounce_consecutive_steps),1,0) | Z28: =IF(AND(I28=1, H28=1, Raw_Data!H28<cfg_pstr_zero_threshold_kw),1,0) | AA28: =IF(A28<>A27,IF(Z28=1, MAX($AA$5:AA27)+1, 0),IF(AND(Z28=1, Z27=0), AA27+1,IF(Z28=1, AA27, AA27))) | AB28: =IF(Z28=1,COUNTIFS($A$5:$A$28,A28,$AA$5:$AA$28,AA28,$Z$5:$Z$28,1),0) | AC28: =IF(AND(Z28=1, AB28>=cfg_debounce_consecutive_steps),1,0)

Sheet M2e_Availability
A1: M2e Availability — output finding per inverter & per string
A2: Section A: per-inverter uptime%. Section B: per-string proxy down. Severity di-derive dari uptime_pct vs threshold di Config.
A4: A. Per-inverter daily uptime
A5: Inverter_ID | B5: n_on | C5: n_down | D5: denom | E5: uptime_pct | F5: downtime_min | G5: severity | H5: threshold_breached | I5: message
A6: WB02-INV01 | B6: =COUNTIFS(Helpers_M2e!$A$5:$A$28, A6, Helpers_M2e!$D$5:$D$28, "ON") | C6: =COUNTIFS(Helpers_M2e!$A$5:$A$28, A6, Helpers_M2e!$D$5:$D$28, "DOWN") | D6: =B6+C6 | E6: =IF(D6=0, NA(), 100*B6/D6) | F6: =C6*cfg_interval_minutes | G6: =IF(ISNA(E6),"NO_DATA",IF(E6<cfg_critical_below,"CRITICAL",IF(E6<cfg_high_below,"HIGH",IF(E6<cfg_medium_below,"MEDIUM",IF(E6<cfg_info_below,"INFO","NORMAL"))))) | H6: =IF(ISNA(E6),"",IF(E6<cfg_critical_below,cfg_critical_below,IF(E6<cfg_high_below,cfg_high_below,IF(E6<cfg_medium_below,cfg_medium_below,IF(E6<cfg_info_below,cfg_info_below,cfg_info_below))))) | I6: ="inverter uptime "&TEXT(E6,"0.00")&"% (n_on="&B6&", n_down="&C6&")"
A7: WB02-INV02 | B7: =COUNTIFS(Helpers_M2e!$A$5:$A$28, A7, Helpers_M2e!$D$5:$D$28, "ON") | C7: =COUNTIFS(Helpers_M2e!$A$5:$A$28, A7, Helpers_M2e!$D$5:$D$28, "DOWN") | D7: =B7+C7 | E7: =IF(D7=0, NA(), 100*B7/D7) | F7: =C7*cfg_interval_minutes | G7: =IF(ISNA(E7),"NO_DATA",IF(E7<cfg_critical_below,"CRITICAL",IF(E7<cfg_high_below,"HIGH",IF(E7<cfg_medium_below,"MEDIUM",IF(E7<cfg_info_below,"INFO","NORMAL"))))) | H7: =IF(ISNA(E7),"",IF(E7<cfg_critical_below,cfg_critical_below,IF(E7<cfg_high_below,cfg_high_below,IF(E7<cfg_medium_below,cfg_medium_below,IF(E7<cfg_info_below,cfg_info_below,cfg_info_below))))) | I7: ="inverter uptime "&TEXT(E7,"0.00")&"% (n_on="&B7&", n_down="&C7&")"
A11: B. Per-string proxy down (event_minutes_total + uptime_pct + severity)
A12: Inverter_ID | B12: PV_string | C12: daylight_minutes_inv | D12: event_minutes | E12: n_events | F12: string_uptime_pct | G12: severity | H12: is_empty | I12: message
A13: WB02-INV01 | B13: PV1 | C13: =COUNTIFS(Helpers_M2e!$A$5:$A$28, A13, Helpers_M2e!$I$5:$I$28, 1) * cfg_interval_minutes | D13: =COUNTIFS(Helpers_M2e!$A$5:$A$28, A13, Helpers_M2e!$M$5:$M$28, 1) * cfg_interval_minutes | E13: =SUMPRODUCT((Helpers_M2e!$A$5:$A$28=A13)*(Helpers_M2e!$M$5:$M$28=1)*((Helpers_M2e!$M$4:$M$27=0)+(Helpers_M2e!$A$5:$A$28<>Helpers_M2e!$A$4:$A$27)>=1)) | F13: =IF(C13=0, NA(), MAX(0, 100 - 100*D13/C13)) | G13: =IF(H13=1,"EMPTY",IF(C13=0,"NO_DAYLIGHT",IF(F13<cfg_critical_below,"CRITICAL",IF(F13<cfg_high_below,"HIGH",IF(F13<cfg_medium_below,"MEDIUM",IF(F13<cfg_info_below,"INFO","NORMAL")))))) | H13: =IFERROR(IF(ISNUMBER(SEARCH(","&1&",", ","&VLOOKUP(A13, EmptyPVMap!$A$5:$B$8, 2, FALSE)&",")), 1, 0), 0) | I13: =IF(H13=1, "EMPTY (skip)", IF(F13>=cfg_info_below, "NORMAL", A13&" "&B13&" proxy-down "&D13&"min/"&C13&"min daylight ("&TEXT(F13,"0.00")&"% uptime)"))
A14: WB02-INV01 | B14: PV2 | C14: =COUNTIFS(Helpers_M2e!$A$5:$A$28, A14, Helpers_M2e!$I$5:$I$28, 1) * cfg_interval_minutes | D14: =COUNTIFS(Helpers_M2e!$A$5:$A$28, A14, Helpers_M2e!$Q$5:$Q$28, 1) * cfg_interval_minutes | E14: =SUMPRODUCT((Helpers_M2e!$A$5:$A$28=A14)*(Helpers_M2e!$Q$5:$Q$28=1)*((Helpers_M2e!$Q$4:$Q$27=0)+(Helpers_M2e!$A$5:$A$28<>Helpers_M2e!$A$4:$A$27)>=1)) | F14: =IF(C14=0, NA(), MAX(0, 100 - 100*D14/C14)) | G14: =IF(H14=1,"EMPTY",IF(C14=0,"NO_DAYLIGHT",IF(F14<cfg_critical_below,"CRITICAL",IF(F14<cfg_high_below,"HIGH",IF(F14<cfg_medium_below,"MEDIUM",IF(F14<cfg_info_below,"INFO","NORMAL")))))) | H14: =IFERROR(IF(ISNUMBER(SEARCH(","&2&",", ","&VLOOKUP(A14, EmptyPVMap!$A$5:$B$8, 2, FALSE)&",")), 1, 0), 0) | I14: =IF(H14=1, "EMPTY (skip)", IF(F14>=cfg_info_below, "NORMAL", A14&" "&B14&" proxy-down "&D14&"min/"&C14&"min daylight ("&TEXT(F14,"0.00")&"% uptime)"))
A15: WB02-INV01 | B15: PV3 | C15: =COUNTIFS(Helpers_M2e!$A$5:$A$28, A15, Helpers_M2e!$I$5:$I$28, 1) * cfg_interval_minutes | D15: =COUNTIFS(Helpers_M2e!$A$5:$A$28, A15, Helpers_M2e!$U$5:$U$28, 1) * cfg_interval_minutes | E15: =SUMPRODUCT((Helpers_M2e!$A$5:$A$28=A15)*(Helpers_M2e!$U$5:$U$28=1)*((Helpers_M2e!$U$4:$U$27=0)+(Helpers_M2e!$A$5:$A$28<>Helpers_M2e!$A$4:$A$27)>=1)) | F15: =IF(C15=0, NA(), MAX(0, 100 - 100*D15/C15)) | G15: =IF(H15=1,"EMPTY",IF(C15=0,"NO_DAYLIGHT",IF(F15<cfg_critical_below,"CRITICAL",IF(F15<cfg_high_below,"HIGH",IF(F15<cfg_medium_below,"MEDIUM",IF(F15<cfg_info_below,"INFO","NORMAL")))))) | H15: =IFERROR(IF(ISNUMBER(SEARCH(","&3&",", ","&VLOOKUP(A15, EmptyPVMap!$A$5:$B$8, 2, FALSE)&",")), 1, 0), 0) | I15: =IF(H15=1, "EMPTY (skip)", IF(F15>=cfg_info_below, "NORMAL", A15&" "&B15&" proxy-down "&D15&"min/"&C15&"min daylight ("&TEXT(F15,"0.00")&"% uptime)"))
A16: WB02-INV01 | B16: PV4 | C16: =COUNTIFS(Helpers_M2e!$A$5:$A$28, A16, Helpers_M2e!$I$5:$I$28, 1) * cfg_interval_minutes | D16: =COUNTIFS(Helpers_M2e!$A$5:$A$28, A16, Helpers_M2e!$Y$5:$Y$28, 1) * cfg_interval_minutes | E16: =SUMPRODUCT((Helpers_M2e!$A$5:$A$28=A16)*(Helpers_M2e!$Y$5:$Y$28=1)*((Helpers_M2e!$Y$4:$Y$27=0)+(Helpers_M2e!$A$5:$A$28<>Helpers_M2e!$A$4:$A$27)>=1)) | F16: =IF(C16=0, NA(), MAX(0, 100 - 100*D16/C16)) | G16: =IF(H16=1,"EMPTY",IF(C16=0,"NO_DAYLIGHT",IF(F16<cfg_critical_below,"CRITICAL",IF(F16<cfg_high_below,"HIGH",IF(F16<cfg_medium_below,"MEDIUM",IF(F16<cfg_info_below,"INFO","NORMAL")))))) | H16: =IFERROR(IF(ISNUMBER(SEARCH(","&4&",", ","&VLOOKUP(A16, EmptyPVMap!$A$5:$B$8, 2, FALSE)&",")), 1, 0), 0) | I16: =IF(H16=1, "EMPTY (skip)", IF(F16>=cfg_info_below, "NORMAL", A16&" "&B16&" proxy-down "&D16&"min/"&C16&"min daylight ("&TEXT(F16,"0.00")&"% uptime)"))
A17: WB02-INV01 | B17: PV5 | C17: =COUNTIFS(Helpers_M2e!$A$5:$A$28, A17, Helpers_M2e!$I$5:$I$28, 1) * cfg_interval_minutes | D17: =COUNTIFS(Helpers_M2e!$A$5:$A$28, A17, Helpers_M2e!$AC$5:$AC$28, 1) * cfg_interval_minutes | E17: =SUMPRODUCT((Helpers_M2e!$A$5:$A$28=A17)*(Helpers_M2e!$AC$5:$AC$28=1)*((Helpers_M2e!$AC$4:$AC$27=0)+(Helpers_M2e!$A$5:$A$28<>Helpers_M2e!$A$4:$A$27)>=1)) | F17: =IF(C17=0, NA(), MAX(0, 100 - 100*D17/C17)) | G17: =IF(H17=1,"EMPTY",IF(C17=0,"NO_DAYLIGHT",IF(F17<cfg_critical_below,"CRITICAL",IF(F17<cfg_high_below,"HIGH",IF(F17<cfg_medium_below,"MEDIUM",IF(F17<cfg_info_below,"INFO","NORMAL")))))) | H17: =IFERROR(IF(ISNUMBER(SEARCH(","&5&",", ","&VLOOKUP(A17, EmptyPVMap!$A$5:$B$8, 2, FALSE)&",")), 1, 0), 0) | I17: =IF(H17=1, "EMPTY (skip)", IF(F17>=cfg_info_below, "NORMAL", A17&" "&B17&" proxy-down "&D17&"min/"&C17&"min daylight ("&TEXT(F17,"0.00")&"% uptime)"))
A18: WB02-INV02 | B18: PV1 | C18: =COUNTIFS(Helpers_M2e!$A$5:$A$28, A18, Helpers_M2e!$I$5:$I$28, 1) * cfg_interval_minutes | D18: =COUNTIFS(Helpers_M2e!$A$5:$A$28, A18, Helpers_M2e!$M$5:$M$28, 1) * cfg_interval_minutes | E18: =SUMPRODUCT((Helpers_M2e!$A$5:$A$28=A18)*(Helpers_M2e!$M$5:$M$28=1)*((Helpers_M2e!$M$4:$M$27=0)+(Helpers_M2e!$A$5:$A$28<>Helpers_M2e!$A$4:$A$27)>=1)) | F18: =IF(C18=0, NA(), MAX(0, 100 - 100*D18/C18)) | G18: =IF(H18=1,"EMPTY",IF(C18=0,"NO_DAYLIGHT",IF(F18<cfg_critical_below,"CRITICAL",IF(F18<cfg_high_below,"HIGH",IF(F18<cfg_medium_below,"MEDIUM",IF(F18<cfg_info_below,"INFO","NORMAL")))))) | H18: =IFERROR(IF(ISNUMBER(SEARCH(","&1&",", ","&VLOOKUP(A18, EmptyPVMap!$A$5:$B$8, 2, FALSE)&",")), 1, 0), 0) | I18: =IF(H18=1, "EMPTY (skip)", IF(F18>=cfg_info_below, "NORMAL", A18&" "&B18&" proxy-down "&D18&"min/"&C18&"min daylight ("&TEXT(F18,"0.00")&"% uptime)"))
A19: WB02-INV02 | B19: PV2 | C19: =COUNTIFS(Helpers_M2e!$A$5:$A$28, A19, Helpers_M2e!$I$5:$I$28, 1) * cfg_interval_minutes | D19: =COUNTIFS(Helpers_M2e!$A$5:$A$28, A19, Helpers_M2e!$Q$5:$Q$28, 1) * cfg_interval_minutes | E19: =SUMPRODUCT((Helpers_M2e!$A$5:$A$28=A19)*(Helpers_M2e!$Q$5:$Q$28=1)*((Helpers_M2e!$Q$4:$Q$27=0)+(Helpers_M2e!$A$5:$A$28<>Helpers_M2e!$A$4:$A$27)>=1)) | F19: =IF(C19=0, NA(), MAX(0, 100 - 100*D19/C19)) | G19: =IF(H19=1,"EMPTY",IF(C19=0,"NO_DAYLIGHT",IF(F19<cfg_critical_below,"CRITICAL",IF(F19<cfg_high_below,"HIGH",IF(F19<cfg_medium_below,"MEDIUM",IF(F19<cfg_info_below,"INFO","NORMAL")))))) | H19: =IFERROR(IF(ISNUMBER(SEARCH(","&2&",", ","&VLOOKUP(A19, EmptyPVMap!$A$5:$B$8, 2, FALSE)&",")), 1, 0), 0) | I19: =IF(H19=1, "EMPTY (skip)", IF(F19>=cfg_info_below, "NORMAL", A19&" "&B19&" proxy-down "&D19&"min/"&C19&"min daylight ("&TEXT(F19,"0.00")&"% uptime)"))
A20: WB02-INV02 | B20: PV3 | C20: =COUNTIFS(Helpers_M2e!$A$5:$A$28, A20, Helpers_M2e!$I$5:$I$28, 1) * cfg_interval_minutes | D20: =COUNTIFS(Helpers_M2e!$A$5:$A$28, A20, Helpers_M2e!$U$5:$U$28, 1) * cfg_interval_minutes | E20: =SUMPRODUCT((Helpers_M2e!$A$5:$A$28=A20)*(Helpers_M2e!$U$5:$U$28=1)*((Helpers_M2e!$U$4:$U$27=0)+(Helpers_M2e!$A$5:$A$28<>Helpers_M2e!$A$4:$A$27)>=1)) | F20: =IF(C20=0, NA(), MAX(0, 100 - 100*D20/C20)) | G20: =IF(H20=1,"EMPTY",IF(C20=0,"NO_DAYLIGHT",IF(F20<cfg_critical_below,"CRITICAL",IF(F20<cfg_high_below,"HIGH",IF(F20<cfg_medium_below,"MEDIUM",IF(F20<cfg_info_below,"INFO","NORMAL")))))) | H20: =IFERROR(IF(ISNUMBER(SEARCH(","&3&",", ","&VLOOKUP(A20, EmptyPVMap!$A$5:$B$8, 2, FALSE)&",")), 1, 0), 0) | I20: =IF(H20=1, "EMPTY (skip)", IF(F20>=cfg_info_below, "NORMAL", A20&" "&B20&" proxy-down "&D20&"min/"&C20&"min daylight ("&TEXT(F20,"0.00")&"% uptime)"))
A21: WB02-INV02 | B21: PV4 | C21: =COUNTIFS(Helpers_M2e!$A$5:$A$28, A21, Helpers_M2e!$I$5:$I$28, 1) * cfg_interval_minutes | D21: =COUNTIFS(Helpers_M2e!$A$5:$A$28, A21, Helpers_M2e!$Y$5:$Y$28, 1) * cfg_interval_minutes | E21: =SUMPRODUCT((Helpers_M2e!$A$5:$A$28=A21)*(Helpers_M2e!$Y$5:$Y$28=1)*((Helpers_M2e!$Y$4:$Y$27=0)+(Helpers_M2e!$A$5:$A$28<>Helpers_M2e!$A$4:$A$27)>=1)) | F21: =IF(C21=0, NA(), MAX(0, 100 - 100*D21/C21)) | G21: =IF(H21=1,"EMPTY",IF(C21=0,"NO_DAYLIGHT",IF(F21<cfg_critical_below,"CRITICAL",IF(F21<cfg_high_below,"HIGH",IF(F21<cfg_medium_below,"MEDIUM",IF(F21<cfg_info_below,"INFO","NORMAL")))))) | H21: =IFERROR(IF(ISNUMBER(SEARCH(","&4&",", ","&VLOOKUP(A21, EmptyPVMap!$A$5:$B$8, 2, FALSE)&",")), 1, 0), 0) | I21: =IF(H21=1, "EMPTY (skip)", IF(F21>=cfg_info_below, "NORMAL", A21&" "&B21&" proxy-down "&D21&"min/"&C21&"min daylight ("&TEXT(F21,"0.00")&"% uptime)"))
A22: WB02-INV02 | B22: PV5 | C22: =COUNTIFS(Helpers_M2e!$A$5:$A$28, A22, Helpers_M2e!$I$5:$I$28, 1) * cfg_interval_minutes | D22: =COUNTIFS(Helpers_M2e!$A$5:$A$28, A22, Helpers_M2e!$AC$5:$AC$28, 1) * cfg_interval_minutes | E22: =SUMPRODUCT((Helpers_M2e!$A$5:$A$28=A22)*(Helpers_M2e!$AC$5:$AC$28=1)*((Helpers_M2e!$AC$4:$AC$27=0)+(Helpers_M2e!$A$5:$A$28<>Helpers_M2e!$A$4:$A$27)>=1)) | F22: =IF(C22=0, NA(), MAX(0, 100 - 100*D22/C22)) | G22: =IF(H22=1,"EMPTY",IF(C22=0,"NO_DAYLIGHT",IF(F22<cfg_critical_below,"CRITICAL",IF(F22<cfg_high_below,"HIGH",IF(F22<cfg_medium_below,"MEDIUM",IF(F22<cfg_info_below,"INFO","NORMAL")))))) | H22: =IFERROR(IF(ISNUMBER(SEARCH(","&5&",", ","&VLOOKUP(A22, EmptyPVMap!$A$5:$B$8, 2, FALSE)&",")), 1, 0), 0) | I22: =IF(H22=1, "EMPTY (skip)", IF(F22>=cfg_info_below, "NORMAL", A22&" "&B22&" proxy-down "&D22&"min/"&C22&"min daylight ("&TEXT(F22,"0.00")&"% uptime)"))

Sheet M2e_AllStrings
A1: M2e_AllStrings — tabel rapi per (inverter × PV string) — replika output Python
A2: Setiap baris = 1 PV slot. status ∈ {EMPTY, NO_DAYLIGHT, NORMAL, INFO, MEDIUM, HIGH, CRITICAL}. Pull dari M2e_Availability Section B.
A4: inverter_id | B4: pv_string | C4: status | D4: uptime_pct | E4: downtime_minutes | F4: event_minutes | G4: n_events | H4: daylight_minutes
A5: =M2e_Availability!A13 | B5: =M2e_Availability!B13 | C5: =M2e_Availability!G13 | D5: =IF(OR(M2e_Availability!G13="EMPTY",M2e_Availability!G13="NO_DAYLIGHT"),"",M2e_Availability!F13) | E5: =IF(OR(M2e_Availability!G13="EMPTY",M2e_Availability!G13="NO_DAYLIGHT"),"",M2e_Availability!D13) | F5: =IF(OR(M2e_Availability!G13="EMPTY",M2e_Availability!G13="NO_DAYLIGHT"),"",M2e_Availability!D13) | G5: =IF(M2e_Availability!G13="EMPTY",0,M2e_Availability!E13) | H5: =M2e_Availability!C13
A6: =M2e_Availability!A14 | B6: =M2e_Availability!B14 | C6: =M2e_Availability!G14 | D6: =IF(OR(M2e_Availability!G14="EMPTY",M2e_Availability!G14="NO_DAYLIGHT"),"",M2e_Availability!F14) | E6: =IF(OR(M2e_Availability!G14="EMPTY",M2e_Availability!G14="NO_DAYLIGHT"),"",M2e_Availability!D14) | F6: =IF(OR(M2e_Availability!G14="EMPTY",M2e_Availability!G14="NO_DAYLIGHT"),"",M2e_Availability!D14) | G6: =IF(M2e_Availability!G14="EMPTY",0,M2e_Availability!E14) | H6: =M2e_Availability!C14
A7: =M2e_Availability!A15 | B7: =M2e_Availability!B15 | C7: =M2e_Availability!G15 | D7: =IF(OR(M2e_Availability!G15="EMPTY",M2e_Availability!G15="NO_DAYLIGHT"),"",M2e_Availability!F15) | E7: =IF(OR(M2e_Availability!G15="EMPTY",M2e_Availability!G15="NO_DAYLIGHT"),"",M2e_Availability!D15) | F7: =IF(OR(M2e_Availability!G15="EMPTY",M2e_Availability!G15="NO_DAYLIGHT"),"",M2e_Availability!D15) | G7: =IF(M2e_Availability!G15="EMPTY",0,M2e_Availability!E15) | H7: =M2e_Availability!C15
A8: =M2e_Availability!A16 | B8: =M2e_Availability!B16 | C8: =M2e_Availability!G16 | D8: =IF(OR(M2e_Availability!G16="EMPTY",M2e_Availability!G16="NO_DAYLIGHT"),"",M2e_Availability!F16) | E8: =IF(OR(M2e_Availability!G16="EMPTY",M2e_Availability!G16="NO_DAYLIGHT"),"",M2e_Availability!D16) | F8: =IF(OR(M2e_Availability!G16="EMPTY",M2e_Availability!G16="NO_DAYLIGHT"),"",M2e_Availability!D16) | G8: =IF(M2e_Availability!G16="EMPTY",0,M2e_Availability!E16) | H8: =M2e_Availability!C16
A9: =M2e_Availability!A17 | B9: =M2e_Availability!B17 | C9: =M2e_Availability!G17 | D9: =IF(OR(M2e_Availability!G17="EMPTY",M2e_Availability!G17="NO_DAYLIGHT"),"",M2e_Availability!F17) | E9: =IF(OR(M2e_Availability!G17="EMPTY",M2e_Availability!G17="NO_DAYLIGHT"),"",M2e_Availability!D17) | F9: =IF(OR(M2e_Availability!G17="EMPTY",M2e_Availability!G17="NO_DAYLIGHT"),"",M2e_Availability!D17) | G9: =IF(M2e_Availability!G17="EMPTY",0,M2e_Availability!E17) | H9: =M2e_Availability!C17
A10: =M2e_Availability!A18 | B10: =M2e_Availability!B18 | C10: =M2e_Availability!G18 | D10: =IF(OR(M2e_Availability!G18="EMPTY",M2e_Availability!G18="NO_DAYLIGHT"),"",M2e_Availability!F18) | E10: =IF(OR(M2e_Availability!G18="EMPTY",M2e_Availability!G18="NO_DAYLIGHT"),"",M2e_Availability!D18) | F10: =IF(OR(M2e_Availability!G18="EMPTY",M2e_Availability!G18="NO_DAYLIGHT"),"",M2e_Availability!D18) | G10: =IF(M2e_Availability!G18="EMPTY",0,M2e_Availability!E18) | H10: =M2e_Availability!C18
A11: =M2e_Availability!A19 | B11: =M2e_Availability!B19 | C11: =M2e_Availability!G19 | D11: =IF(OR(M2e_Availability!G19="EMPTY",M2e_Availability!G19="NO_DAYLIGHT"),"",M2e_Availability!F19) | E11: =IF(OR(M2e_Availability!G19="EMPTY",M2e_Availability!G19="NO_DAYLIGHT"),"",M2e_Availability!D19) | F11: =IF(OR(M2e_Availability!G19="EMPTY",M2e_Availability!G19="NO_DAYLIGHT"),"",M2e_Availability!D19) | G11: =IF(M2e_Availability!G19="EMPTY",0,M2e_Availability!E19) | H11: =M2e_Availability!C19
A12: =M2e_Availability!A20 | B12: =M2e_Availability!B20 | C12: =M2e_Availability!G20 | D12: =IF(OR(M2e_Availability!G20="EMPTY",M2e_Availability!G20="NO_DAYLIGHT"),"",M2e_Availability!F20) | E12: =IF(OR(M2e_Availability!G20="EMPTY",M2e_Availability!G20="NO_DAYLIGHT"),"",M2e_Availability!D20) | F12: =IF(OR(M2e_Availability!G20="EMPTY",M2e_Availability!G20="NO_DAYLIGHT"),"",M2e_Availability!D20) | G12: =IF(M2e_Availability!G20="EMPTY",0,M2e_Availability!E20) | H12: =M2e_Availability!C20
A13: =M2e_Availability!A21 | B13: =M2e_Availability!B21 | C13: =M2e_Availability!G21 | D13: =IF(OR(M2e_Availability!G21="EMPTY",M2e_Availability!G21="NO_DAYLIGHT"),"",M2e_Availability!F21) | E13: =IF(OR(M2e_Availability!G21="EMPTY",M2e_Availability!G21="NO_DAYLIGHT"),"",M2e_Availability!D21) | F13: =IF(OR(M2e_Availability!G21="EMPTY",M2e_Availability!G21="NO_DAYLIGHT"),"",M2e_Availability!D21) | G13: =IF(M2e_Availability!G21="EMPTY",0,M2e_Availability!E21) | H13: =M2e_Availability!C21
A14: =M2e_Availability!A22 | B14: =M2e_Availability!B22 | C14: =M2e_Availability!G22 | D14: =IF(OR(M2e_Availability!G22="EMPTY",M2e_Availability!G22="NO_DAYLIGHT"),"",M2e_Availability!F22) | E14: =IF(OR(M2e_Availability!G22="EMPTY",M2e_Availability!G22="NO_DAYLIGHT"),"",M2e_Availability!D22) | F14: =IF(OR(M2e_Availability!G22="EMPTY",M2e_Availability!G22="NO_DAYLIGHT"),"",M2e_Availability!D22) | G14: =IF(M2e_Availability!G22="EMPTY",0,M2e_Availability!E22) | H14: =M2e_Availability!C22

Sheet Findings_Summary
A1: Findings_Summary — agregat semua finding NON-NORMAL & NON-EMPTY
A2: Saat ini hanya M2e. Akan tumbuh: M2b, M2a, IsolationForest, dst. Setiap iterasi tambah sheet detector → tambah baris di sini.
A4: Source Sheet | B4: sub_module | C4: inverter_id | D4: pv_string | E4: severity | F4: value (uptime_pct) | G4: threshold | H4: message
A5: M2e_Availability!A (inverter) | B5: M2e_inverter | C5: =M2e_Availability!A6 | E5: =M2e_Availability!G6 | F5: =M2e_Availability!E6 | G5: =M2e_Availability!H6 | H5: =M2e_Availability!I6
A6: M2e_Availability!A (inverter) | B6: M2e_inverter | C6: =M2e_Availability!A7 | E6: =M2e_Availability!G7 | F6: =M2e_Availability!E7 | G6: =M2e_Availability!H7 | H6: =M2e_Availability!I7
A7: M2e_Availability!B (string proxy) | B7: M2e_string_proxy | C7: =M2e_Availability!A13 | D7: =M2e_Availability!B13 | E7: =M2e_Availability!G13 | F7: =M2e_Availability!F13 | G7: (see Config) | H7: =M2e_Availability!I13
A8: M2e_Availability!B (string proxy) | B8: M2e_string_proxy | C8: =M2e_Availability!A14 | D8: =M2e_Availability!B14 | E8: =M2e_Availability!G14 | F8: =M2e_Availability!F14 | G8: (see Config) | H8: =M2e_Availability!I14
A9: M2e_Availability!B (string proxy) | B9: M2e_string_proxy | C9: =M2e_Availability!A15 | D9: =M2e_Availability!B15 | E9: =M2e_Availability!G15 | F9: =M2e_Availability!F15 | G9: (see Config) | H9: =M2e_Availability!I15
A10: M2e_Availability!B (string proxy) | B10: M2e_string_proxy | C10: =M2e_Availability!A16 | D10: =M2e_Availability!B16 | E10: =M2e_Availability!G16 | F10: =M2e_Availability!F16 | G10: (see Config) | H10: =M2e_Availability!I16
A11: M2e_Availability!B (string proxy) | B11: M2e_string_proxy | C11: =M2e_Availability!A17 | D11: =M2e_Availability!B17 | E11: =M2e_Availability!G17 | F11: =M2e_Availability!F17 | G11: (see Config) | H11: =M2e_Availability!I17
A12: M2e_Availability!B (string proxy) | B12: M2e_string_proxy | C12: =M2e_Availability!A18 | D12: =M2e_Availability!B18 | E12: =M2e_Availability!G18 | F12: =M2e_Availability!F18 | G12: (see Config) | H12: =M2e_Availability!I18
A13: M2e_Availability!B (string proxy) | B13: M2e_string_proxy | C13: =M2e_Availability!A19 | D13: =M2e_Availability!B19 | E13: =M2e_Availability!G19 | F13: =M2e_Availability!F19 | G13: (see Config) | H13: =M2e_Availability!I19
A14: M2e_Availability!B (string proxy) | B14: M2e_string_proxy | C14: =M2e_Availability!A20 | D14: =M2e_Availability!B20 | E14: =M2e_Availability!G20 | F14: =M2e_Availability!F20 | G14: (see Config) | H14: =M2e_Availability!I20
A15: M2e_Availability!B (string proxy) | B15: M2e_string_proxy | C15: =M2e_Availability!A21 | D15: =M2e_Availability!B21 | E15: =M2e_Availability!G21 | F15: =M2e_Availability!F21 | G15: (see Config) | H15: =M2e_Availability!I21
A16: M2e_Availability!B (string proxy) | B16: M2e_string_proxy | C16: =M2e_Availability!A22 | D16: =M2e_Availability!B22 | E16: =M2e_Availability!G22 | F16: =M2e_Availability!F22 | G16: (see Config) | H16: =M2e_Availability!I22
A17: --- M2b PeerZScore ---
A18: M2b_PeerZScore!C | B18: M2b_peer_zscore | C18: WB05-INV05 | D18: PV1 | E18: =M2b_PeerZScore!I22 | F18: =M2b_PeerZScore!D22 | G18: =cfg_z_threshold | H18: =M2b_PeerZScore!K22
A19: M2b_PeerZScore!C | B19: M2b_peer_zscore | C19: WB05-INV05 | D19: PV2 | E19: =M2b_PeerZScore!I23 | F19: =M2b_PeerZScore!D23 | G19: =cfg_z_threshold | H19: =M2b_PeerZScore!K23
A20: M2b_PeerZScore!C | B20: M2b_peer_zscore | C20: WB05-INV05 | D20: PV3 | E20: =M2b_PeerZScore!I24 | F20: =M2b_PeerZScore!D24 | G20: =cfg_z_threshold | H20: =M2b_PeerZScore!K24
A21: M2b_PeerZScore!C | B21: M2b_peer_zscore | C21: WB05-INV05 | D21: PV4 | E21: =M2b_PeerZScore!I25 | F21: =M2b_PeerZScore!D25 | G21: =cfg_z_threshold | H21: =M2b_PeerZScore!K25
A22: M2b_PeerZScore!C | B22: M2b_peer_zscore | C22: WB05-INV05 | D22: PV5 | E22: EMPTY | F22: - | G22: - | H22: -

Sheet PanelSpec
A1: PanelSpec — Jinko JKM625N 78HL4-BDV (mirror config/panel_spec.yaml)
A2: Konsumen: PanelSpec.voc_at_cell_temp + voc_string_nominal di peer_zscore.py
A4: Parameter | B4: Value | C4: Unit | D4: Notes
A5: panel_model | B5: Jinko JKM625N 78HL4-BDV | D5: Bifacial Tiger Neo dual-glass
A6: voc_stc_v | B6: 55.72 | C6: V | D6: Open-circuit voltage @ STC (1000 W/m², 25°C cell)
A7: vmp_stc_v | B7: 46.1 | C7: V | D7: Max-power voltage @ STC
A8: imp_stc_a | B8: 13.56 | C8: A | D8: Max-power current @ STC
A9: isc_stc_a | B9: 14.27 | C9: A | D9: Short-circuit current @ STC
A10: pmax_stc_w | B10: 625 | C10: W | D10: Max power @ STC
A11: voc_noct_v | B11: 52.93 | C11: V | D11: Voc @ NOCT (800 W/m², 20°C ambient)
A12: temp_coef_voc_pct_per_c | B12: -0.25 | C12: %/°C | D12: Voc decreases when Tcell rises
A13: temp_coef_pmax_pct_per_c | B13: -0.29 | C13: %/°C | D13: Pmax temperature coefficient
A14: temp_coef_isc_pct_per_c | B14: 0.045 | C14: %/°C | D14: Isc temperature coefficient (small +)
A15: t_stc_c | B15: 25 | C15: °C | D15: STC reference temperature
A16: max_system_voltage_v | B16: 1500 | C16: V | D16: IEC limit
A17: default_modules_per_string | B17: 26 | C17: modules | D17: Fallback (WB03-10)
... A20: modules_per_string_WB03_10 | B20: 26 | C20: modules | D20: PLTS-IKN WB03-10 layout
A22: voc_at_cell_temp(T_cell) — Excel formula
A23: Input: cell_temp_c → | B23: 30 | C23: °C (edit untuk recalc)
A24: voc_per_module = voc_stc × (1 + temp_coef_voc/100 × (T - 25)) | B24: =panel_voc_stc_v*(1+panel_temp_coef_voc_pct_per_c/100*(B23-panel_t_stc_c)) | C24: V per modul
A25: voc_string_WB01_WB02 (24 modules) | B25: =B24*panel_modules_per_string_WB01 | C25: V per string (cold Voc skenario)
A26: voc_string_WB03_WB10 (26 modules) | B26: =B24*panel_default_modules_per_string | C26: V per string

Sheet Raw_Data_M2b
A1: Raw_Data_M2b — extended dummy data (WB05-INV05, 24 timestep)
A2: Skenario: 06:00-06:55 sunrise (I≈0, V≈Voc), 12:00-13:55 noon (full sun). PV3 punya HIGH-R fault (I drop 60%, V naik sedikit) → expected flag.
A4: Inverter_ID | B4: Start Time | C4: Inverter status | D4: PV1 input voltage(V) | E4: PV1 input current(A) | F4: PV2 input voltage(V) | G4: PV2 input current(A) | H4: PV3 input voltage(V) | I4: PV3 input current(A) | J4: PV4 input voltage(V) | K4: PV4 input current(A) | L4: PV5 input voltage(V) | M4: PV5 input current(A)
A5: WB05-INV05 | B5: 46156.25 | C5: Grid connected | D5: 1467.49 | E5: -0.023 | F5: 1469.34 | G5: 0.023 | H5: 1469.96 | I5: -0.036 | J5: 1468.08 | K5: -0.042 | L5: 0 | M5: 0
A6: WB05-INV05 | B6: 46156.253 | C6: Grid connected | D6: 1462.29 | E6: 0.071 | F6: 1464.79 | G6: 0.106 | H6: 1463.07 | I6: 0.11 | J6: 1465.42 | K6: 0.052 | L6: 0 | M6: 0
A7: WB05-INV05 | B7: 46156.257 | C7: Grid connected | D7: 1469.42 | E7: 0.105 | F7: 1471.89 | G7: 0.123 | H7: 1468.43 | I7: 0.099 | J7: 1471.45 | K7: 0.15 | L7: 0 | M7: 0
A8: WB05-INV05 | B8: 46156.26 | C8: Grid connected | D8: 1470.22 | E8: 0.193 | F8: 1469.59 | G8: 0.151 | H8: 1471.39 | I8: 0.158 | J8: 1471.52 | K8: 0.154 | L8: 0 | M8: 0
A9: WB05-INV05 | B9: 46156.264 | C9: Grid connected | D9: 1467.96 | E9: -0.012 | F9: 1467.36 | G9: -0.018 | H9: 1467.45 | I9: -0.013 | J9: 1469.59 | K9: -0.004 | L9: 0 | M9: 0
A10: WB05-INV05 | B10: 46156.267 | C10: Grid connected | D10: 1464.77 | E10: 0.086 | F10: 1466.29 | G10: 0.053 | H10: 1464.39 | I10: 0.065 | J10: 1464.36 | K10: 0.03 | L10: 0 | M10: 0
A11: WB05-INV05 | B11: 46156.271 | C11: Grid connected | D11: 1472.12 | E11: 0.146 | F11: 1473.27 | G11: 0.156 | H11: 1470.81 | I11: 0.081 | J11: 1471.16 | K11: 0.105 | L11: 0 | M11: 0
A12: WB05-INV05 | B12: 46156.274 | C12: Grid connected | D12: 1465.62 | E12: 0.17 | F12: 1464.73 | G12: 0.178 | H12: 1465.77 | I12: 0.184 | J12: 1463.17 | K12: 0.163 | L12: 0 | M12: 0
A13: WB05-INV05 | B13: 46156.278 | C13: Grid connected | D13: 1467.95 | E13: 0.092 | F13: 1467.21 | G13: 0.024 | H13: 1469.6 | I13: 0.054 | J13: 1465.98 | K13: 0.007 | L13: 0 | M13: 0
A14: WB05-INV05 | B14: 46156.281 | C14: Grid connected | D14: 1464.26 | E14: 0.118 | F14: 1461.35 | G14: 0.114 | H14: 1465.08 | I14: 0.128 | J14: 1464.98 | K14: 0.162 | L14: 0 | M14: 0
A15: WB05-INV05 | B15: 46156.285 | C15: Grid connected | D15: 1462.84 | E15: 0.148 | F15: 1461.18 | G15: 0.158 | H15: 1460.56 | I15: 0.138 | J15: 1461.93 | K15: 0.19 | L15: 0 | M15: 0
A16: WB05-INV05 | B16: 46156.288 | C16: Grid connected | D16: 1470.76 | E16: 0.021 | F16: 1472.41 | G16: 0.09 | H16: 1469.95 | I16: 0.067 | J16: 1471.19 | K16: 0.018 | L16: 0 | M16: 0
... A28: WB05-INV05 | B28: 46156.538 | C28: Grid connected | D28: 1193.66 | E28: 12.923 | F28: 1192.22 | G28: 12.868 | H28: 1230.64 | I28: 5.137 | J28: 1193.66 | K28: 12.918 | L28: 0 | M28: 0

Sheet Meteo_Dummy
A1: Meteo_Dummy — POA (Plane-of-Array) per timestamp
A2: Single source 'pyranometer_avg' (dummy). Produksi: 5 source fan-out (pyranometer_per_ws, pyranometer_avg, pvlib_clearsky_ineichen/simplified_solis/haurwitz).
A4: Start Time | B4: POA pyranometer_avg (W/m²) | C4: Notes
A5: 46156.25 | B5: 30 | C5: sunrise (below gate)
A6: 46156.253 | B6: 34.5 | C6: sunrise (below gate)
A7: 46156.257 | B7: 39.1 | C7: sunrise (below gate)
A8: 46156.26 | B8: 43.6 | C8: sunrise (below gate)
A9: 46156.264 | B9: 48.2 | C9: sunrise (below gate)
A10: 46156.267 | B10: 52.7 | C10: sunrise (below gate)
A11: 46156.271 | B11: 57.3 | C11: sunrise (below gate)
A12: 46156.274 | B12: 61.8 | C12: sunrise (below gate)
A13: 46156.278 | B13: 66.4 | C13: sunrise (below gate)
A14: 46156.281 | B14: 70.9 | C14: sunrise (below gate)
A15: 46156.285 | B15: 75.5 | C15: sunrise (below gate)
A16: 46156.288 | B16: 80 | C16: sunrise (below gate)
... A28: 46156.538 | B28: 912.6 | C28: noon (above gate)

Sheet Helpers_M2b
A1: Helpers_M2b — derived columns per row dari Raw_Data_M2b
A2: Per-row: POA value (VLOOKUP dari Meteo_Dummy), mask_poa, R_str per PV. Aggregate (R_str median per PV, fleet stats) ada di sheet M2b_PeerZScore.
A4: Inverter_ID | B4: Start Time | C4: status | D4: POA_Wm2 | E4: mask_poa | F4: is_on | G4: PV1_V | H4: PV1_I | I4: PV1_R | J4: PV1_voc_cand | K4: PV2_V | L4: PV2_I | M4: PV2_R | N4: PV2_voc_cand | O4: PV3_V | P4: PV3_I | Q4: PV3_R | R4: PV3_voc_cand | S4: PV4_V | T4: PV4_I | U4: PV4_R | V4: PV4_voc_cand | W4: PV5_V | X4: PV5_I | Y4: PV5_R | Z4: PV5_voc_cand
A5: =Raw_Data_M2b!A5 | B5: =Raw_Data_M2b!B5 | C5: =Raw_Data_M2b!C5 | D5: =IFERROR(VLOOKUP(B5,Meteo_Dummy!$A$5:$B$28,2,FALSE),0) | E5: =IF(AND(D5>cfg_poa_threshold_wm2,D5>cfg_poa_floor_wm2),1,0) | F5: =IF(ISNUMBER(SEARCH("grid connected",LOWER(C5))),1,0) | G5: =Raw_Data_M2b!D5 | H5: =Raw_Data_M2b!E5 | I5: =IF(E5=1, G5/MAX(H5,cfg_i_clip_floor_a), "") | J5: =IF(AND(ABS(H5)<cfg_i_threshold_a, G5>cfg_min_voc_v), G5, "") | K5: =Raw_Data_M2b!F5 | L5: =Raw_Data_M2b!G5 | M5: =IF(E5=1, K5/MAX(L5,cfg_i_clip_floor_a), "") | N5: =IF(AND(ABS(L5)<cfg_i_threshold_a, K5>cfg_min_voc_v), K5, "") | O5: =Raw_Data_M2b!H5 | P5: =Raw_Data_M2b!I5 | Q5: =IF(E5=1, O5/MAX(P5,cfg_i_clip_floor_a), "") | R5: =IF(AND(ABS(P5)<cfg_i_threshold_a, O5>cfg_min_voc_v), O5, "") | S5: =Raw_Data_M2b!J5 | T5: =Raw_Data_M2b!K5 | U5: =IF(E5=1, S5/MAX(T5,cfg_i_clip_floor_a), "") | V5: =IF(AND(ABS(T5)<cfg_i_threshold_a, S5>cfg_min_voc_v), S5, "") | W5: =Raw_Data_M2b!L5 | X5: =Raw_Data_M2b!M5 | Y5: =IF(E5=1, W5/MAX(X5,cfg_i_clip_floor_a), "") | Z5: =IF(AND(ABS(X5)<cfg_i_threshold_a, W5>cfg_min_voc_v), W5, "")
A6: =Raw_Data_M2b!A6 | B6: =Raw_Data_M2b!B6 | C6: =Raw_Data_M2b!C6 | D6: =IFERROR(VLOOKUP(B6,Meteo_Dummy!$A$5:$B$28,2,FALSE),0) | E6: =IF(AND(D6>cfg_poa_threshold_wm2,D6>cfg_poa_floor_wm2),1,0) | F6: =IF(ISNUMBER(SEARCH("grid connected",LOWER(C6))),1,0) | G6: =Raw_Data_M2b!D6 | H6: =Raw_Data_M2b!E6 | I6: =IF(E6=1, G6/MAX(H6,cfg_i_clip_floor_a), "") | J6: =IF(AND(ABS(H6)<cfg_i_threshold_a, G6>cfg_min_voc_v), G6, "") | K6: =Raw_Data_M2b!F6 | L6: =Raw_Data_M2b!G6 | M6: =IF(E6=1, K6/MAX(L6,cfg_i_clip_floor_a), "") | N6: =IF(AND(ABS(L6)<cfg_i_threshold_a, K6>cfg_min_voc_v), K6, "") | O6: =Raw_Data_M2b!H6 | P6: =Raw_Data_M2b!I6 | Q6: =IF(E6=1, O6/MAX(P6,cfg_i_clip_floor_a), "") | R6: =IF(AND(ABS(P6)<cfg_i_threshold_a, O6>cfg_min_voc_v), O6, "") | S6: =Raw_Data_M2b!J6 | T6: =Raw_Data_M2b!K6 | U6: =IF(E6=1, S6/MAX(T6,cfg_i_clip_floor_a), "") | V6: =IF(AND(ABS(T6)<cfg_i_threshold_a, S6>cfg_min_voc_v), S6, "") | W6: =Raw_Data_M2b!L6 | X6: =Raw_Data_M2b!M6 | Y6: =IF(E6=1, W6/MAX(X6,cfg_i_clip_floor_a), "") | Z6: =IF(AND(ABS(X6)<cfg_i_threshold_a, W6>cfg_min_voc_v), W6, "")
A7: =Raw_Data_M2b!A7 | B7: =Raw_Data_M2b!B7 | C7: =Raw_Data_M2b!C7 | D7: =IFERROR(VLOOKUP(B7,Meteo_Dummy!$A$5:$B$28,2,FALSE),0) | E7: =IF(AND(D7>cfg_poa_threshold_wm2,D7>cfg_poa_floor_wm2),1,0) | F7: =IF(ISNUMBER(SEARCH("grid connected",LOWER(C7))),1,0) | G7: =Raw_Data_M2b!D7 | H7: =Raw_Data_M2b!E7 | I7: =IF(E7=1, G7/MAX(H7,cfg_i_clip_floor_a), "") | J7: =IF(AND(ABS(H7)<cfg_i_threshold_a, G7>cfg_min_voc_v), G7, "") | K7: =Raw_Data_M2b!F7 | L7: =Raw_Data_M2b!G7 | M7: =IF(E7=1, K7/MAX(L7,cfg_i_clip_floor_a), "") | N7: =IF(AND(ABS(L7)<cfg_i_threshold_a, K7>cfg_min_voc_v), K7, "") | O7: =Raw_Data_M2b!H7 | P7: =Raw_Data_M2b!I7 | Q7: =IF(E7=1, O7/MAX(P7,cfg_i_clip_floor_a), "") | R7: =IF(AND(ABS(P7)<cfg_i_threshold_a, O7>cfg_min_voc_v), O7, "") | S7: =Raw_Data_M2b!J7 | T7: =Raw_Data_M2b!K7 | U7: =IF(E7=1, S7/MAX(T7,cfg_i_clip_floor_a), "") | V7: =IF(AND(ABS(T7)<cfg_i_threshold_a, S7>cfg_min_voc_v), S7, "") | W7: =Raw_Data_M2b!L7 | X7: =Raw_Data_M2b!M7 | Y7: =IF(E7=1, W7/MAX(X7,cfg_i_clip_floor_a), "") | Z7: =IF(AND(ABS(X7)<cfg_i_threshold_a, W7>cfg_min_voc_v), W7, "")
A8: =Raw_Data_M2b!A8 | B8: =Raw_Data_M2b!B8 | C8: =Raw_Data_M2b!C8 | D8: =IFERROR(VLOOKUP(B8,Meteo_Dummy!$A$5:$B$28,2,FALSE),0) | E8: =IF(AND(D8>cfg_poa_threshold_wm2,D8>cfg_poa_floor_wm2),1,0) | F8: =IF(ISNUMBER(SEARCH("grid connected",LOWER(C8))),1,0) | G8: =Raw_Data_M2b!D8 | H8: =Raw_Data_M2b!E8 | I8: =IF(E8=1, G8/MAX(H8,cfg_i_clip_floor_a), "") | J8: =IF(AND(ABS(H8)<cfg_i_threshold_a, G8>cfg_min_voc_v), G8, "") | K8: =Raw_Data_M2b!F8 | L8: =Raw_Data_M2b!G8 | M8: =IF(E8=1, K8/MAX(L8,cfg_i_clip_floor_a), "") | N8: =IF(AND(ABS(L8)<cfg_i_threshold_a, K8>cfg_min_voc_v), K8, "") | O8: =Raw_Data_M2b!H8 | P8: =Raw_Data_M2b!I8 | Q8: =IF(E8=1, O8/MAX(P8,cfg_i_clip_floor_a), "") | R8: =IF(AND(ABS(P8)<cfg_i_threshold_a, O8>cfg_min_voc_v), O8, "") | S8: =Raw_Data_M2b!J8 | T8: =Raw_Data_M2b!K8 | U8: =IF(E8=1, S8/MAX(T8,cfg_i_clip_floor_a), "") | V8: =IF(AND(ABS(T8)<cfg_i_threshold_a, S8>cfg_min_voc_v), S8, "") | W8: =Raw_Data_M2b!L8 | X8: =Raw_Data_M2b!M8 | Y8: =IF(E8=1, W8/MAX(X8,cfg_i_clip_floor_a), "") | Z8: =IF(AND(ABS(X8)<cfg_i_threshold_a, W8>cfg_min_voc_v), W8, "")
A9: =Raw_Data_M2b!A9 | B9: =Raw_Data_M2b!B9 | C9: =Raw_Data_M2b!C9 | D9: =IFERROR(VLOOKUP(B9,Meteo_Dummy!$A$5:$B$28,2,FALSE),0) | E9: =IF(AND(D9>cfg_poa_threshold_wm2,D9>cfg_poa_floor_wm2),1,0) | F9: =IF(ISNUMBER(SEARCH("grid connected",LOWER(C9))),1,0) | G9: =Raw_Data_M2b!D9 | H9: =Raw_Data_M2b!E9 | I9: =IF(E9=1, G9/MAX(H9,cfg_i_clip_floor_a), "") | J9: =IF(AND(ABS(H9)<cfg_i_threshold_a, G9>cfg_min_voc_v), G9, "") | K9: =Raw_Data_M2b!F9 | L9: =Raw_Data_M2b!G9 | M9: =IF(E9=1, K9/MAX(L9,cfg_i_clip_floor_a), "") | N9: =IF(AND(ABS(L9)<cfg_i_threshold_a, K9>cfg_min_voc_v), K9, "") | O9: =Raw_Data_M2b!H9 | P9: =Raw_Data_M2b!I9 | Q9: =IF(E9=1, O9/MAX(P9,cfg_i_clip_floor_a), "") | R9: =IF(AND(ABS(P9)<cfg_i_threshold_a, O9>cfg_min_voc_v), O9, "") | S9: =Raw_Data_M2b!J9 | T9: =Raw_Data_M2b!K9 | U9: =IF(E9=1, S9/MAX(T9,cfg_i_clip_floor_a), "") | V9: =IF(AND(ABS(T9)<cfg_i_threshold_a, S9>cfg_min_voc_v), S9, "") | W9: =Raw_Data_M2b!L9 | X9: =Raw_Data_M2b!M9 | Y9: =IF(E9=1, W9/MAX(X9,cfg_i_clip_floor_a), "") | Z9: =IF(AND(ABS(X9)<cfg_i_threshold_a, W9>cfg_min_voc_v), W9, "")
A10: =Raw_Data_M2b!A10 | B10: =Raw_Data_M2b!B10 | C10: =Raw_Data_M2b!C10 | D10: =IFERROR(VLOOKUP(B10,Meteo_Dummy!$A$5:$B$28,2,FALSE),0) | E10: =IF(AND(D10>cfg_poa_threshold_wm2,D10>cfg_poa_floor_wm2),1,0) | F10: =IF(ISNUMBER(SEARCH("grid connected",LOWER(C10))),1,0) | G10: =Raw_Data_M2b!D10 | H10: =Raw_Data_M2b!E10 | I10: =IF(E10=1, G10/MAX(H10,cfg_i_clip_floor_a), "") | J10: =IF(AND(ABS(H10)<cfg_i_threshold_a, G10>cfg_min_voc_v), G10, "") | K10: =Raw_Data_M2b!F10 | L10: =Raw_Data_M2b!G10 | M10: =IF(E10=1, K10/MAX(L10,cfg_i_clip_floor_a), "") | N10: =IF(AND(ABS(L10)<cfg_i_threshold_a, K10>cfg_min_voc_v), K10, "") | O10: =Raw_Data_M2b!H10 | P10: =Raw_Data_M2b!I10 | Q10: =IF(E10=1, O10/MAX(P10,cfg_i_clip_floor_a), "") | R10: =IF(AND(ABS(P10)<cfg_i_threshold_a, O10>cfg_min_voc_v), O10, "") | S10: =Raw_Data_M2b!J10 | T10: =Raw_Data_M2b!K10 | U10: =IF(E10=1, S10/MAX(T10,cfg_i_clip_floor_a), "") | V10: =IF(AND(ABS(T10)<cfg_i_threshold_a, S10>cfg_min_voc_v), S10, "") | W10: =Raw_Data_M2b!L10 | X10: =Raw_Data_M2b!M10 | Y10: =IF(E10=1, W10/MAX(X10,cfg_i_clip_floor_a), "") | Z10: =IF(AND(ABS(X10)<cfg_i_threshold_a, W10>cfg_min_voc_v), W10, "")
A11: =Raw_Data_M2b!A11 | B11: =Raw_Data_M2b!B11 | C11: =Raw_Data_M2b!C11 | D11: =IFERROR(VLOOKUP(B11,Meteo_Dummy!$A$5:$B$28,2,FALSE),0) | E11: =IF(AND(D11>cfg_poa_threshold_wm2,D11>cfg_poa_floor_wm2),1,0) | F11: =IF(ISNUMBER(SEARCH("grid connected",LOWER(C11))),1,0) | G11: =Raw_Data_M2b!D11 | H11: =Raw_Data_M2b!E11 | I11: =IF(E11=1, G11/MAX(H11,cfg_i_clip_floor_a), "") | J11: =IF(AND(ABS(H11)<cfg_i_threshold_a, G11>cfg_min_voc_v), G11, "") | K11: =Raw_Data_M2b!F11 | L11: =Raw_Data_M2b!G11 | M11: =IF(E11=1, K11/MAX(L11,cfg_i_clip_floor_a), "") | N11: =IF(AND(ABS(L11)<cfg_i_threshold_a, K11>cfg_min_voc_v), K11, "") | O11: =Raw_Data_M2b!H11 | P11: =Raw_Data_M2b!I11 | Q11: =IF(E11=1, O11/MAX(P11,cfg_i_clip_floor_a), "") | R11: =IF(AND(ABS(P11)<cfg_i_threshold_a, O11>cfg_min_voc_v), O11, "") | S11: =Raw_Data_M2b!J11 | T11: =Raw_Data_M2b!K11 | U11: =IF(E11=1, S11/MAX(T11,cfg_i_clip_floor_a), "") | V11: =IF(AND(ABS(T11)<cfg_i_threshold_a, S11>cfg_min_voc_v), S11, "") | W11: =Raw_Data_M2b!L11 | X11: =Raw_Data_M2b!M11 | Y11: =IF(E11=1, W11/MAX(X11,cfg_i_clip_floor_a), "") | Z11: =IF(AND(ABS(X11)<cfg_i_threshold_a, W11>cfg_min_voc_v), W11, "")
A12: =Raw_Data_M2b!A12 | B12: =Raw_Data_M2b!B12 | C12: =Raw_Data_M2b!C12 | D12: =IFERROR(VLOOKUP(B12,Meteo_Dummy!$A$5:$B$28,2,FALSE),0) | E12: =IF(AND(D12>cfg_poa_threshold_wm2,D12>cfg_poa_floor_wm2),1,0) | F12: =IF(ISNUMBER(SEARCH("grid connected",LOWER(C12))),1,0) | G12: =Raw_Data_M2b!D12 | H12: =Raw_Data_M2b!E12 | I12: =IF(E12=1, G12/MAX(H12,cfg_i_clip_floor_a), "") | J12: =IF(AND(ABS(H12)<cfg_i_threshold_a, G12>cfg_min_voc_v), G12, "") | K12: =Raw_Data_M2b!F12 | L12: =Raw_Data_M2b!G12 | M12: =IF(E12=1, K12/MAX(L12,cfg_i_clip_floor_a), "") | N12: =IF(AND(ABS(L12)<cfg_i_threshold_a, K12>cfg_min_voc_v), K12, "") | O12: =Raw_Data_M2b!H12 | P12: =Raw_Data_M2b!I12 | Q12: =IF(E12=1, O12/MAX(P12,cfg_i_clip_floor_a), "") | R12: =IF(AND(ABS(P12)<cfg_i_threshold_a, O12>cfg_min_voc_v), O12, "") | S12: =Raw_Data_M2b!J12 | T12: =Raw_Data_M2b!K12 | U12: =IF(E12=1, S12/MAX(T12,cfg_i_clip_floor_a), "") | V12: =IF(AND(ABS(T12)<cfg_i_threshold_a, S12>cfg_min_voc_v), S12, "") | W12: =Raw_Data_M2b!L12 | X12: =Raw_Data_M2b!M12 | Y12: =IF(E12=1, W12/MAX(X12,cfg_i_clip_floor_a), "") | Z12: =IF(AND(ABS(X12)<cfg_i_threshold_a, W12>cfg_min_voc_v), W12, "")
A13: =Raw_Data_M2b!A13 | B13: =Raw_Data_M2b!B13 | C13: =Raw_Data_M2b!C13 | D13: =IFERROR(VLOOKUP(B13,Meteo_Dummy!$A$5:$B$28,2,FALSE),0) | E13: =IF(AND(D13>cfg_poa_threshold_wm2,D13>cfg_poa_floor_wm2),1,0) | F13: =IF(ISNUMBER(SEARCH("grid connected",LOWER(C13))),1,0) | G13: =Raw_Data_M2b!D13 | H13: =Raw_Data_M2b!E13 | I13: =IF(E13=1, G13/MAX(H13,cfg_i_clip_floor_a), "") | J13: =IF(AND(ABS(H13)<cfg_i_threshold_a, G13>cfg_min_voc_v), G13, "") | K13: =Raw_Data_M2b!F13 | L13: =Raw_Data_M2b!G13 | M13: =IF(E13=1, K13/MAX(L13,cfg_i_clip_floor_a), "") | N13: =IF(AND(ABS(L13)<cfg_i_threshold_a, K13>cfg_min_voc_v), K13, "") | O13: =Raw_Data_M2b!H13 | P13: =Raw_Data_M2b!I13 | Q13: =IF(E13=1, O13/MAX(P13,cfg_i_clip_floor_a), "") | R13: =IF(AND(ABS(P13)<cfg_i_threshold_a, O13>cfg_min_voc_v), O13, "") | S13: =Raw_Data_M2b!J13 | T13: =Raw_Data_M2b!K13 | U13: =IF(E13=1, S13/MAX(T13,cfg_i_clip_floor_a), "") | V13: =IF(AND(ABS(T13)<cfg_i_threshold_a, S13>cfg_min_voc_v), S13, "") | W13: =Raw_Data_M2b!L13 | X13: =Raw_Data_M2b!M13 | Y13: =IF(E13=1, W13/MAX(X13,cfg_i_clip_floor_a), "") | Z13: =IF(AND(ABS(X13)<cfg_i_threshold_a, W13>cfg_min_voc_v), W13, "")
A14: =Raw_Data_M2b!A14 | B14: =Raw_Data_M2b!B14 | C14: =Raw_Data_M2b!C14 | D14: =IFERROR(VLOOKUP(B14,Meteo_Dummy!$A$5:$B$28,2,FALSE),0) | E14: =IF(AND(D14>cfg_poa_threshold_wm2,D14>cfg_poa_floor_wm2),1,0) | F14: =IF(ISNUMBER(SEARCH("grid connected",LOWER(C14))),1,0) | G14: =Raw_Data_M2b!D14 | H14: =Raw_Data_M2b!E14 | I14: =IF(E14=1, G14/MAX(H14,cfg_i_clip_floor_a), "") | J14: =IF(AND(ABS(H14)<cfg_i_threshold_a, G14>cfg_min_voc_v), G14, "") | K14: =Raw_Data_M2b!F14 | L14: =Raw_Data_M2b!G14 | M14: =IF(E14=1, K14/MAX(L14,cfg_i_clip_floor_a), "") | N14: =IF(AND(ABS(L14)<cfg_i_threshold_a, K14>cfg_min_voc_v), K14, "") | O14: =Raw_Data_M2b!H14 | P14: =Raw_Data_M2b!I14 | Q14: =IF(E14=1, O14/MAX(P14,cfg_i_clip_floor_a), "") | R14: =IF(AND(ABS(P14)<cfg_i_threshold_a, O14>cfg_min_voc_v), O14, "") | S14: =Raw_Data_M2b!J14 | T14: =Raw_Data_M2b!K14 | U14: =IF(E14=1, S14/MAX(T14,cfg_i_clip_floor_a), "") | V14: =IF(AND(ABS(T14)<cfg_i_threshold_a, S14>cfg_min_voc_v), S14, "") | W14: =Raw_Data_M2b!L14 | X14: =Raw_Data_M2b!M14 | Y14: =IF(E14=1, W14/MAX(X14,cfg_i_clip_floor_a), "") | Z14: =IF(AND(ABS(X14)<cfg_i_threshold_a, W14>cfg_min_voc_v), W14, "")
A15: =Raw_Data_M2b!A15 | B15: =Raw_Data_M2b!B15 | C15: =Raw_Data_M2b!C15 | D15: =IFERROR(VLOOKUP(B15,Meteo_Dummy!$A$5:$B$28,2,FALSE),0) | E15: =IF(AND(D15>cfg_poa_threshold_wm2,D15>cfg_poa_floor_wm2),1,0) | F15: =IF(ISNUMBER(SEARCH("grid connected",LOWER(C15))),1,0) | G15: =Raw_Data_M2b!D15 | H15: =Raw_Data_M2b!E15 | I15: =IF(E15=1, G15/MAX(H15,cfg_i_clip_floor_a), "") | J15: =IF(AND(ABS(H15)<cfg_i_threshold_a, G15>cfg_min_voc_v), G15, "") | K15: =Raw_Data_M2b!F15 | L15: =Raw_Data_M2b!G15 | M15: =IF(E15=1, K15/MAX(L15,cfg_i_clip_floor_a), "") | N15: =IF(AND(ABS(L15)<cfg_i_threshold_a, K15>cfg_min_voc_v), K15, "") | O15: =Raw_Data_M2b!H15 | P15: =Raw_Data_M2b!I15 | Q15: =IF(E15=1, O15/MAX(P15,cfg_i_clip_floor_a), "") | R15: =IF(AND(ABS(P15)<cfg_i_threshold_a, O15>cfg_min_voc_v), O15, "") | S15: =Raw_Data_M2b!J15 | T15: =Raw_Data_M2b!K15 | U15: =IF(E15=1, S15/MAX(T15,cfg_i_clip_floor_a), "") | V15: =IF(AND(ABS(T15)<cfg_i_threshold_a, S15>cfg_min_voc_v), S15, "") | W15: =Raw_Data_M2b!L15 | X15: =Raw_Data_M2b!M15 | Y15: =IF(E15=1, W15/MAX(X15,cfg_i_clip_floor_a), "") | Z15: =IF(AND(ABS(X15)<cfg_i_threshold_a, W15>cfg_min_voc_v), W15, "")
A16: =Raw_Data_M2b!A16 | B16: =Raw_Data_M2b!B16 | C16: =Raw_Data_M2b!C16 | D16: =IFERROR(VLOOKUP(B16,Meteo_Dummy!$A$5:$B$28,2,FALSE),0) | E16: =IF(AND(D16>cfg_poa_threshold_wm2,D16>cfg_poa_floor_wm2),1,0) | F16: =IF(ISNUMBER(SEARCH("grid connected",LOWER(C16))),1,0) | G16: =Raw_Data_M2b!D16 | H16: =Raw_Data_M2b!E16 | I16: =IF(E16=1, G16/MAX(H16,cfg_i_clip_floor_a), "") | J16: =IF(AND(ABS(H16)<cfg_i_threshold_a, G16>cfg_min_voc_v), G16, "") | K16: =Raw_Data_M2b!F16 | L16: =Raw_Data_M2b!G16 | M16: =IF(E16=1, K16/MAX(L16,cfg_i_clip_floor_a), "") | N16: =IF(AND(ABS(L16)<cfg_i_threshold_a, K16>cfg_min_voc_v), K16, "") | O16: =Raw_Data_M2b!H16 | P16: =Raw_Data_M2b!I16 | Q16: =IF(E16=1, O16/MAX(P16,cfg_i_clip_floor_a), "") | R16: =IF(AND(ABS(P16)<cfg_i_threshold_a, O16>cfg_min_voc_v), O16, "") | S16: =Raw_Data_M2b!J16 | T16: =Raw_Data_M2b!K16 | U16: =IF(E16=1, S16/MAX(T16,cfg_i_clip_floor_a), "") | V16: =IF(AND(ABS(T16)<cfg_i_threshold_a, S16>cfg_min_voc_v), S16, "") | W16: =Raw_Data_M2b!L16 | X16: =Raw_Data_M2b!M16 | Y16: =IF(E16=1, W16/MAX(X16,cfg_i_clip_floor_a), "") | Z16: =IF(AND(ABS(X16)<cfg_i_threshold_a, W16>cfg_min_voc_v), W16, "")
... A28: =Raw_Data_M2b!A28 | B28: =Raw_Data_M2b!B28 | C28: =Raw_Data_M2b!C28 | D28: =IFERROR(VLOOKUP(B28,Meteo_Dummy!$A$5:$B$28,2,FALSE),0) | E28: =IF(AND(D28>cfg_poa_threshold_wm2,D28>cfg_poa_floor_wm2),1,0) | F28: =IF(ISNUMBER(SEARCH("grid connected",LOWER(C28))),1,0) | G28: =Raw_Data_M2b!D28 | H28: =Raw_Data_M2b!E28 | I28: =IF(E28=1, G28/MAX(H28,cfg_i_clip_floor_a), "") | J28: =IF(AND(ABS(H28)<cfg_i_threshold_a, G28>cfg_min_voc_v), G28, "") | K28: =Raw_Data_M2b!F28 | L28: =Raw_Data_M2b!G28 | M28: =IF(E28=1, K28/MAX(L28,cfg_i_clip_floor_a), "") | N28: =IF(AND(ABS(L28)<cfg_i_threshold_a, K28>cfg_min_voc_v), K28, "") | O28: =Raw_Data_M2b!H28 | P28: =Raw_Data_M2b!I28 | Q28: =IF(E28=1, O28/MAX(P28,cfg_i_clip_floor_a), "") | R28: =IF(AND(ABS(P28)<cfg_i_threshold_a, O28>cfg_min_voc_v), O28, "") | S28: =Raw_Data_M2b!J28 | T28: =Raw_Data_M2b!K28 | U28: =IF(E28=1, S28/MAX(T28,cfg_i_clip_floor_a), "") | V28: =IF(AND(ABS(T28)<cfg_i_threshold_a, S28>cfg_min_voc_v), S28, "") | W28: =Raw_Data_M2b!L28 | X28: =Raw_Data_M2b!M28 | Y28: =IF(E28=1, W28/MAX(X28,cfg_i_clip_floor_a), "") | Z28: =IF(AND(ABS(X28)<cfg_i_threshold_a, W28>cfg_min_voc_v), W28, "")

Sheet M2b_PeerZScore
A1: M2b PeerZScore — agregat per PV (R_str median dari mask_poa samples) + Z-score + voc_ratio + fault decision
A2: Spec 4.2.1: |z| > 2.5 → flag. Spec 4.2.3 high_R: AND voc_ratio > 0.95 → emit. Confidence = min(90, |z|/4*100). Severity: |z| > 3.5 HIGH else MEDIUM.
A4: A. Per-PV string metrics (WB05-INV05, 5 PV strings)
A5: PV_string | B5: R_str (median) | C5: voc_actual_v (median I<0.5A) | D5: voc_string_nominal_v | E5: voc_ratio | F5: n_R_samples | G5: n_voc_samples
A6: PV1 | B6: =IF(IFERROR(IF(ISNUMBER(SEARCH(","&1&",",","&VLOOKUP("WB05-INV05",EmptyPVMap!$A$5:$B$9,2,FALSE)&",")),1,0),0)=1,"EMPTY",IFERROR(MEDIAN(Helpers_M2b!$I$5:$I$28),"")) | C6: =IF(IFERROR(IF(ISNUMBER(SEARCH(","&1&",",","&VLOOKUP("WB05-INV05",EmptyPVMap!$A$5:$B$9,2,FALSE)&",")),1,0),0)=1,"EMPTY",IFERROR(MEDIAN(Helpers_M2b!$J$5:$J$28),"")) | D6: =voc_string_26_calc | E6: =IFERROR(C6/D6,"") | F6: =COUNT(Helpers_M2b!$I$5:$I$28) | G6: =COUNT(Helpers_M2b!$J$5:$J$28)
A7: PV2 | B7: =IF(IFERROR(IF(ISNUMBER(SEARCH(","&2&",",","&VLOOKUP("WB05-INV05",EmptyPVMap!$A$5:$B$9,2,FALSE)&",")),1,0),0)=1,"EMPTY",IFERROR(MEDIAN(Helpers_M2b!$M$5:$M$28),"")) | C7: =IF(IFERROR(IF(ISNUMBER(SEARCH(","&2&",",","&VLOOKUP("WB05-INV05",EmptyPVMap!$A$5:$B$9,2,FALSE)&",")),1,0),0)=1,"EMPTY",IFERROR(MEDIAN(Helpers_M2b!$N$5:$N$28),"")) | D7: =voc_string_26_calc | E7: =IFERROR(C7/D7,"") | F7: =COUNT(Helpers_M2b!$M$5:$M$28) | G7: =COUNT(Helpers_M2b!$N$5:$N$28)
A8: PV3 | B8: =IF(IFERROR(IF(ISNUMBER(SEARCH(","&3&",",","&VLOOKUP("WB05-INV05",EmptyPVMap!$A$5:$B$9,2,FALSE)&",")),1,0),0)=1,"EMPTY",IFERROR(MEDIAN(Helpers_M2b!$Q$5:$Q$28),"")) | C8: =IF(IFERROR(IF(ISNUMBER(SEARCH(","&3&",",","&VLOOKUP("WB05-INV05",EmptyPVMap!$A$5:$B$9,2,FALSE)&",")),1,0),0)=1,"EMPTY",IFERROR(MEDIAN(Helpers_M2b!$R$5:$R$28),"")) | D8: =voc_string_26_calc | E8: =IFERROR(C8/D8,"") | F8: =COUNT(Helpers_M2b!$Q$5:$Q$28) | G8: =COUNT(Helpers_M2b!$R$5:$R$28)
A9: PV4 | B9: =IF(IFERROR(IF(ISNUMBER(SEARCH(","&4&",",","&VLOOKUP("WB05-INV05",EmptyPVMap!$A$5:$B$9,2,FALSE)&",")),1,0),0)=1,"EMPTY",IFERROR(MEDIAN(Helpers_M2b!$U$5:$U$28),"")) | C9: =IF(IFERROR(IF(ISNUMBER(SEARCH(","&4&",",","&VLOOKUP("WB05-INV05",EmptyPVMap!$A$5:$B$9,2,FALSE)&",")),1,0),0)=1,"EMPTY",IFERROR(MEDIAN(Helpers_M2b!$V$5:$V$28),"")) | D9: =voc_string_26_calc | E9: =IFERROR(C9/D9,"") | F9: =COUNT(Helpers_M2b!$U$5:$U$28) | G9: =COUNT(Helpers_M2b!$V$5:$V$28)
A10: PV5 | B10: =IF(IFERROR(IF(ISNUMBER(SEARCH(","&5&",",","&VLOOKUP("WB05-INV05",EmptyPVMap!$A$5:$B$9,2,FALSE)&",")),1,0),0)=1,"EMPTY",IFERROR(MEDIAN(Helpers_M2b!$Y$5:$Y$28),"")) | C10: =IF(IFERROR(IF(ISNUMBER(SEARCH(","&5&",",","&VLOOKUP("WB05-INV05",EmptyPVMap!$A$5:$B$9,2,FALSE)&",")),1,0),0)=1,"EMPTY",IFERROR(MEDIAN(Helpers_M2b!$Z$5:$Z$28),"")) | D10: =voc_string_26_calc | E10: =IFERROR(C10/D10,"") | F10: =COUNT(Helpers_M2b!$Y$5:$Y$28) | G10: =COUNT(Helpers_M2b!$Z$5:$Z$28)
A13: B. Fleet statistics across PV1..PV5 (skip blanks)
A14: Metric | B14: Value
A15: R_str fleet mean | B15: =AVERAGE(B6:B10)
A16: R_str fleet median | B16: =MEDIAN(B6:B10)
A17: R_str fleet std (sample stdev) | B17: =STDEV(B6:B10)
A20: C. Z-score & fault decision per PV
A21: PV_string | B21: z_mean | C21: z_median | D21: z_primary (per stat_method) | E21: flagged_by_z (|z|>2.5) | F21: voc_ok (voc_ratio>0.95) | G21: emit_finding | H21: fault_type | I21: severity | J21: confidence_pct | K21: message
A22: PV1 | B22: =IFERROR((B6-rstr_fleet_mean)/rstr_fleet_std,"") | C22: =IFERROR((B6-rstr_fleet_median)/rstr_fleet_std,"") | D22: =IF(cfg_stat_method="median",C22,IF(cfg_stat_method="mean",B22,IF(ABS(B22)>=ABS(C22),B22,C22))) | E22: =IF(ABS(D22)>cfg_z_threshold,1,0) | F22: =IFERROR(IF(E6>cfg_voc_ratio_threshold,1,0),0) | G22: =IF(AND(E22=1,F22=1),1,0) | H22: =IF(G22=1,"high_R","") | I22: =IF(G22=1,IF(ABS(D22)>cfg_z_high_threshold,"HIGH","MEDIUM"),"") | J22: =IF(G22=1,MIN(90,ABS(D22)/4*100),"") | K22: =IF(G22=1,"High-R suspect PV"&1&": |z|="&TEXT(ABS(D22),"0.00")&" voc_ratio="&TEXT(E6,"0.000"),"")
A23: PV2 | B23: =IFERROR((B7-rstr_fleet_mean)/rstr_fleet_std,"") | C23: =IFERROR((B7-rstr_fleet_median)/rstr_fleet_std,"") | D23: =IF(cfg_stat_method="median",C23,IF(cfg_stat_method="mean",B23,IF(ABS(B23)>=ABS(C23),B23,C23))) | E23: =IF(ABS(D23)>cfg_z_threshold,1,0) | F23: =IFERROR(IF(E7>cfg_voc_ratio_threshold,1,0),0) | G23: =IF(AND(E23=1,F23=1),1,0) | H23: =IF(G23=1,"high_R","") | I23: =IF(G23=1,IF(ABS(D23)>cfg_z_high_threshold,"HIGH","MEDIUM"),"") | J23: =IF(G23=1,MIN(90,ABS(D23)/4*100),"") | K23: =IF(G23=1,"High-R suspect PV"&2&": |z|="&TEXT(ABS(D23),"0.00")&" voc_ratio="&TEXT(E7,"0.000"),"")
A24: PV3 | B24: =IFERROR((B8-rstr_fleet_mean)/rstr_fleet_std,"") | C24: =IFERROR((B8-rstr_fleet_median)/rstr_fleet_std,"") | D24: =IF(cfg_stat_method="median",C24,IF(cfg_stat_method="mean",B24,IF(ABS(B24)>=ABS(C24),B24,C24))) | E24: =IF(ABS(D24)>cfg_z_threshold,1,0) | F24: =IFERROR(IF(E8>cfg_voc_ratio_threshold,1,0),0) | G24: =IF(AND(E24=1,F24=1),1,0) | H24: =IF(G24=1,"high_R","") | I24: =IF(G24=1,IF(ABS(D24)>cfg_z_high_threshold,"HIGH","MEDIUM"),"") | J24: =IF(G24=1,MIN(90,ABS(D24)/4*100),"") | K24: =IF(G24=1,"High-R suspect PV"&3&": |z|="&TEXT(ABS(D24),"0.00")&" voc_ratio="&TEXT(E8,"0.000"),"")
A25: PV4 | B25: =IFERROR((B9-rstr_fleet_mean)/rstr_fleet_std,"") | C25: =IFERROR((B9-rstr_fleet_median)/rstr_fleet_std,"") | D25: =IF(cfg_stat_method="median",C25,IF(cfg_stat_method="mean",B25,IF(ABS(B25)>=ABS(C25),B25,C25))) | E25: =IF(ABS(D25)>cfg_z_threshold,1,0) | F25: =IFERROR(IF(E9>cfg_voc_ratio_threshold,1,0),0) | G25: =IF(AND(E25=1,F25=1),1,0) | H25: =IF(G25=1,"high_R","") | I25: =IF(G25=1,IF(ABS(D25)>cfg_z_high_threshold,"HIGH","MEDIUM"),"") | J25: =IF(G25=1,MIN(90,ABS(D25)/4*100),"") | K25: =IF(G25=1,"High-R suspect PV"&4&": |z|="&TEXT(ABS(D25),"0.00")&" voc_ratio="&TEXT(E9,"0.000"),"")
A26: PV5 | B26: =IFERROR((B10-rstr_fleet_mean)/rstr_fleet_std,"") | C26: =IFERROR((B10-rstr_fleet_median)/rstr_fleet_std,"") | D26: =IF(cfg_stat_method="median",C26,IF(cfg_stat_method="mean",B26,IF(ABS(B26)>=ABS(C26),B26,C26))) | E26: =IF(ABS(D26)>cfg_z_threshold,1,0) | F26: =IFERROR(IF(E10>cfg_voc_ratio_threshold,1,0),0) | G26: =IF(AND(E26=1,F26=1),1,0) | H26: =IF(G26=1,"high_R","") | I26: =IF(G26=1,IF(ABS(D26)>cfg_z_high_threshold,"HIGH","MEDIUM"),"") | J26: =IF(G26=1,MIN(90,ABS(D26)/4*100),"") | K26: =IF(G26=1,"High-R suspect PV"&5&": |z|="&TEXT(ABS(D26),"0.00")&" voc_ratio="&TEXT(E10,"0.000"),"")

Sheet M2b_StringStatus
A1: M2b_StringStatus — replika Python self.artifacts['StringStatus']
A2: Pull dari M2b_PeerZScore sections A & C.
A4: poa_source | B4: inverter_id | C4: wb_id | D4: pv_string | E4: status | F4: rstr | G4: rstr_fleet_median | H4: rstr_fleet_std | I4: z_mean | J4: z_median | K4: voc_actual_v | L4: voc_string_nominal_v | M4: voc_ratio | N4: voc_ok | O4: emitted_finding
A5: pyranometer_avg | B5: WB05-INV05 | C5: WB05 | D5: PV1 | E5: =IF(M2b_PeerZScore!G22=1,"high_R","NORMAL") | F5: =M2b_PeerZScore!B6 | G5: =rstr_fleet_median | H5: =rstr_fleet_std | I5: =M2b_PeerZScore!B22 | J5: =M2b_PeerZScore!C22 | K5: =M2b_PeerZScore!C6 | L5: =M2b_PeerZScore!D6 | M5: =M2b_PeerZScore!E6 | N5: =M2b_PeerZScore!F22 | O5: =M2b_PeerZScore!G22
A6: pyranometer_avg | B6: WB05-INV05 | C6: WB05 | D6: PV2 | E6: =IF(M2b_PeerZScore!G23=1,"high_R","NORMAL") | F6: =M2b_PeerZScore!B7 | G6: =rstr_fleet_median | H6: =rstr_fleet_std | I6: =M2b_PeerZScore!B23 | J6: =M2b_PeerZScore!C23 | K6: =M2b_PeerZScore!C7 | L6: =M2b_PeerZScore!D7 | M6: =M2b_PeerZScore!E7 | N6: =M2b_PeerZScore!F23 | O6: =M2b_PeerZScore!G23
A7: pyranometer_avg | B7: WB05-INV05 | C7: WB05 | D7: PV3 | E7: =IF(M2b_PeerZScore!G24=1,"high_R","NORMAL") | F7: =M2b_PeerZScore!B8 | G7: =rstr_fleet_median | H7: =rstr_fleet_std | I7: =M2b_PeerZScore!B24 | J7: =M2b_PeerZScore!C24 | K7: =M2b_PeerZScore!C8 | L7: =M2b_PeerZScore!D8 | M7: =M2b_PeerZScore!E8 | N7: =M2b_PeerZScore!F24 | O7: =M2b_PeerZScore!G24
A8: pyranometer_avg | B8: WB05-INV05 | C8: WB05 | D8: PV4 | E8: =IF(M2b_PeerZScore!G25=1,"high_R","NORMAL") | F8: =M2b_PeerZScore!B9 | G8: =rstr_fleet_median | H8: =rstr_fleet_std | I8: =M2b_PeerZScore!B25 | J8: =M2b_PeerZScore!C25 | K8: =M2b_PeerZScore!C9 | L8: =M2b_PeerZScore!D9 | M8: =M2b_PeerZScore!E9 | N8: =M2b_PeerZScore!F25 | O8: =M2b_PeerZScore!G25
A9: pyranometer_avg | B9: WB05-INV05 | C9: WB05 | D9: PV5 | E9: EMPTY | F9: =M2b_PeerZScore!B10 | G9: =rstr_fleet_median | H9: =rstr_fleet_std | I9: =M2b_PeerZScore!B26 | J9: =M2b_PeerZScore!C26 | K9: =M2b_PeerZScore!C10 | L9: =M2b_PeerZScore!D10 | M9: =M2b_PeerZScore!E10 | N9: =M2b_PeerZScore!F26 | O9: =M2b_PeerZScore!G26

Sheet M2b_StatComparison
A1: M2b StatComparison — Z-score mean vs median cross-check
A2: Spec dual-stat: |z_mean| dan |z_median| dievaluasi. flagged_by_mean / flagged_by_median. Median lebih robust ke outlier (PV3 fault tidak skew median sebanyak mean).
A4: PV_string | B4: R_str | C4: z_mean (vs fleet_mean) | D4: z_median (vs fleet_median) | E4: |z_mean| > 2.5? | F4: |z_median| > 2.5? | G4: agree (both flagged)? | H4: diff |z_mean - z_median|
A5: PV1 | B5: =M2b_PeerZScore!B6 | C5: =M2b_PeerZScore!B22 | D5: =M2b_PeerZScore!C22 | E5: =IF(ABS(C5)>cfg_z_threshold,1,0) | F5: =IF(ABS(D5)>cfg_z_threshold,1,0) | G5: =IF(AND(E5=1,F5=1),1,IF(OR(E5=1,F5=1),"disagree",0)) | H5: =IFERROR(ABS(C5-D5),"")
A6: PV2 | B6: =M2b_PeerZScore!B7 | C6: =M2b_PeerZScore!B23 | D6: =M2b_PeerZScore!C23 | E6: =IF(ABS(C6)>cfg_z_threshold,1,0) | F6: =IF(ABS(D6)>cfg_z_threshold,1,0) | G6: =IF(AND(E6=1,F6=1),1,IF(OR(E6=1,F6=1),"disagree",0)) | H6: =IFERROR(ABS(C6-D6),"")
A7: PV3 | B7: =M2b_PeerZScore!B8 | C7: =M2b_PeerZScore!B24 | D7: =M2b_PeerZScore!C24 | E7: =IF(ABS(C7)>cfg_z_threshold,1,0) | F7: =IF(ABS(D7)>cfg_z_threshold,1,0) | G7: =IF(AND(E7=1,F7=1),1,IF(OR(E7=1,F7=1),"disagree",0)) | H7: =IFERROR(ABS(C7-D7),"")
A8: PV4 | B8: =M2b_PeerZScore!B9 | C8: =M2b_PeerZScore!B25 | D8: =M2b_PeerZScore!C25 | E8: =IF(ABS(C8)>cfg_z_threshold,1,0) | F8: =IF(ABS(D8)>cfg_z_threshold,1,0) | G8: =IF(AND(E8=1,F8=1),1,IF(OR(E8=1,F8=1),"disagree",0)) | H8: =IFERROR(ABS(C8-D8),"")
A9: PV5 | B9: =M2b_PeerZScore!B10 | C9: =M2b_PeerZScore!B26 | D9: =M2b_PeerZScore!C26 | E9: =IF(ABS(C9)>cfg_z_threshold,1,0) | F9: =IF(ABS(D9)>cfg_z_threshold,1,0) | G9: =IF(AND(E9=1,F9=1),1,IF(OR(E9=1,F9=1),"disagree",0)) | H9: =IFERROR(ABS(C9-D9),"")

Sheet Hampel_Preprocessing
A1: Hampel Preprocessing — A/B comparison V series original vs Hampel-cleaned
A2: Demo Wave 9: rolling median window 15 (75-min) + MAD-based outlier mask. Approximation of pvanalytics.quality.outliers.hampel(). Toggle via cfg_enabled.
A4: Note: window 15 butuh ≥15 samples. Dummy 24 timestep cukup untuk demo.
A5: Start Time | B5: PV3_V_original | C5: rolling_median (window 15) | D5: abs_dev_from_median | E5: rolling_MAD | F5: deviation_in_MAD_sigma | G5: is_outlier | H5: PV3_V_cleaned
A6: =Helpers_M2b!B5 | B6: =Helpers_M2b!O5 | C6: =MEDIAN(B6:B6) | D6: =ABS(B6-C6) | E6: =MEDIAN(IF(B6:B6>0,ABS(B6:B6-C6))) | F6: =IFERROR(D6/(1.4826*E6),0) | G6: =IF(F6>cfg_hampel_max_deviation,1,0) | H6: =IF(G6=1,"",B6)
A7: =Helpers_M2b!B6 | B7: =Helpers_M2b!O6 | C7: =MEDIAN(B6:B7) | D7: =ABS(B7-C7) | E7: =MEDIAN(IF(B6:B7>0,ABS(B6:B7-C7))) | F7: =IFERROR(D7/(1.4826*E7),0) | G7: =IF(F7>cfg_hampel_max_deviation,1,0) | H7: =IF(G7=1,"",B7)
A8: =Helpers_M2b!B7 | B8: =Helpers_M2b!O7 | C8: =MEDIAN(B6:B8) | D8: =ABS(B8-C8) | E8: =MEDIAN(IF(B6:B8>0,ABS(B6:B8-C8))) | F8: =IFERROR(D8/(1.4826*E8),0) | G8: =IF(F8>cfg_hampel_max_deviation,1,0) | H8: =IF(G8=1,"",B8)
A9: =Helpers_M2b!B8 | B9: =Helpers_M2b!O8 | C9: =MEDIAN(B6:B9) | D9: =ABS(B9-C9) | E9: =MEDIAN(IF(B6:B9>0,ABS(B6:B9-C9))) | F9: =IFERROR(D9/(1.4826*E9),0) | G9: =IF(F9>cfg_hampel_max_deviation,1,0) | H9: =IF(G9=1,"",B9)
A10: =Helpers_M2b!B9 | B10: =Helpers_M2b!O9 | C10: =MEDIAN(B6:B10) | D10: =ABS(B10-C10) | E10: =MEDIAN(IF(B6:B10>0,ABS(B6:B10-C10))) | F10: =IFERROR(D10/(1.4826*E10),0) | G10: =IF(F10>cfg_hampel_max_deviation,1,0) | H10: =IF(G10=1,"",B10)
A11: =Helpers_M2b!B10 | B11: =Helpers_M2b!O10 | C11: =MEDIAN(B6:B11) | D11: =ABS(B11-C11) | E11: =MEDIAN(IF(B6:B11>0,ABS(B6:B11-C11))) | F11: =IFERROR(D11/(1.4826*E11),0) | G11: =IF(F11>cfg_hampel_max_deviation,1,0) | H11: =IF(G11=1,"",B11)
A12: =Helpers_M2b!B11 | B12: =Helpers_M2b!O11 | C12: =MEDIAN(B6:B12) | D12: =ABS(B12-C12) | E12: =MEDIAN(IF(B6:B12>0,ABS(B6:B12-C12))) | F12: =IFERROR(D12/(1.4826*E12),0) | G12: =IF(F12>cfg_hampel_max_deviation,1,0) | H12: =IF(G12=1,"",B12)
A13: =Helpers_M2b!B12 | B13: =Helpers_M2b!O12 | C13: =MEDIAN(B6:B13) | D13: =ABS(B13-C13) | E13: =MEDIAN(IF(B6:B13>0,ABS(B6:B13-C13))) | F13: =IFERROR(D13/(1.4826*E13),0) | G13: =IF(F13>cfg_hampel_max_deviation,1,0) | H13: =IF(G13=1,"",B13)
A14: =Helpers_M2b!B13 | B14: =Helpers_M2b!O13 | C14: =MEDIAN(B6:B14) | D14: =ABS(B14-C14) | E14: =MEDIAN(IF(B6:B14>0,ABS(B6:B14-C14))) | F14: =IFERROR(D14/(1.4826*E14),0) | G14: =IF(F14>cfg_hampel_max_deviation,1,0) | H14: =IF(G14=1,"",B14)
A15: =Helpers_M2b!B14 | B15: =Helpers_M2b!O14 | C15: =MEDIAN(B6:B15) | D15: =ABS(B15-C15) | E15: =MEDIAN(IF(B6:B15>0,ABS(B6:B15-C15))) | F15: =IFERROR(D15/(1.4826*E15),0) | G15: =IF(F15>cfg_hampel_max_deviation,1,0) | H15: =IF(G15=1,"",B15)
A16: =Helpers_M2b!B15 | B16: =Helpers_M2b!O15 | C16: =MEDIAN(B6:B16) | D16: =ABS(B16-C16) | E16: =MEDIAN(IF(B6:B16>0,ABS(B6:B16-C16))) | F16: =IFERROR(D16/(1.4826*E16),0) | G16: =IF(F16>cfg_hampel_max_deviation,1,0) | H16: =IF(G16=1,"",B16)
A17: =Helpers_M2b!B16 | B17: =Helpers_M2b!O16 | C17: =MEDIAN(B6:B17) | D17: =ABS(B17-C17) | E17: =MEDIAN(IF(B6:B17>0,ABS(B6:B17-C17))) | F17: =IFERROR(D17/(1.4826*E17),0) | G17: =IF(F17>cfg_hampel_max_deviation,1,0) | H17: =IF(G17=1,"",B17)
A18: =Helpers_M2b!B17 | B18: =Helpers_M2b!O17 | C18: =MEDIAN(B6:B18) | D18: =ABS(B18-C18) | E18: =MEDIAN(IF(B6:B18>0,ABS(B6:B18-C18))) | F18: =IFERROR(D18/(1.4826*E18),0) | G18: =IF(F18>cfg_hampel_max_deviation,1,0) | H18: =IF(G18=1,"",B18)
A19: =Helpers_M2b!B18 | B19: =Helpers_M2b!O18 | C19: =MEDIAN(B6:B19) | D19: =ABS(B19-C19) | E19: =MEDIAN(IF(B6:B19>0,ABS(B6:B19-C19))) | F19: =IFERROR(D19/(1.4826*E19),0) | G19: =IF(F19>cfg_hampel_max_deviation,1,0) | H19: =IF(G19=1,"",B19)
A20: =Helpers_M2b!B19 | B20: =Helpers_M2b!O19 | C20: =MEDIAN(B6:B20) | D20: =ABS(B20-C20) | E20: =MEDIAN(IF(B6:B20>0,ABS(B6:B20-C20))) | F20: =IFERROR(D20/(1.4826*E20),0) | G20: =IF(F20>cfg_hampel_max_deviation,1,0) | H20: =IF(G20=1,"",B20)
A21: =Helpers_M2b!B20 | B21: =Helpers_M2b!O20 | C21: =MEDIAN(B7:B21) | D21: =ABS(B21-C21) | E21: =MEDIAN(IF(B7:B21>0,ABS(B7:B21-C21))) | F21: =IFERROR(D21/(1.4826*E21),0) | G21: =IF(F21>cfg_hampel_max_deviation,1,0) | H21: =IF(G21=1,"",B21)
A22: =Helpers_M2b!B21 | B22: =Helpers_M2b!O21 | C22: =MEDIAN(B8:B22) | D22: =ABS(B22-C22) | E22: =MEDIAN(IF(B8:B22>0,ABS(B8:B22-C22))) | F22: =IFERROR(D22/(1.4826*E22),0) | G22: =IF(F22>cfg_hampel_max_deviation,1,0) | H22: =IF(G22=1,"",B22)
A23: =Helpers_M2b!B22 | B23: =Helpers_M2b!O22 | C23: =MEDIAN(B9:B23) | D23: =ABS(B23-C23) | E23: =MEDIAN(IF(B9:B23>0,ABS(B9:B23-C23))) | F23: =IFERROR(D23/(1.4826*E23),0) | G23: =IF(F23>cfg_hampel_max_deviation,1,0) | H23: =IF(G23=1,"",B23)
A24: =Helpers_M2b!B23 | B24: =Helpers_M2b!O23 | C24: =MEDIAN(B10:B24) | D24: =ABS(B24-C24) | E24: =MEDIAN(IF(B10:B24>0,ABS(B10:B24-C24))) | F24: =IFERROR(D24/(1.4826*E24),0) | G24: =IF(F24>cfg_hampel_max_deviation,1,0) | H24: =IF(G24=1,"",B24)
A25: =Helpers_M2b!B24 | B25: =Helpers_M2b!O24 | C25: =MEDIAN(B11:B25) | D25: =ABS(B25-C25) | E25: =MEDIAN(IF(B11:B25>0,ABS(B11:B25-C25))) | F25: =IFERROR(D25/(1.4826*E25),0) | G25: =IF(F25>cfg_hampel_max_deviation,1,0) | H25: =IF(G25=1,"",B25)
A26: =Helpers_M2b!B25 | B26: =Helpers_M2b!O25 | C26: =MEDIAN(B12:B26) | D26: =ABS(B26-C26) | E26: =MEDIAN(IF(B12:B26>0,ABS(B12:B26-C26))) | F26: =IFERROR(D26/(1.4826*E26),0) | G26: =IF(F26>cfg_hampel_max_deviation,1,0) | H26: =IF(G26=1,"",B26)
A27: =Helpers_M2b!B26 | B27: =Helpers_M2b!O26 | C27: =MEDIAN(B13:B27) | D27: =ABS(B27-C27) | E27: =MEDIAN(IF(B13:B27>0,ABS(B13:B27-C27))) | F27: =IFERROR(D27/(1.4826*E27),0) | G27: =IF(F27>cfg_hampel_max_deviation,1,0) | H27: =IF(G27=1,"",B27)
A28: =Helpers_M2b!B27 | B28: =Helpers_M2b!O27 | C28: =MEDIAN(B14:B28) | D28: =ABS(B28-C28) | E28: =MEDIAN(IF(B14:B28>0,ABS(B14:B28-C28))) | F28: =IFERROR(D28/(1.4826*E28),0) | G28: =IF(F28>cfg_hampel_max_deviation,1,0) | H28: =IF(G28=1,"",B28)
A29: =Helpers_M2b!B28 | B29: =Helpers_M2b!O28 | C29: =MEDIAN(B15:B29) | D29: =ABS(B29-C29) | E29: =MEDIAN(IF(B15:B29>0,ABS(B15:B29-C29))) | F29: =IFERROR(D29/(1.4826*E29),0) | G29: =IF(F29>cfg_hampel_max_deviation,1,0) | H29: =IF(G29=1,"",B29)
